Well,Pattern,Date,Coeff
INJ-01,P01,,1
INJ-02,P02,,1
INJ-03,P03,,1
INJ-04,P04,,1
INJ-05,P05,,1
INJ-06,P06,,1
INJ-07,P07,,1
INJ-08,P08,,1
INJ-09,P09,,1
INJ-10,P10,,1
INJ-11,P11,,1
INJ-12,P12,,1
INJ-13,P13,,1
INJ-14,P14,,1
INJ-15,P15,,1
INJ-16,P16,,1
PRD-01,P01,,1
PRD-02,P01,,0.4295
PRD-06,P01,,0.3468
PRD-07,P01,,0.1653
PRD-02,P02,,0.5705
PRD-03,P02,,0.5698
PRD-07,P02,,0.2195
PRD-08,P02,,0.2682
PRD-03,P03,,0.4302
PRD-04,P03,,0.8631
PRD-08,P03,,0.2025
PRD-09,P03,,0.3958
PRD-04,P04,,0.1369
PRD-05,P04,,1
PRD-09,P04,,0.0628
PRD-10,P04,,0.2121
PRD-06,P05,,0.6532
PRD-07,P05,,0.3112
PRD-11,P05,,0.7739
PRD-12,P05,,0.354
PRD-07,P06,,0.304
PRD-08,P06,,0.3715
PRD-12,P06,,0.3458
PRD-13,P06,,0.3693
PRD-08,P07,,0.1578
PRD-09,P07,,0.3084
PRD-13,P07,,0.1569
PRD-14,P07,,0.1488
PRD-09,P08,,0.2331
PRD-10,P08,,0.7879
PRD-14,P08,,0.1125
PRD-15,P08,,0.1871
PRD-11,P09,,0.2261
PRD-12,P09,,0.1034
PRD-16,P09,,0.4845
PRD-17,P09,,0.2025
PRD-12,P10,,0.1968
PRD-13,P10,,0.2101
PRD-17,P10,,0.3853
PRD-18,P10,,0.293
PRD-13,P11,,0.2637
PRD-14,P11,,0.2501
PRD-18,P11,,0.3678
PRD-19,P11,,0.285
PRD-14,P12,,0.4887
PRD-15,P12,,0.8129
PRD-19,P12,,0.5568
PRD-20,P12,,0.9799
PRD-16,P13,,0.5155
PRD-17,P13,,0.2154
PRD-21,P13,,1
PRD-22,P13,,0.5226
PRD-17,P14,,0.1968
PRD-18,P14,,0.1497
PRD-22,P14,,0.4774
PRD-23,P14,,0.4414
PRD-18,P15,,0.1894
PRD-19,P15,,0.1468
PRD-23,P15,,0.5586
PRD-24,P15,,0.9277
PRD-19,P16,,0.0114
PRD-20,P16,,0.0201
PRD-24,P16,,0.0723
PRD-25,P16,,1
PRD-13,P06,2020-01-01,0.3999
PRD-13,P07,2020-01-01,0.139
PRD-13,P10,2020-01-01,0.2275
PRD-13,P11,2020-01-01,0.2336
