pattern,well,coefficient
P01,INJ-01,1
P02,INJ-02,1
P03,INJ-03,1
P04,INJ-04,1
P05,INJ-05,1
P06,INJ-06,1
P07,INJ-07,1
P08,INJ-08,1
P09,INJ-09,1
P10,INJ-10,1
P11,INJ-11,1
P12,INJ-12,1
P13,INJ-13,1
P14,INJ-14,1
P15,INJ-15,1
P16,INJ-16,1
P01,PRD-01,1
P01,PRD-02,0.5
P02,PRD-02,0.5
P02,PRD-03,0.5
P03,PRD-03,0.5
P03,PRD-04,0.5
P04,PRD-04,0.5
P04,PRD-05,1
P01,PRD-06,0.5
P05,PRD-06,0.5
P01,PRD-07,0.25
P02,PRD-07,0.25
P05,PRD-07,0.25
P06,PRD-07,0.25
P02,PRD-08,0.25
P03,PRD-08,0.25
P06,PRD-08,0.25
P07,PRD-08,0.25
P03,PRD-09,0.25
P04,PRD-09,0.25
P07,PRD-09,0.25
P08,PRD-09,0.25
P04,PRD-10,0.5
P08,PRD-10,0.5
P05,PRD-11,0.5
P09,PRD-11,0.5
P05,PRD-12,0.25
P06,PRD-12,0.25
P09,PRD-12,0.25
P10,PRD-12,0.25
P06,PRD-13,0.25
P07,PRD-13,0.25
P10,PRD-13,0.25
P11,PRD-13,0.25
P07,PRD-14,0.25
P08,PRD-14,0.25
P11,PRD-14,0.25
P12,PRD-14,0.25
P08,PRD-15,0.5
P12,PRD-15,0.5
P09,PRD-16,0.5
P13,PRD-16,0.5
P09,PRD-17,0.25
P10,PRD-17,0.25
P13,PRD-17,0.25
P14,PRD-17,0.25
P10,PRD-18,0.25
P11,PRD-18,0.25
P14,PRD-18,0.25
P15,PRD-18,0.25
P11,PRD-19,0.25
P12,PRD-19,0.25
P15,PRD-19,0.25
P16,PRD-19,0.25
P12,PRD-20,0.5
P16,PRD-20,0.5
P13,PRD-21,1
P13,PRD-22,0.5
P14,PRD-22,0.5
P14,PRD-23,0.5
P15,PRD-23,0.5
P15,PRD-24,0.5
P16,PRD-24,0.5
P16,PRD-25,1
