Orgunit,Contract,Field,Structure,Substructure,Area,Pattern,Well,Well_Type,X,Y
DEMO-OU,CT-ALPHA,Demo Field,North dome,N1,North,P03,INJ-03,INJECTOR,500,2500
DEMO-OU,CT-ALPHA,Demo Field,North dome,N1,North,P03,PRD-03,PRODUCER,0,2000
DEMO-OU,CT-ALPHA,Demo Field,North dome,N1,North,P03,PRD-04,PRODUCER,0,3000
DEMO-OU,CT-ALPHA,Demo Field,North dome,N1,North,P03,PRD-08,PRODUCER,1000,2000
DEMO-OU,CT-ALPHA,Demo Field,North dome,N1,North,P03,PRD-09,PRODUCER,1000,3000
DEMO-OU,CT-ALPHA,Demo Field,North dome,N1,North,P04,INJ-04,INJECTOR,500,3500
DEMO-OU,CT-ALPHA,Demo Field,North dome,N1,North,P04,PRD-04,PRODUCER,0,3000
DEMO-OU,CT-ALPHA,Demo Field,North dome,N1,North,P04,PRD-05,PRODUCER,0,4000
DEMO-OU,CT-ALPHA,Demo Field,North dome,N1,North,P04,PRD-09,PRODUCER,1000,3000
DEMO-OU,CT-ALPHA,Demo Field,North dome,N1,North,P04,PRD-10,PRODUCER,1000,4000
DEMO-OU,CT-ALPHA,Demo Field,North dome,N1,North,P07,INJ-07,INJECTOR,1500,2500
DEMO-OU,CT-ALPHA,Demo Field,North dome,N1,North,P07,PRD-08,PRODUCER,1000,2000
DEMO-OU,CT-ALPHA,Demo Field,North dome,N1,North,P07,PRD-09,PRODUCER,1000,3000
DEMO-OU,CT-ALPHA,Demo Field,North dome,N1,North,P07,PRD-13,PRODUCER,2000,2000
DEMO-OU,CT-ALPHA,Demo Field,North dome,N1,North,P07,PRD-14,PRODUCER,2000,3000
DEMO-OU,CT-ALPHA,Demo Field,North dome,N1,North,P08,INJ-08,INJECTOR,1500,3500
DEMO-OU,CT-ALPHA,Demo Field,North dome,N1,North,P08,PRD-09,PRODUCER,1000,3000
DEMO-OU,CT-ALPHA,Demo Field,North dome,N1,North,P08,PRD-10,PRODUCER,1000,4000
DEMO-OU,CT-ALPHA,Demo Field,North dome,N1,North,P08,PRD-14,PRODUCER,2000,3000
DEMO-OU,CT-ALPHA,Demo Field,North dome,N1,North,P08,PRD-15,PRODUCER,2000,4000
DEMO-OU,CT-ALPHA,Demo Field,North dome,N1,North,P11,INJ-11,INJECTOR,2500,2500
DEMO-OU,CT-ALPHA,Demo Field,North dome,N1,North,P11,PRD-13,PRODUCER,2000,2000
DEMO-OU,CT-ALPHA,Demo Field,North dome,N1,North,P11,PRD-14,PRODUCER,2000,3000
DEMO-OU,CT-ALPHA,Demo Field,North dome,N1,North,P11,PRD-18,PRODUCER,3000,2000
DEMO-OU,CT-ALPHA,Demo Field,North dome,N1,North,P11,PRD-19,PRODUCER,3000,3000
DEMO-OU,CT-ALPHA,Demo Field,North dome,N1,North,P12,INJ-12,INJECTOR,2500,3500
DEMO-OU,CT-ALPHA,Demo Field,North dome,N1,North,P12,PRD-14,PRODUCER,2000,3000
DEMO-OU,CT-ALPHA,Demo Field,North dome,N1,North,P12,PRD-15,PRODUCER,2000,4000
DEMO-OU,CT-ALPHA,Demo Field,North dome,N1,North,P12,PRD-19,PRODUCER,3000,3000
DEMO-OU,CT-ALPHA,Demo Field,North dome,N1,North,P12,PRD-20,PRODUCER,3000,4000
DEMO-OU,CT-ALPHA,Demo Field,North dome,N1,North,P15,INJ-15,INJECTOR,3500,2500
DEMO-OU,CT-ALPHA,Demo Field,North dome,N1,North,P15,PRD-18,PRODUCER,3000,2000
DEMO-OU,CT-ALPHA,Demo Field,North dome,N1,North,P15,PRD-19,PRODUCER,3000,3000
DEMO-OU,CT-ALPHA,Demo Field,North dome,N1,North,P15,PRD-23,PRODUCER,4000,2000
DEMO-OU,CT-ALPHA,Demo Field,North dome,N1,North,P15,PRD-24,PRODUCER,4000,3000
DEMO-OU,CT-ALPHA,Demo Field,North dome,N1,North,P16,INJ-16,INJECTOR,3500,3500
DEMO-OU,CT-ALPHA,Demo Field,North dome,N1,North,P16,PRD-19,PRODUCER,3000,3000
DEMO-OU,CT-ALPHA,Demo Field,North dome,N1,North,P16,PRD-20,PRODUCER,3000,4000
DEMO-OU,CT-ALPHA,Demo Field,North dome,N1,North,P16,PRD-24,PRODUCER,4000,3000
DEMO-OU,CT-ALPHA,Demo Field,North dome,N1,North,P16,PRD-25,PRODUCER,4000,4000
DEMO-OU,CT-ALPHA,Demo Field,South dome,,South,P01,INJ-01,INJECTOR,500,500
DEMO-OU,CT-ALPHA,Demo Field,South dome,,South,P01,PRD-01,PRODUCER,0,0
DEMO-OU,CT-ALPHA,Demo Field,South dome,,South,P01,PRD-02,PRODUCER,0,1000
DEMO-OU,CT-ALPHA,Demo Field,South dome,,South,P01,PRD-06,PRODUCER,1000,0
DEMO-OU,CT-ALPHA,Demo Field,South dome,,South,P01,PRD-07,PRODUCER,1000,1000
DEMO-OU,CT-ALPHA,Demo Field,South dome,,South,P02,INJ-02,INJECTOR,500,1500
DEMO-OU,CT-ALPHA,Demo Field,South dome,,South,P02,PRD-02,PRODUCER,0,1000
DEMO-OU,CT-ALPHA,Demo Field,South dome,,South,P02,PRD-03,PRODUCER,0,2000
DEMO-OU,CT-ALPHA,Demo Field,South dome,,South,P02,PRD-07,PRODUCER,1000,1000
DEMO-OU,CT-ALPHA,Demo Field,South dome,,South,P02,PRD-08,PRODUCER,1000,2000
DEMO-OU,CT-ALPHA,Demo Field,South dome,,South,P05,INJ-05,INJECTOR,1500,500
DEMO-OU,CT-ALPHA,Demo Field,South dome,,South,P05,PRD-06,PRODUCER,1000,0
DEMO-OU,CT-ALPHA,Demo Field,South dome,,South,P05,PRD-07,PRODUCER,1000,1000
DEMO-OU,CT-ALPHA,Demo Field,South dome,,South,P05,PRD-11,PRODUCER,2000,0
DEMO-OU,CT-ALPHA,Demo Field,South dome,,South,P05,PRD-12,PRODUCER,2000,1000
DEMO-OU,CT-ALPHA,Demo Field,South dome,,South,P06,INJ-06,INJECTOR,1500,1500
DEMO-OU,CT-ALPHA,Demo Field,South dome,,South,P06,PRD-07,PRODUCER,1000,1000
DEMO-OU,CT-ALPHA,Demo Field,South dome,,South,P06,PRD-08,PRODUCER,1000,2000
DEMO-OU,CT-ALPHA,Demo Field,South dome,,South,P06,PRD-12,PRODUCER,2000,1000
DEMO-OU,CT-ALPHA,Demo Field,South dome,,South,P06,PRD-13,PRODUCER,2000,2000
DEMO-OU,CT-ALPHA,Demo Field,South dome,,South,P09,INJ-09,INJECTOR,2500,500
DEMO-OU,CT-ALPHA,Demo Field,South dome,,South,P09,PRD-11,PRODUCER,2000,0
DEMO-OU,CT-ALPHA,Demo Field,South dome,,South,P09,PRD-12,PRODUCER,2000,1000
DEMO-OU,CT-ALPHA,Demo Field,South dome,,South,P09,PRD-16,PRODUCER,3000,0
DEMO-OU,CT-ALPHA,Demo Field,South dome,,South,P09,PRD-17,PRODUCER,3000,1000
DEMO-OU,CT-ALPHA,Demo Field,South dome,,South,P10,INJ-10,INJECTOR,2500,1500
DEMO-OU,CT-ALPHA,Demo Field,South dome,,South,P10,PRD-12,PRODUCER,2000,1000
DEMO-OU,CT-ALPHA,Demo Field,South dome,,South,P10,PRD-13,PRODUCER,2000,2000
DEMO-OU,CT-ALPHA,Demo Field,South dome,,South,P10,PRD-17,PRODUCER,3000,1000
DEMO-OU,CT-ALPHA,Demo Field,South dome,,South,P10,PRD-18,PRODUCER,3000,2000
DEMO-OU,CT-ALPHA,Demo Field,South dome,,South,P13,INJ-13,INJECTOR,3500,500
DEMO-OU,CT-ALPHA,Demo Field,South dome,,South,P13,PRD-16,PRODUCER,3000,0
DEMO-OU,CT-ALPHA,Demo Field,South dome,,South,P13,PRD-17,PRODUCER,3000,1000
DEMO-OU,CT-ALPHA,Demo Field,South dome,,South,P13,PRD-21,PRODUCER,4000,0
DEMO-OU,CT-ALPHA,Demo Field,South dome,,South,P13,PRD-22,PRODUCER,4000,1000
DEMO-OU,CT-ALPHA,Demo Field,South dome,,South,P14,INJ-14,INJECTOR,3500,1500
DEMO-OU,CT-ALPHA,Demo Field,South dome,,South,P14,PRD-17,PRODUCER,3000,1000
DEMO-OU,CT-ALPHA,Demo Field,South dome,,South,P14,PRD-18,PRODUCER,3000,2000
DEMO-OU,CT-ALPHA,Demo Field,South dome,,South,P14,PRD-22,PRODUCER,4000,1000
DEMO-OU,CT-ALPHA,Demo Field,South dome,,South,P14,PRD-23,PRODUCER,4000,2000
DEMO-OU,CT-BETA,Demo Satellite,Satellite high,,Satellite,,SAT-01,PRODUCER,6200,800
DEMO-OU,CT-BETA,Demo Satellite,Satellite high,,Satellite,,SAT-02,PRODUCER,6900,1300
DEMO-OU,CT-BETA,Demo Satellite,Satellite high,,Satellite,,SAT-03,PRODUCER,7500,900
DEMO-OU,CT-BETA,Demo Satellite,Satellite high,,Satellite,,SAT-04,PRODUCER,6500,2100
DEMO-OU,CT-BETA,Demo Satellite,Satellite high,,Satellite,,SAT-05,PRODUCER,7200,2400
DEMO-OU,CT-BETA,Demo Satellite,Satellite high,,Satellite,,SAT-06,PRODUCER,7900,1800
