Well,Sand,Date,VRF,Cobb
INJ-01,A,2012-01-01,8,683
INJ-01,A,2012-04-01,8,683
INJ-01,A,2012-07-01,8,683
INJ-01,A,2012-10-01,8,683
INJ-01,A,2013-01-01,8,683
INJ-01,A,2013-04-01,8,683
INJ-01,A,2013-07-01,8,683
INJ-01,A,2013-10-01,8,683
INJ-01,A,2014-01-01,8,683
INJ-01,A,2014-04-01,8,683
INJ-01,A,2014-07-01,8,683
INJ-01,A,2014-10-01,8,683
INJ-01,A,2015-01-01,8,683
INJ-01,A,2015-04-01,8,683
INJ-01,A,2015-07-01,8,683
INJ-01,A,2015-10-01,8,683
INJ-01,A,2016-01-01,8,683
INJ-01,A,2016-04-01,8,683
INJ-01,A,2016-07-01,8,683
INJ-01,A,2016-10-01,8,683
INJ-01,A,2017-01-01,8,683
INJ-01,A,2017-04-01,8,683
INJ-01,A,2017-07-01,8,683
INJ-01,A,2017-10-01,8,683
INJ-01,A,2018-01-01,8,683
INJ-01,A,2018-04-01,8,683
INJ-01,A,2018-07-01,8,683
INJ-01,A,2018-10-01,8,683
INJ-01,A,2019-01-01,8,683
INJ-01,A,2019-04-01,8,683
INJ-01,A,2019-07-01,8,683
INJ-01,A,2019-10-01,8,683
INJ-01,A,2020-01-01,8,683
INJ-01,A,2020-04-01,8,683
INJ-01,A,2020-07-01,8,683
INJ-01,A,2020-10-01,8,683
INJ-01,A,2021-01-01,8,683
INJ-01,A,2021-04-01,8,683
INJ-01,A,2021-07-01,8,683
INJ-01,A,2021-10-01,8,683
INJ-01,A,2022-01-01,8,683
INJ-01,A,2022-04-01,8,683
INJ-01,A,2022-07-01,8,683
INJ-01,A,2022-10-01,8,683
INJ-01,A,2023-01-01,8,683
INJ-01,A,2023-04-01,8,683
INJ-01,A,2023-07-01,8,683
INJ-01,A,2023-10-01,8,683
INJ-01,A,2024-01-01,8,683
INJ-01,A,2024-04-01,8,683
INJ-01,A,2024-07-01,8,683
INJ-01,A,2024-10-01,8,683
INJ-01,A,2025-01-01,8,683
INJ-01,A,2025-04-01,8,683
INJ-01,A,2025-07-01,8,683
INJ-01,A,2025-10-01,8,683
INJ-01,A,2026-01-01,8,683
INJ-01,A,2026-04-01,8,683
INJ-01,A,2026-07-01,8,683
INJ-01,B,2012-01-01,6,488
INJ-01,B,2012-04-01,6,488
INJ-01,B,2012-07-01,6,488
INJ-01,B,2012-10-01,6,488
INJ-01,B,2013-01-01,6,488
INJ-01,B,2013-04-01,6,488
INJ-01,B,2013-07-01,6,488
INJ-01,B,2013-10-01,6,488
INJ-01,B,2014-01-01,6,488
INJ-01,B,2014-04-01,6,488
INJ-01,B,2014-07-01,6,488
INJ-01,B,2014-10-01,6,488
INJ-01,B,2015-01-01,6,488
INJ-01,B,2015-04-01,6,488
INJ-01,B,2015-07-01,6,488
INJ-01,B,2015-10-01,6,488
INJ-01,B,2016-01-01,6,488
INJ-01,B,2016-04-01,6,488
INJ-01,B,2016-07-01,6,488
INJ-01,B,2016-10-01,6,488
INJ-01,B,2017-01-01,6,488
INJ-01,B,2017-04-01,6,488
INJ-01,B,2017-07-01,6,488
INJ-01,B,2017-10-01,6,488
INJ-01,B,2018-01-01,6,488
INJ-01,B,2018-04-01,6,488
INJ-01,B,2018-07-01,6,488
INJ-01,B,2018-10-01,6,488
INJ-01,B,2019-01-01,6,488
INJ-01,B,2019-04-01,6,488
INJ-01,B,2019-07-01,6,488
INJ-01,B,2019-10-01,6,488
INJ-01,B,2020-01-01,6,488
INJ-01,B,2020-04-01,6,488
INJ-01,B,2020-07-01,6,488
INJ-01,B,2020-10-01,6,488
INJ-01,B,2021-01-01,6,488
INJ-01,B,2021-04-01,6,488
INJ-01,B,2021-07-01,6,488
INJ-01,B,2021-10-01,6,488
INJ-01,B,2022-01-01,6,488
INJ-01,B,2022-04-01,6,488
INJ-01,B,2022-07-01,6,488
INJ-01,B,2022-10-01,6,488
INJ-01,B,2023-01-01,6,488
INJ-01,B,2023-04-01,6,488
INJ-01,B,2023-07-01,6,488
INJ-01,B,2023-10-01,6,488
INJ-01,B,2024-01-01,6,488
INJ-01,B,2024-04-01,6,488
INJ-01,B,2024-07-01,6,488
INJ-01,B,2024-10-01,6,488
INJ-01,B,2025-01-01,6,488
INJ-01,B,2025-04-01,6,488
INJ-01,B,2025-07-01,6,488
INJ-01,B,2025-10-01,6,488
INJ-01,B,2026-01-01,6,488
INJ-01,B,2026-04-01,6,488
INJ-01,B,2026-07-01,6,488
INJ-01,C,2012-01-01,8,640
INJ-01,C,2012-04-01,8,640
INJ-01,C,2012-07-01,8,640
INJ-01,C,2012-10-01,8,640
INJ-01,C,2013-01-01,8,640
INJ-01,C,2013-04-01,8,640
INJ-01,C,2013-07-01,8,640
INJ-01,C,2013-10-01,8,640
INJ-01,C,2014-01-01,8,640
INJ-01,C,2014-04-01,8,640
INJ-01,C,2014-07-01,8,640
INJ-01,C,2014-10-01,8,640
INJ-01,C,2015-01-01,8,640
INJ-01,C,2015-04-01,8,640
INJ-01,C,2015-07-01,8,640
INJ-01,C,2015-10-01,8,640
INJ-01,C,2016-01-01,8,640
INJ-01,C,2016-04-01,8,640
INJ-01,C,2016-07-01,8,640
INJ-01,C,2016-10-01,8,640
INJ-01,C,2017-01-01,8,640
INJ-01,C,2017-04-01,8,640
INJ-01,C,2017-07-01,8,640
INJ-01,C,2017-10-01,8,640
INJ-01,C,2018-01-01,8,640
INJ-01,C,2018-04-01,8,640
INJ-01,C,2018-07-01,8,640
INJ-01,C,2018-10-01,8,640
INJ-01,C,2019-01-01,8,640
INJ-01,C,2019-04-01,8,640
INJ-01,C,2019-07-01,8,640
INJ-01,C,2019-10-01,8,640
INJ-01,C,2020-01-01,8,640
INJ-01,C,2020-04-01,8,640
INJ-01,C,2020-07-01,8,640
INJ-01,C,2020-10-01,8,640
INJ-01,C,2021-01-01,8,640
INJ-01,C,2021-04-01,8,640
INJ-01,C,2021-07-01,8,640
INJ-01,C,2021-10-01,8,640
INJ-01,C,2022-01-01,8,640
INJ-01,C,2022-04-01,8,640
INJ-01,C,2022-07-01,8,640
INJ-01,C,2022-10-01,8,640
INJ-01,C,2023-01-01,8,640
INJ-01,C,2023-04-01,8,640
INJ-01,C,2023-07-01,8,640
INJ-01,C,2023-10-01,8,640
INJ-01,C,2024-01-01,8,640
INJ-01,C,2024-04-01,8,640
INJ-01,C,2024-07-01,8,640
INJ-01,C,2024-10-01,8,640
INJ-01,C,2025-01-01,8,640
INJ-01,C,2025-04-01,8,640
INJ-01,C,2025-07-01,8,640
INJ-01,C,2025-10-01,8,640
INJ-01,C,2026-01-01,8,640
INJ-01,C,2026-04-01,8,640
INJ-01,C,2026-07-01,8,640
INJ-01,D,2012-01-01,4,350
INJ-01,D,2012-04-01,4,350
INJ-01,D,2012-07-01,4,350
INJ-01,D,2012-10-01,4,350
INJ-01,D,2013-01-01,4,350
INJ-01,D,2013-04-01,4,350
INJ-01,D,2013-07-01,4,350
INJ-01,D,2013-10-01,4,350
INJ-01,D,2014-01-01,4,350
INJ-01,D,2014-04-01,4,350
INJ-01,D,2014-07-01,4,350
INJ-01,D,2014-10-01,4,350
INJ-01,D,2015-01-01,4,350
INJ-01,D,2015-04-01,4,350
INJ-01,D,2015-07-01,4,350
INJ-01,D,2015-10-01,4,350
INJ-01,D,2016-01-01,4,350
INJ-01,D,2016-04-01,4,350
INJ-01,D,2016-07-01,4,350
INJ-01,D,2016-10-01,4,350
INJ-01,D,2017-01-01,4,350
INJ-01,D,2017-04-01,4,350
INJ-01,D,2017-07-01,4,350
INJ-01,D,2017-10-01,4,350
INJ-01,D,2018-01-01,4,350
INJ-01,D,2018-04-01,4,350
INJ-01,D,2018-07-01,4,350
INJ-01,D,2018-10-01,4,350
INJ-01,D,2019-01-01,4,350
INJ-01,D,2019-04-01,4,350
INJ-01,D,2019-07-01,4,350
INJ-01,D,2019-10-01,4,350
INJ-01,D,2020-01-01,4,350
INJ-01,D,2020-04-01,4,350
INJ-01,D,2020-07-01,4,350
INJ-01,D,2020-10-01,4,350
INJ-01,D,2021-01-01,4,350
INJ-01,D,2021-04-01,4,350
INJ-01,D,2021-07-01,4,350
INJ-01,D,2021-10-01,4,350
INJ-01,D,2022-01-01,4,350
INJ-01,D,2022-04-01,4,350
INJ-01,D,2022-07-01,4,350
INJ-01,D,2022-10-01,4,350
INJ-01,D,2023-01-01,4,350
INJ-01,D,2023-04-01,4,350
INJ-01,D,2023-07-01,4,350
INJ-01,D,2023-10-01,4,350
INJ-01,D,2024-01-01,4,350
INJ-01,D,2024-04-01,4,350
INJ-01,D,2024-07-01,4,350
INJ-01,D,2024-10-01,4,350
INJ-01,D,2025-01-01,4,350
INJ-01,D,2025-04-01,4,350
INJ-01,D,2025-07-01,4,350
INJ-01,D,2025-10-01,4,350
INJ-01,D,2026-01-01,4,350
INJ-01,D,2026-04-01,4,350
INJ-01,D,2026-07-01,4,350
INJ-01,E,2012-01-01,4,265
INJ-01,E,2012-04-01,4,265
INJ-01,E,2012-07-01,4,265
INJ-01,E,2012-10-01,4,265
INJ-01,E,2013-01-01,4,265
INJ-01,E,2013-04-01,4,265
INJ-01,E,2013-07-01,4,265
INJ-01,E,2013-10-01,4,265
INJ-01,E,2014-01-01,4,265
INJ-01,E,2014-04-01,4,265
INJ-01,E,2014-07-01,4,265
INJ-01,E,2014-10-01,4,265
INJ-01,E,2015-01-01,4,265
INJ-01,E,2015-04-01,4,265
INJ-01,E,2015-07-01,4,265
INJ-01,E,2015-10-01,4,265
INJ-01,E,2016-01-01,4,265
INJ-01,E,2016-04-01,4,265
INJ-01,E,2016-07-01,4,265
INJ-01,E,2016-10-01,4,265
INJ-01,E,2017-01-01,4,265
INJ-01,E,2017-04-01,4,265
INJ-01,E,2017-07-01,4,265
INJ-01,E,2017-10-01,4,265
INJ-01,E,2018-01-01,4,265
INJ-01,E,2018-04-01,4,265
INJ-01,E,2018-07-01,4,265
INJ-01,E,2018-10-01,4,265
INJ-01,E,2019-01-01,4,265
INJ-01,E,2019-04-01,4,265
INJ-01,E,2019-07-01,4,265
INJ-01,E,2019-10-01,4,265
INJ-01,E,2020-01-01,4,265
INJ-01,E,2020-04-01,4,265
INJ-01,E,2020-07-01,4,265
INJ-01,E,2020-10-01,4,265
INJ-01,E,2021-01-01,4,265
INJ-01,E,2021-04-01,4,265
INJ-01,E,2021-07-01,4,265
INJ-01,E,2021-10-01,4,265
INJ-01,E,2022-01-01,4,265
INJ-01,E,2022-04-01,4,265
INJ-01,E,2022-07-01,4,265
INJ-01,E,2022-10-01,4,265
INJ-01,E,2023-01-01,4,265
INJ-01,E,2023-04-01,4,265
INJ-01,E,2023-07-01,4,265
INJ-01,E,2023-10-01,4,265
INJ-01,E,2024-01-01,4,265
INJ-01,E,2024-04-01,4,265
INJ-01,E,2024-07-01,4,265
INJ-01,E,2024-10-01,4,265
INJ-01,E,2025-01-01,4,265
INJ-01,E,2025-04-01,4,265
INJ-01,E,2025-07-01,4,265
INJ-01,E,2025-10-01,4,265
INJ-01,E,2026-01-01,4,265
INJ-01,E,2026-04-01,4,265
INJ-01,E,2026-07-01,4,265
INJ-02,A,2012-01-01,10,641
INJ-02,A,2012-04-01,10,641
INJ-02,A,2012-07-01,10,641
INJ-02,A,2012-10-01,10,641
INJ-02,A,2013-01-01,10,641
INJ-02,A,2013-04-01,10,641
INJ-02,A,2013-07-01,10,641
INJ-02,A,2013-10-01,10,641
INJ-02,A,2014-01-01,10,641
INJ-02,A,2014-04-01,10,641
INJ-02,A,2014-07-01,10,641
INJ-02,A,2014-10-01,10,641
INJ-02,A,2015-01-01,10,641
INJ-02,A,2015-04-01,10,641
INJ-02,A,2015-07-01,10,641
INJ-02,A,2015-10-01,10,641
INJ-02,A,2016-01-01,10,641
INJ-02,A,2016-04-01,10,641
INJ-02,A,2016-07-01,10,641
INJ-02,A,2016-10-01,10,641
INJ-02,A,2017-01-01,10,641
INJ-02,A,2017-04-01,10,641
INJ-02,A,2017-07-01,10,641
INJ-02,A,2017-10-01,10,641
INJ-02,A,2018-01-01,10,641
INJ-02,A,2018-04-01,10,641
INJ-02,A,2018-07-01,10,641
INJ-02,A,2018-10-01,10,641
INJ-02,A,2019-01-01,10,641
INJ-02,A,2019-04-01,10,641
INJ-02,A,2019-07-01,10,641
INJ-02,A,2019-10-01,10,641
INJ-02,A,2020-01-01,10,641
INJ-02,A,2020-04-01,10,641
INJ-02,A,2020-07-01,10,641
INJ-02,A,2020-10-01,10,641
INJ-02,A,2021-01-01,10,641
INJ-02,A,2021-04-01,10,641
INJ-02,A,2021-07-01,10,641
INJ-02,A,2021-10-01,10,641
INJ-02,A,2022-01-01,10,641
INJ-02,A,2022-04-01,10,641
INJ-02,A,2022-07-01,10,641
INJ-02,A,2022-10-01,10,641
INJ-02,A,2023-01-01,10,641
INJ-02,A,2023-04-01,10,641
INJ-02,A,2023-07-01,10,641
INJ-02,A,2023-10-01,10,641
INJ-02,A,2024-01-01,10,641
INJ-02,A,2024-04-01,10,641
INJ-02,A,2024-07-01,10,641
INJ-02,A,2024-10-01,10,641
INJ-02,A,2025-01-01,10,641
INJ-02,A,2025-04-01,10,641
INJ-02,A,2025-07-01,10,641
INJ-02,A,2025-10-01,10,641
INJ-02,A,2026-01-01,10,641
INJ-02,A,2026-04-01,10,641
INJ-02,A,2026-07-01,10,641
INJ-02,B,2012-01-01,6,519
INJ-02,B,2012-04-01,6,519
INJ-02,B,2012-07-01,6,519
INJ-02,B,2012-10-01,6,519
INJ-02,B,2013-01-01,6,519
INJ-02,B,2013-04-01,6,519
INJ-02,B,2013-07-01,6,519
INJ-02,B,2013-10-01,6,519
INJ-02,B,2014-01-01,6,519
INJ-02,B,2014-04-01,6,519
INJ-02,B,2014-07-01,6,519
INJ-02,B,2014-10-01,6,519
INJ-02,B,2015-01-01,6,519
INJ-02,B,2015-04-01,6,519
INJ-02,B,2015-07-01,6,519
INJ-02,B,2015-10-01,6,519
INJ-02,B,2016-01-01,6,519
INJ-02,B,2016-04-01,6,519
INJ-02,B,2016-07-01,6,519
INJ-02,B,2016-10-01,6,519
INJ-02,B,2017-01-01,6,519
INJ-02,B,2017-04-01,6,519
INJ-02,B,2017-07-01,6,519
INJ-02,B,2017-10-01,6,519
INJ-02,B,2018-01-01,6,519
INJ-02,B,2018-04-01,6,519
INJ-02,B,2018-07-01,6,519
INJ-02,B,2018-10-01,6,519
INJ-02,B,2019-01-01,6,519
INJ-02,B,2019-04-01,6,519
INJ-02,B,2019-07-01,6,519
INJ-02,B,2019-10-01,6,519
INJ-02,B,2020-01-01,6,519
INJ-02,B,2020-04-01,6,519
INJ-02,B,2020-07-01,6,519
INJ-02,B,2020-10-01,6,519
INJ-02,B,2021-01-01,6,519
INJ-02,B,2021-04-01,6,519
INJ-02,B,2021-07-01,6,519
INJ-02,B,2021-10-01,6,519
INJ-02,B,2022-01-01,6,519
INJ-02,B,2022-04-01,6,519
INJ-02,B,2022-07-01,6,519
INJ-02,B,2022-10-01,6,519
INJ-02,B,2023-01-01,6,519
INJ-02,B,2023-04-01,6,519
INJ-02,B,2023-07-01,6,519
INJ-02,B,2023-10-01,6,519
INJ-02,B,2024-01-01,6,519
INJ-02,B,2024-04-01,6,519
INJ-02,B,2024-07-01,6,519
INJ-02,B,2024-10-01,6,519
INJ-02,B,2025-01-01,6,519
INJ-02,B,2025-04-01,6,519
INJ-02,B,2025-07-01,6,519
INJ-02,B,2025-10-01,6,519
INJ-02,B,2026-01-01,6,519
INJ-02,B,2026-04-01,6,519
INJ-02,B,2026-07-01,6,519
INJ-02,C,2012-01-01,8,758
INJ-02,C,2012-04-01,8,758
INJ-02,C,2012-07-01,8,758
INJ-02,C,2012-10-01,8,758
INJ-02,C,2013-01-01,8,758
INJ-02,C,2013-04-01,8,758
INJ-02,C,2013-07-01,8,758
INJ-02,C,2013-10-01,8,758
INJ-02,C,2014-01-01,8,758
INJ-02,C,2014-04-01,8,758
INJ-02,C,2014-07-01,8,758
INJ-02,C,2014-10-01,8,758
INJ-02,C,2015-01-01,8,758
INJ-02,C,2015-04-01,8,758
INJ-02,C,2015-07-01,8,758
INJ-02,C,2015-10-01,8,758
INJ-02,C,2016-01-01,8,758
INJ-02,C,2016-04-01,8,758
INJ-02,C,2016-07-01,8,758
INJ-02,C,2016-10-01,8,758
INJ-02,C,2017-01-01,8,758
INJ-02,C,2017-04-01,8,758
INJ-02,C,2017-07-01,8,758
INJ-02,C,2017-10-01,8,758
INJ-02,C,2018-01-01,8,758
INJ-02,C,2018-04-01,8,758
INJ-02,C,2018-07-01,8,758
INJ-02,C,2018-10-01,8,758
INJ-02,C,2019-01-01,8,758
INJ-02,C,2019-04-01,8,758
INJ-02,C,2019-07-01,8,758
INJ-02,C,2019-10-01,8,758
INJ-02,C,2020-01-01,8,758
INJ-02,C,2020-04-01,8,758
INJ-02,C,2020-07-01,8,758
INJ-02,C,2020-10-01,8,758
INJ-02,C,2021-01-01,8,758
INJ-02,C,2021-04-01,8,758
INJ-02,C,2021-07-01,8,758
INJ-02,C,2021-10-01,8,758
INJ-02,C,2022-01-01,8,758
INJ-02,C,2022-04-01,8,758
INJ-02,C,2022-07-01,8,758
INJ-02,C,2022-10-01,8,758
INJ-02,C,2023-01-01,8,758
INJ-02,C,2023-04-01,8,758
INJ-02,C,2023-07-01,8,758
INJ-02,C,2023-10-01,8,758
INJ-02,C,2024-01-01,8,758
INJ-02,C,2024-04-01,8,758
INJ-02,C,2024-07-01,8,758
INJ-02,C,2024-10-01,8,758
INJ-02,C,2025-01-01,8,758
INJ-02,C,2025-04-01,8,758
INJ-02,C,2025-07-01,8,758
INJ-02,C,2025-10-01,8,758
INJ-02,C,2026-01-01,8,758
INJ-02,C,2026-04-01,8,758
INJ-02,C,2026-07-01,8,758
INJ-02,D,2012-01-01,4,382
INJ-02,D,2012-04-01,4,382
INJ-02,D,2012-07-01,4,382
INJ-02,D,2012-10-01,4,382
INJ-02,D,2013-01-01,4,382
INJ-02,D,2013-04-01,4,382
INJ-02,D,2013-07-01,4,382
INJ-02,D,2013-10-01,4,382
INJ-02,D,2014-01-01,4,382
INJ-02,D,2014-04-01,4,382
INJ-02,D,2014-07-01,4,382
INJ-02,D,2014-10-01,4,382
INJ-02,D,2015-01-01,4,382
INJ-02,D,2015-04-01,4,382
INJ-02,D,2015-07-01,4,382
INJ-02,D,2015-10-01,4,382
INJ-02,D,2016-01-01,4,382
INJ-02,D,2016-04-01,4,382
INJ-02,D,2016-07-01,4,382
INJ-02,D,2016-10-01,4,382
INJ-02,D,2017-01-01,4,382
INJ-02,D,2017-04-01,4,382
INJ-02,D,2017-07-01,4,382
INJ-02,D,2017-10-01,4,382
INJ-02,D,2018-01-01,4,382
INJ-02,D,2018-04-01,4,382
INJ-02,D,2018-07-01,4,382
INJ-02,D,2018-10-01,4,382
INJ-02,D,2019-01-01,4,382
INJ-02,D,2019-04-01,4,382
INJ-02,D,2019-07-01,4,382
INJ-02,D,2019-10-01,4,382
INJ-02,D,2020-01-01,4,382
INJ-02,D,2020-04-01,4,382
INJ-02,D,2020-07-01,4,382
INJ-02,D,2020-10-01,4,382
INJ-02,D,2021-01-01,4,382
INJ-02,D,2021-04-01,4,382
INJ-02,D,2021-07-01,4,382
INJ-02,D,2021-10-01,4,382
INJ-02,D,2022-01-01,4,382
INJ-02,D,2022-04-01,4,382
INJ-02,D,2022-07-01,4,382
INJ-02,D,2022-10-01,4,382
INJ-02,D,2023-01-01,4,382
INJ-02,D,2023-04-01,4,382
INJ-02,D,2023-07-01,4,382
INJ-02,D,2023-10-01,4,382
INJ-02,D,2024-01-01,4,382
INJ-02,D,2024-04-01,4,382
INJ-02,D,2024-07-01,4,382
INJ-02,D,2024-10-01,4,382
INJ-02,D,2025-01-01,4,382
INJ-02,D,2025-04-01,4,382
INJ-02,D,2025-07-01,4,382
INJ-02,D,2025-10-01,4,382
INJ-02,D,2026-01-01,4,382
INJ-02,D,2026-04-01,4,382
INJ-02,D,2026-07-01,4,382
INJ-02,E,2012-01-01,4,272
INJ-02,E,2012-04-01,4,272
INJ-02,E,2012-07-01,4,272
INJ-02,E,2012-10-01,4,272
INJ-02,E,2013-01-01,4,272
INJ-02,E,2013-04-01,4,272
INJ-02,E,2013-07-01,4,272
INJ-02,E,2013-10-01,4,272
INJ-02,E,2014-01-01,4,272
INJ-02,E,2014-04-01,4,272
INJ-02,E,2014-07-01,4,272
INJ-02,E,2014-10-01,4,272
INJ-02,E,2015-01-01,4,272
INJ-02,E,2015-04-01,4,272
INJ-02,E,2015-07-01,4,272
INJ-02,E,2015-10-01,4,272
INJ-02,E,2016-01-01,4,272
INJ-02,E,2016-04-01,4,272
INJ-02,E,2016-07-01,4,272
INJ-02,E,2016-10-01,4,272
INJ-02,E,2017-01-01,4,272
INJ-02,E,2017-04-01,4,272
INJ-02,E,2017-07-01,4,272
INJ-02,E,2017-10-01,4,272
INJ-02,E,2018-01-01,4,272
INJ-02,E,2018-04-01,4,272
INJ-02,E,2018-07-01,4,272
INJ-02,E,2018-10-01,4,272
INJ-02,E,2019-01-01,4,272
INJ-02,E,2019-04-01,4,272
INJ-02,E,2019-07-01,4,272
INJ-02,E,2019-10-01,4,272
INJ-02,E,2020-01-01,4,272
INJ-02,E,2020-04-01,4,272
INJ-02,E,2020-07-01,4,272
INJ-02,E,2020-10-01,4,272
INJ-02,E,2021-01-01,4,272
INJ-02,E,2021-04-01,4,272
INJ-02,E,2021-07-01,4,272
INJ-02,E,2021-10-01,4,272
INJ-02,E,2022-01-01,4,272
INJ-02,E,2022-04-01,4,272
INJ-02,E,2022-07-01,4,272
INJ-02,E,2022-10-01,4,272
INJ-02,E,2023-01-01,4,272
INJ-02,E,2023-04-01,4,272
INJ-02,E,2023-07-01,4,272
INJ-02,E,2023-10-01,4,272
INJ-02,E,2024-01-01,4,272
INJ-02,E,2024-04-01,4,272
INJ-02,E,2024-07-01,4,272
INJ-02,E,2024-10-01,4,272
INJ-02,E,2025-01-01,4,272
INJ-02,E,2025-04-01,4,272
INJ-02,E,2025-07-01,4,272
INJ-02,E,2025-10-01,4,272
INJ-02,E,2026-01-01,4,272
INJ-02,E,2026-04-01,4,272
INJ-02,E,2026-07-01,4,272
INJ-03,A,2012-01-01,8,717
INJ-03,A,2012-04-01,8,717
INJ-03,A,2012-07-01,8,717
INJ-03,A,2012-10-01,8,717
INJ-03,A,2013-01-01,8,717
INJ-03,A,2013-04-01,8,717
INJ-03,A,2013-07-01,8,717
INJ-03,A,2013-10-01,8,717
INJ-03,A,2014-01-01,8,717
INJ-03,A,2014-04-01,8,717
INJ-03,A,2014-07-01,8,717
INJ-03,A,2014-10-01,8,717
INJ-03,A,2015-01-01,8,717
INJ-03,A,2015-04-01,8,717
INJ-03,A,2015-07-01,8,717
INJ-03,A,2015-10-01,8,717
INJ-03,A,2016-01-01,8,717
INJ-03,A,2016-04-01,8,717
INJ-03,A,2016-07-01,8,717
INJ-03,A,2016-10-01,8,717
INJ-03,A,2017-01-01,8,717
INJ-03,A,2017-04-01,8,717
INJ-03,A,2017-07-01,8,717
INJ-03,A,2017-10-01,8,717
INJ-03,A,2018-01-01,8,717
INJ-03,A,2018-04-01,8,717
INJ-03,A,2018-07-01,8,717
INJ-03,A,2018-10-01,8,717
INJ-03,A,2019-01-01,8,717
INJ-03,A,2019-04-01,8,717
INJ-03,A,2019-07-01,8,717
INJ-03,A,2019-10-01,8,717
INJ-03,A,2020-01-01,8,717
INJ-03,A,2020-04-01,8,717
INJ-03,A,2020-07-01,8,717
INJ-03,A,2020-10-01,8,717
INJ-03,A,2021-01-01,8,717
INJ-03,A,2021-04-01,8,717
INJ-03,A,2021-07-01,8,717
INJ-03,A,2021-10-01,8,717
INJ-03,A,2022-01-01,8,717
INJ-03,A,2022-04-01,8,717
INJ-03,A,2022-07-01,8,717
INJ-03,A,2022-10-01,8,717
INJ-03,A,2023-01-01,8,717
INJ-03,A,2023-04-01,8,717
INJ-03,A,2023-07-01,8,717
INJ-03,A,2023-10-01,8,717
INJ-03,A,2024-01-01,8,717
INJ-03,A,2024-04-01,8,717
INJ-03,A,2024-07-01,8,717
INJ-03,A,2024-10-01,8,717
INJ-03,A,2025-01-01,8,717
INJ-03,A,2025-04-01,8,717
INJ-03,A,2025-07-01,8,717
INJ-03,A,2025-10-01,8,717
INJ-03,A,2026-01-01,8,717
INJ-03,A,2026-04-01,8,717
INJ-03,A,2026-07-01,8,717
INJ-03,B,2012-01-01,6,590
INJ-03,B,2012-04-01,6,590
INJ-03,B,2012-07-01,6,590
INJ-03,B,2012-10-01,6,590
INJ-03,B,2013-01-01,6,590
INJ-03,B,2013-04-01,6,590
INJ-03,B,2013-07-01,6,590
INJ-03,B,2013-10-01,6,590
INJ-03,B,2014-01-01,6,590
INJ-03,B,2014-04-01,6,590
INJ-03,B,2014-07-01,6,590
INJ-03,B,2014-10-01,6,590
INJ-03,B,2015-01-01,6,590
INJ-03,B,2015-04-01,6,590
INJ-03,B,2015-07-01,6,590
INJ-03,B,2015-10-01,6,590
INJ-03,B,2016-01-01,6,590
INJ-03,B,2016-04-01,6,590
INJ-03,B,2016-07-01,6,590
INJ-03,B,2016-10-01,6,590
INJ-03,B,2017-01-01,6,590
INJ-03,B,2017-04-01,6,590
INJ-03,B,2017-07-01,6,590
INJ-03,B,2017-10-01,6,590
INJ-03,B,2018-01-01,6,590
INJ-03,B,2018-04-01,6,590
INJ-03,B,2018-07-01,6,590
INJ-03,B,2018-10-01,6,590
INJ-03,B,2019-01-01,6,590
INJ-03,B,2019-04-01,6,590
INJ-03,B,2019-07-01,6,590
INJ-03,B,2019-10-01,6,590
INJ-03,B,2020-01-01,6,590
INJ-03,B,2020-04-01,6,590
INJ-03,B,2020-07-01,6,590
INJ-03,B,2020-10-01,6,590
INJ-03,B,2021-01-01,6,590
INJ-03,B,2021-04-01,6,590
INJ-03,B,2021-07-01,6,590
INJ-03,B,2021-10-01,6,590
INJ-03,B,2022-01-01,6,590
INJ-03,B,2022-04-01,6,590
INJ-03,B,2022-07-01,6,590
INJ-03,B,2022-10-01,6,590
INJ-03,B,2023-01-01,6,590
INJ-03,B,2023-04-01,6,590
INJ-03,B,2023-07-01,6,590
INJ-03,B,2023-10-01,6,590
INJ-03,B,2024-01-01,6,590
INJ-03,B,2024-04-01,6,590
INJ-03,B,2024-07-01,6,590
INJ-03,B,2024-10-01,6,590
INJ-03,B,2025-01-01,6,590
INJ-03,B,2025-04-01,6,590
INJ-03,B,2025-07-01,6,590
INJ-03,B,2025-10-01,6,590
INJ-03,B,2026-01-01,6,590
INJ-03,B,2026-04-01,6,590
INJ-03,B,2026-07-01,6,590
INJ-03,C,2012-01-01,8,794
INJ-03,C,2012-04-01,8,794
INJ-03,C,2012-07-01,8,794
INJ-03,C,2012-10-01,8,794
INJ-03,C,2013-01-01,8,794
INJ-03,C,2013-04-01,8,794
INJ-03,C,2013-07-01,8,794
INJ-03,C,2013-10-01,8,794
INJ-03,C,2014-01-01,8,794
INJ-03,C,2014-04-01,8,794
INJ-03,C,2014-07-01,8,794
INJ-03,C,2014-10-01,8,794
INJ-03,C,2015-01-01,8,794
INJ-03,C,2015-04-01,8,794
INJ-03,C,2015-07-01,8,794
INJ-03,C,2015-10-01,8,794
INJ-03,C,2016-01-01,8,794
INJ-03,C,2016-04-01,8,794
INJ-03,C,2016-07-01,8,794
INJ-03,C,2016-10-01,8,794
INJ-03,C,2017-01-01,8,794
INJ-03,C,2017-04-01,8,794
INJ-03,C,2017-07-01,8,794
INJ-03,C,2017-10-01,8,794
INJ-03,C,2018-01-01,8,794
INJ-03,C,2018-04-01,8,794
INJ-03,C,2018-07-01,8,794
INJ-03,C,2018-10-01,8,794
INJ-03,C,2019-01-01,8,794
INJ-03,C,2019-04-01,8,794
INJ-03,C,2019-07-01,8,794
INJ-03,C,2019-10-01,8,794
INJ-03,C,2020-01-01,8,794
INJ-03,C,2020-04-01,8,794
INJ-03,C,2020-07-01,8,794
INJ-03,C,2020-10-01,8,794
INJ-03,C,2021-01-01,8,794
INJ-03,C,2021-04-01,8,794
INJ-03,C,2021-07-01,8,794
INJ-03,C,2021-10-01,8,794
INJ-03,C,2022-01-01,8,794
INJ-03,C,2022-04-01,8,794
INJ-03,C,2022-07-01,8,794
INJ-03,C,2022-10-01,8,794
INJ-03,C,2023-01-01,8,794
INJ-03,C,2023-04-01,8,794
INJ-03,C,2023-07-01,8,794
INJ-03,C,2023-10-01,8,794
INJ-03,C,2024-01-01,8,794
INJ-03,C,2024-04-01,8,794
INJ-03,C,2024-07-01,8,794
INJ-03,C,2024-10-01,8,794
INJ-03,C,2025-01-01,8,794
INJ-03,C,2025-04-01,8,794
INJ-03,C,2025-07-01,8,794
INJ-03,C,2025-10-01,8,794
INJ-03,C,2026-01-01,8,794
INJ-03,C,2026-04-01,8,794
INJ-03,C,2026-07-01,8,794
INJ-03,D,2012-01-01,4,353
INJ-03,D,2012-04-01,4,353
INJ-03,D,2012-07-01,4,353
INJ-03,D,2012-10-01,4,353
INJ-03,D,2013-01-01,4,353
INJ-03,D,2013-04-01,4,353
INJ-03,D,2013-07-01,4,353
INJ-03,D,2013-10-01,4,353
INJ-03,D,2014-01-01,4,353
INJ-03,D,2014-04-01,4,353
INJ-03,D,2014-07-01,4,353
INJ-03,D,2014-10-01,4,353
INJ-03,D,2015-01-01,4,353
INJ-03,D,2015-04-01,4,353
INJ-03,D,2015-07-01,4,353
INJ-03,D,2015-10-01,4,353
INJ-03,D,2016-01-01,4,353
INJ-03,D,2016-04-01,4,353
INJ-03,D,2016-07-01,4,353
INJ-03,D,2016-10-01,4,353
INJ-03,D,2017-01-01,4,353
INJ-03,D,2017-04-01,4,353
INJ-03,D,2017-07-01,4,353
INJ-03,D,2017-10-01,4,353
INJ-03,D,2018-01-01,4,353
INJ-03,D,2018-04-01,4,353
INJ-03,D,2018-07-01,4,353
INJ-03,D,2018-10-01,4,353
INJ-03,D,2019-01-01,4,353
INJ-03,D,2019-04-01,4,353
INJ-03,D,2019-07-01,4,353
INJ-03,D,2019-10-01,4,353
INJ-03,D,2020-01-01,4,353
INJ-03,D,2020-04-01,4,353
INJ-03,D,2020-07-01,4,353
INJ-03,D,2020-10-01,4,353
INJ-03,D,2021-01-01,4,353
INJ-03,D,2021-04-01,4,353
INJ-03,D,2021-07-01,4,353
INJ-03,D,2021-10-01,4,353
INJ-03,D,2022-01-01,4,353
INJ-03,D,2022-04-01,4,353
INJ-03,D,2022-07-01,4,353
INJ-03,D,2022-10-01,4,353
INJ-03,D,2023-01-01,4,353
INJ-03,D,2023-04-01,4,353
INJ-03,D,2023-07-01,4,353
INJ-03,D,2023-10-01,4,353
INJ-03,D,2024-01-01,4,353
INJ-03,D,2024-04-01,4,353
INJ-03,D,2024-07-01,4,353
INJ-03,D,2024-10-01,4,353
INJ-03,D,2025-01-01,4,353
INJ-03,D,2025-04-01,4,353
INJ-03,D,2025-07-01,4,353
INJ-03,D,2025-10-01,4,353
INJ-03,D,2026-01-01,4,353
INJ-03,D,2026-04-01,4,353
INJ-03,D,2026-07-01,4,353
INJ-03,E,2012-01-01,4,279
INJ-03,E,2012-04-01,4,279
INJ-03,E,2012-07-01,4,279
INJ-03,E,2012-10-01,4,279
INJ-03,E,2013-01-01,4,279
INJ-03,E,2013-04-01,4,279
INJ-03,E,2013-07-01,4,279
INJ-03,E,2013-10-01,4,279
INJ-03,E,2014-01-01,4,279
INJ-03,E,2014-04-01,4,279
INJ-03,E,2014-07-01,4,279
INJ-03,E,2014-10-01,4,279
INJ-03,E,2015-01-01,4,279
INJ-03,E,2015-04-01,4,279
INJ-03,E,2015-07-01,4,279
INJ-03,E,2015-10-01,4,279
INJ-03,E,2016-01-01,4,279
INJ-03,E,2016-04-01,4,279
INJ-03,E,2016-07-01,4,279
INJ-03,E,2016-10-01,4,279
INJ-03,E,2017-01-01,4,279
INJ-03,E,2017-04-01,4,279
INJ-03,E,2017-07-01,4,279
INJ-03,E,2017-10-01,4,279
INJ-03,E,2018-01-01,4,279
INJ-03,E,2018-04-01,4,279
INJ-03,E,2018-07-01,4,279
INJ-03,E,2018-10-01,4,279
INJ-03,E,2019-01-01,4,279
INJ-03,E,2019-04-01,4,279
INJ-03,E,2019-07-01,4,279
INJ-03,E,2019-10-01,4,279
INJ-03,E,2020-01-01,4,279
INJ-03,E,2020-04-01,4,279
INJ-03,E,2020-07-01,4,279
INJ-03,E,2020-10-01,4,279
INJ-03,E,2021-01-01,4,279
INJ-03,E,2021-04-01,4,279
INJ-03,E,2021-07-01,4,279
INJ-03,E,2021-10-01,4,279
INJ-03,E,2022-01-01,4,279
INJ-03,E,2022-04-01,4,279
INJ-03,E,2022-07-01,4,279
INJ-03,E,2022-10-01,4,279
INJ-03,E,2023-01-01,4,279
INJ-03,E,2023-04-01,4,279
INJ-03,E,2023-07-01,4,279
INJ-03,E,2023-10-01,4,279
INJ-03,E,2024-01-01,4,279
INJ-03,E,2024-04-01,4,279
INJ-03,E,2024-07-01,4,279
INJ-03,E,2024-10-01,4,279
INJ-03,E,2025-01-01,4,279
INJ-03,E,2025-04-01,4,279
INJ-03,E,2025-07-01,4,279
INJ-03,E,2025-10-01,4,279
INJ-03,E,2026-01-01,4,279
INJ-03,E,2026-04-01,4,279
INJ-03,E,2026-07-01,4,279
INJ-04,A,2021-07-01,8,504
INJ-04,A,2021-10-01,8,504
INJ-04,A,2022-01-01,8,504
INJ-04,A,2022-04-01,8,504
INJ-04,A,2022-07-01,8,504
INJ-04,A,2022-10-01,8,504
INJ-04,A,2023-01-01,8,504
INJ-04,A,2023-04-01,8,504
INJ-04,A,2023-07-01,8,504
INJ-04,A,2023-10-01,8,504
INJ-04,A,2024-01-01,8,504
INJ-04,A,2024-04-01,8,504
INJ-04,A,2024-07-01,8,504
INJ-04,A,2024-10-01,8,504
INJ-04,A,2025-01-01,8,504
INJ-04,A,2025-04-01,8,504
INJ-04,A,2025-07-01,8,504
INJ-04,A,2025-10-01,8,504
INJ-04,A,2026-01-01,8,504
INJ-04,A,2026-04-01,8,504
INJ-04,A,2026-07-01,8,504
INJ-04,B,2021-07-01,6,419
INJ-04,B,2021-10-01,6,419
INJ-04,B,2022-01-01,6,419
INJ-04,B,2022-04-01,6,419
INJ-04,B,2022-07-01,6,419
INJ-04,B,2022-10-01,6,419
INJ-04,B,2023-01-01,6,419
INJ-04,B,2023-04-01,6,419
INJ-04,B,2023-07-01,6,419
INJ-04,B,2023-10-01,6,419
INJ-04,B,2024-01-01,6,419
INJ-04,B,2024-04-01,6,419
INJ-04,B,2024-07-01,6,419
INJ-04,B,2024-10-01,6,419
INJ-04,B,2025-01-01,6,419
INJ-04,B,2025-04-01,6,419
INJ-04,B,2025-07-01,6,419
INJ-04,B,2025-10-01,6,419
INJ-04,B,2026-01-01,6,419
INJ-04,B,2026-04-01,6,419
INJ-04,B,2026-07-01,6,419
INJ-04,C,2021-07-01,8,515
INJ-04,C,2021-10-01,8,515
INJ-04,C,2022-01-01,8,515
INJ-04,C,2022-04-01,8,515
INJ-04,C,2022-07-01,8,515
INJ-04,C,2022-10-01,8,515
INJ-04,C,2023-01-01,8,515
INJ-04,C,2023-04-01,8,515
INJ-04,C,2023-07-01,8,515
INJ-04,C,2023-10-01,8,515
INJ-04,C,2024-01-01,8,515
INJ-04,C,2024-04-01,8,515
INJ-04,C,2024-07-01,8,515
INJ-04,C,2024-10-01,8,515
INJ-04,C,2025-01-01,8,515
INJ-04,C,2025-04-01,8,515
INJ-04,C,2025-07-01,8,515
INJ-04,C,2025-10-01,8,515
INJ-04,C,2026-01-01,8,515
INJ-04,C,2026-04-01,8,515
INJ-04,C,2026-07-01,8,515
INJ-04,D,2021-07-01,4,258
INJ-04,D,2021-10-01,4,258
INJ-04,D,2022-01-01,4,258
INJ-04,D,2022-04-01,4,258
INJ-04,D,2022-07-01,4,258
INJ-04,D,2022-10-01,4,258
INJ-04,D,2023-01-01,4,258
INJ-04,D,2023-04-01,4,258
INJ-04,D,2023-07-01,4,258
INJ-04,D,2023-10-01,4,258
INJ-04,D,2024-01-01,4,258
INJ-04,D,2024-04-01,4,258
INJ-04,D,2024-07-01,4,258
INJ-04,D,2024-10-01,4,258
INJ-04,D,2025-01-01,4,258
INJ-04,D,2025-04-01,4,258
INJ-04,D,2025-07-01,4,258
INJ-04,D,2025-10-01,4,258
INJ-04,D,2026-01-01,4,258
INJ-04,D,2026-04-01,4,258
INJ-04,D,2026-07-01,4,258
INJ-04,E,2021-07-01,4,173
INJ-04,E,2021-10-01,4,173
INJ-04,E,2022-01-01,4,173
INJ-04,E,2022-04-01,4,173
INJ-04,E,2022-07-01,4,173
INJ-04,E,2022-10-01,4,173
INJ-04,E,2023-01-01,4,173
INJ-04,E,2023-04-01,4,173
INJ-04,E,2023-07-01,4,173
INJ-04,E,2023-10-01,4,173
INJ-04,E,2024-01-01,4,173
INJ-04,E,2024-04-01,4,173
INJ-04,E,2024-07-01,4,173
INJ-04,E,2024-10-01,4,173
INJ-04,E,2025-01-01,4,173
INJ-04,E,2025-04-01,4,173
INJ-04,E,2025-07-01,4,173
INJ-04,E,2025-10-01,4,173
INJ-04,E,2026-01-01,4,173
INJ-04,E,2026-04-01,4,173
INJ-04,E,2026-07-01,4,173
INJ-05,A,2012-01-01,8,825
INJ-05,A,2012-04-01,8,825
INJ-05,A,2012-07-01,8,825
INJ-05,A,2012-10-01,8,825
INJ-05,A,2013-01-01,8,825
INJ-05,A,2013-04-01,8,825
INJ-05,A,2013-07-01,8,825
INJ-05,A,2013-10-01,8,825
INJ-05,A,2014-01-01,8,825
INJ-05,A,2014-04-01,8,825
INJ-05,A,2014-07-01,8,825
INJ-05,A,2014-10-01,8,825
INJ-05,A,2015-01-01,8,825
INJ-05,A,2015-04-01,8,825
INJ-05,A,2015-07-01,8,825
INJ-05,A,2015-10-01,8,825
INJ-05,A,2016-01-01,8,825
INJ-05,A,2016-04-01,8,825
INJ-05,A,2016-07-01,8,825
INJ-05,A,2016-10-01,8,825
INJ-05,A,2017-01-01,8,825
INJ-05,A,2017-04-01,8,825
INJ-05,A,2017-07-01,8,825
INJ-05,A,2017-10-01,8,825
INJ-05,A,2018-01-01,8,825
INJ-05,A,2018-04-01,8,825
INJ-05,A,2018-07-01,8,825
INJ-05,A,2018-10-01,8,825
INJ-05,A,2019-01-01,8,825
INJ-05,A,2019-04-01,8,825
INJ-05,A,2019-07-01,8,825
INJ-05,A,2019-10-01,8,825
INJ-05,A,2020-01-01,8,825
INJ-05,A,2020-04-01,8,825
INJ-05,A,2020-07-01,8,825
INJ-05,A,2020-10-01,8,825
INJ-05,A,2021-01-01,8,825
INJ-05,A,2021-04-01,8,825
INJ-05,A,2021-07-01,8,825
INJ-05,A,2021-10-01,8,825
INJ-05,A,2022-01-01,8,825
INJ-05,A,2022-04-01,8,825
INJ-05,A,2022-07-01,8,825
INJ-05,A,2022-10-01,8,825
INJ-05,A,2023-01-01,8,825
INJ-05,A,2023-04-01,8,825
INJ-05,A,2023-07-01,8,825
INJ-05,A,2023-10-01,8,825
INJ-05,A,2024-01-01,8,825
INJ-05,A,2024-04-01,8,825
INJ-05,A,2024-07-01,8,825
INJ-05,A,2024-10-01,8,825
INJ-05,A,2025-01-01,8,825
INJ-05,A,2025-04-01,8,825
INJ-05,A,2025-07-01,8,825
INJ-05,A,2025-10-01,8,825
INJ-05,A,2026-01-01,8,825
INJ-05,A,2026-04-01,8,825
INJ-05,A,2026-07-01,8,825
INJ-05,B,2012-01-01,6,602
INJ-05,B,2012-04-01,6,602
INJ-05,B,2012-07-01,6,602
INJ-05,B,2012-10-01,6,602
INJ-05,B,2013-01-01,6,602
INJ-05,B,2013-04-01,6,602
INJ-05,B,2013-07-01,6,602
INJ-05,B,2013-10-01,6,602
INJ-05,B,2014-01-01,6,602
INJ-05,B,2014-04-01,6,602
INJ-05,B,2014-07-01,6,602
INJ-05,B,2014-10-01,6,602
INJ-05,B,2015-01-01,6,602
INJ-05,B,2015-04-01,6,602
INJ-05,B,2015-07-01,6,602
INJ-05,B,2015-10-01,6,602
INJ-05,B,2016-01-01,6,602
INJ-05,B,2016-04-01,6,602
INJ-05,B,2016-07-01,6,602
INJ-05,B,2016-10-01,6,602
INJ-05,B,2017-01-01,6,602
INJ-05,B,2017-04-01,6,602
INJ-05,B,2017-07-01,6,602
INJ-05,B,2017-10-01,6,602
INJ-05,B,2018-01-01,6,602
INJ-05,B,2018-04-01,6,602
INJ-05,B,2018-07-01,6,602
INJ-05,B,2018-10-01,6,602
INJ-05,B,2019-01-01,6,602
INJ-05,B,2019-04-01,6,602
INJ-05,B,2019-07-01,6,602
INJ-05,B,2019-10-01,6,602
INJ-05,B,2020-01-01,6,602
INJ-05,B,2020-04-01,6,602
INJ-05,B,2020-07-01,6,602
INJ-05,B,2020-10-01,6,602
INJ-05,B,2021-01-01,6,602
INJ-05,B,2021-04-01,6,602
INJ-05,B,2021-07-01,6,602
INJ-05,B,2021-10-01,6,602
INJ-05,B,2022-01-01,6,602
INJ-05,B,2022-04-01,6,602
INJ-05,B,2022-07-01,6,602
INJ-05,B,2022-10-01,6,602
INJ-05,B,2023-01-01,6,602
INJ-05,B,2023-04-01,6,602
INJ-05,B,2023-07-01,6,602
INJ-05,B,2023-10-01,6,602
INJ-05,B,2024-01-01,6,602
INJ-05,B,2024-04-01,6,602
INJ-05,B,2024-07-01,6,602
INJ-05,B,2024-10-01,6,602
INJ-05,B,2025-01-01,6,602
INJ-05,B,2025-04-01,6,602
INJ-05,B,2025-07-01,6,602
INJ-05,B,2025-10-01,6,602
INJ-05,B,2026-01-01,6,602
INJ-05,B,2026-04-01,6,602
INJ-05,B,2026-07-01,6,602
INJ-05,C,2012-01-01,8,879
INJ-05,C,2012-04-01,8,879
INJ-05,C,2012-07-01,8,879
INJ-05,C,2012-10-01,8,879
INJ-05,C,2013-01-01,8,879
INJ-05,C,2013-04-01,8,879
INJ-05,C,2013-07-01,8,879
INJ-05,C,2013-10-01,8,879
INJ-05,C,2014-01-01,8,879
INJ-05,C,2014-04-01,8,879
INJ-05,C,2014-07-01,8,879
INJ-05,C,2014-10-01,8,879
INJ-05,C,2015-01-01,8,879
INJ-05,C,2015-04-01,8,879
INJ-05,C,2015-07-01,8,879
INJ-05,C,2015-10-01,8,879
INJ-05,C,2016-01-01,8,879
INJ-05,C,2016-04-01,8,879
INJ-05,C,2016-07-01,8,879
INJ-05,C,2016-10-01,8,879
INJ-05,C,2017-01-01,8,879
INJ-05,C,2017-04-01,8,879
INJ-05,C,2017-07-01,8,879
INJ-05,C,2017-10-01,8,879
INJ-05,C,2018-01-01,8,879
INJ-05,C,2018-04-01,8,879
INJ-05,C,2018-07-01,8,879
INJ-05,C,2018-10-01,8,879
INJ-05,C,2019-01-01,8,879
INJ-05,C,2019-04-01,8,879
INJ-05,C,2019-07-01,8,879
INJ-05,C,2019-10-01,8,879
INJ-05,C,2020-01-01,8,879
INJ-05,C,2020-04-01,8,879
INJ-05,C,2020-07-01,8,879
INJ-05,C,2020-10-01,8,879
INJ-05,C,2021-01-01,8,879
INJ-05,C,2021-04-01,8,879
INJ-05,C,2021-07-01,8,879
INJ-05,C,2021-10-01,8,879
INJ-05,C,2022-01-01,8,879
INJ-05,C,2022-04-01,8,879
INJ-05,C,2022-07-01,8,879
INJ-05,C,2022-10-01,8,879
INJ-05,C,2023-01-01,8,879
INJ-05,C,2023-04-01,8,879
INJ-05,C,2023-07-01,8,879
INJ-05,C,2023-10-01,8,879
INJ-05,C,2024-01-01,8,879
INJ-05,C,2024-04-01,8,879
INJ-05,C,2024-07-01,8,879
INJ-05,C,2024-10-01,8,879
INJ-05,C,2025-01-01,8,879
INJ-05,C,2025-04-01,8,879
INJ-05,C,2025-07-01,8,879
INJ-05,C,2025-10-01,8,879
INJ-05,C,2026-01-01,8,879
INJ-05,C,2026-04-01,8,879
INJ-05,C,2026-07-01,8,879
INJ-05,D,2012-01-01,4,373
INJ-05,D,2012-04-01,4,373
INJ-05,D,2012-07-01,4,373
INJ-05,D,2012-10-01,4,373
INJ-05,D,2013-01-01,4,373
INJ-05,D,2013-04-01,4,373
INJ-05,D,2013-07-01,4,373
INJ-05,D,2013-10-01,4,373
INJ-05,D,2014-01-01,4,373
INJ-05,D,2014-04-01,4,373
INJ-05,D,2014-07-01,4,373
INJ-05,D,2014-10-01,4,373
INJ-05,D,2015-01-01,4,373
INJ-05,D,2015-04-01,4,373
INJ-05,D,2015-07-01,4,373
INJ-05,D,2015-10-01,4,373
INJ-05,D,2016-01-01,4,373
INJ-05,D,2016-04-01,4,373
INJ-05,D,2016-07-01,4,373
INJ-05,D,2016-10-01,4,373
INJ-05,D,2017-01-01,4,373
INJ-05,D,2017-04-01,4,373
INJ-05,D,2017-07-01,4,373
INJ-05,D,2017-10-01,4,373
INJ-05,D,2018-01-01,4,373
INJ-05,D,2018-04-01,4,373
INJ-05,D,2018-07-01,4,373
INJ-05,D,2018-10-01,4,373
INJ-05,D,2019-01-01,4,373
INJ-05,D,2019-04-01,4,373
INJ-05,D,2019-07-01,4,373
INJ-05,D,2019-10-01,4,373
INJ-05,D,2020-01-01,4,373
INJ-05,D,2020-04-01,4,373
INJ-05,D,2020-07-01,4,373
INJ-05,D,2020-10-01,4,373
INJ-05,D,2021-01-01,4,373
INJ-05,D,2021-04-01,4,373
INJ-05,D,2021-07-01,4,373
INJ-05,D,2021-10-01,4,373
INJ-05,D,2022-01-01,4,373
INJ-05,D,2022-04-01,4,373
INJ-05,D,2022-07-01,4,373
INJ-05,D,2022-10-01,4,373
INJ-05,D,2023-01-01,4,373
INJ-05,D,2023-04-01,4,373
INJ-05,D,2023-07-01,4,373
INJ-05,D,2023-10-01,4,373
INJ-05,D,2024-01-01,4,373
INJ-05,D,2024-04-01,4,373
INJ-05,D,2024-07-01,4,373
INJ-05,D,2024-10-01,4,373
INJ-05,D,2025-01-01,4,373
INJ-05,D,2025-04-01,4,373
INJ-05,D,2025-07-01,4,373
INJ-05,D,2025-10-01,4,373
INJ-05,D,2026-01-01,4,373
INJ-05,D,2026-04-01,4,373
INJ-05,D,2026-07-01,4,373
INJ-05,E,2012-01-01,4,305
INJ-05,E,2012-04-01,4,305
INJ-05,E,2012-07-01,4,305
INJ-05,E,2012-10-01,4,305
INJ-05,E,2013-01-01,4,305
INJ-05,E,2013-04-01,4,305
INJ-05,E,2013-07-01,4,305
INJ-05,E,2013-10-01,4,305
INJ-05,E,2014-01-01,4,305
INJ-05,E,2014-04-01,4,305
INJ-05,E,2014-07-01,4,305
INJ-05,E,2014-10-01,4,305
INJ-05,E,2015-01-01,4,305
INJ-05,E,2015-04-01,4,305
INJ-05,E,2015-07-01,4,305
INJ-05,E,2015-10-01,4,305
INJ-05,E,2016-01-01,4,305
INJ-05,E,2016-04-01,4,305
INJ-05,E,2016-07-01,4,305
INJ-05,E,2016-10-01,4,305
INJ-05,E,2017-01-01,4,305
INJ-05,E,2017-04-01,4,305
INJ-05,E,2017-07-01,4,305
INJ-05,E,2017-10-01,4,305
INJ-05,E,2018-01-01,4,305
INJ-05,E,2018-04-01,4,305
INJ-05,E,2018-07-01,4,305
INJ-05,E,2018-10-01,4,305
INJ-05,E,2019-01-01,4,305
INJ-05,E,2019-04-01,4,305
INJ-05,E,2019-07-01,4,305
INJ-05,E,2019-10-01,4,305
INJ-05,E,2020-01-01,4,305
INJ-05,E,2020-04-01,4,305
INJ-05,E,2020-07-01,4,305
INJ-05,E,2020-10-01,4,305
INJ-05,E,2021-01-01,4,305
INJ-05,E,2021-04-01,4,305
INJ-05,E,2021-07-01,4,305
INJ-05,E,2021-10-01,4,305
INJ-05,E,2022-01-01,4,305
INJ-05,E,2022-04-01,4,305
INJ-05,E,2022-07-01,4,305
INJ-05,E,2022-10-01,4,305
INJ-05,E,2023-01-01,4,305
INJ-05,E,2023-04-01,4,305
INJ-05,E,2023-07-01,4,305
INJ-05,E,2023-10-01,4,305
INJ-05,E,2024-01-01,4,305
INJ-05,E,2024-04-01,4,305
INJ-05,E,2024-07-01,4,305
INJ-05,E,2024-10-01,4,305
INJ-05,E,2025-01-01,4,305
INJ-05,E,2025-04-01,4,305
INJ-05,E,2025-07-01,4,305
INJ-05,E,2025-10-01,4,305
INJ-05,E,2026-01-01,4,305
INJ-05,E,2026-04-01,4,305
INJ-05,E,2026-07-01,4,305
INJ-06,A,2012-01-01,8,707
INJ-06,A,2012-04-01,8,707
INJ-06,A,2012-07-01,8,707
INJ-06,A,2012-10-01,8,707
INJ-06,A,2013-01-01,8,707
INJ-06,A,2013-04-01,8,707
INJ-06,A,2013-07-01,8,707
INJ-06,A,2013-10-01,8,707
INJ-06,A,2014-01-01,8,707
INJ-06,A,2014-04-01,8,707
INJ-06,A,2014-07-01,8,707
INJ-06,A,2014-10-01,8,707
INJ-06,A,2015-01-01,8,707
INJ-06,A,2015-04-01,8,707
INJ-06,A,2015-07-01,8,707
INJ-06,A,2015-10-01,8,707
INJ-06,A,2016-01-01,8,707
INJ-06,A,2016-04-01,8,707
INJ-06,A,2016-07-01,8,707
INJ-06,A,2016-10-01,8,707
INJ-06,A,2017-01-01,8,707
INJ-06,A,2017-04-01,8,707
INJ-06,A,2017-07-01,8,707
INJ-06,A,2017-10-01,8,707
INJ-06,A,2018-01-01,8,707
INJ-06,A,2018-04-01,8,707
INJ-06,A,2018-07-01,8,707
INJ-06,A,2018-10-01,8,707
INJ-06,A,2019-01-01,8,707
INJ-06,A,2019-04-01,8,707
INJ-06,A,2019-07-01,8,707
INJ-06,A,2019-10-01,8,707
INJ-06,A,2020-01-01,8,707
INJ-06,A,2020-04-01,8,707
INJ-06,A,2020-07-01,8,707
INJ-06,A,2020-10-01,8,707
INJ-06,A,2021-01-01,8,707
INJ-06,A,2021-04-01,8,707
INJ-06,A,2021-07-01,8,707
INJ-06,A,2021-10-01,8,707
INJ-06,A,2022-01-01,8,707
INJ-06,A,2022-04-01,8,707
INJ-06,A,2022-07-01,8,707
INJ-06,A,2022-10-01,8,707
INJ-06,A,2023-01-01,8,707
INJ-06,A,2023-04-01,8,707
INJ-06,A,2023-07-01,8,707
INJ-06,A,2023-10-01,8,707
INJ-06,A,2024-01-01,8,707
INJ-06,A,2024-04-01,8,707
INJ-06,A,2024-07-01,8,707
INJ-06,A,2024-10-01,8,707
INJ-06,A,2025-01-01,8,707
INJ-06,A,2025-04-01,8,707
INJ-06,A,2025-07-01,8,707
INJ-06,A,2025-10-01,8,707
INJ-06,A,2026-01-01,8,707
INJ-06,A,2026-04-01,8,707
INJ-06,A,2026-07-01,8,707
INJ-06,B,2012-01-01,6,523
INJ-06,B,2012-04-01,6,523
INJ-06,B,2012-07-01,6,523
INJ-06,B,2012-10-01,6,523
INJ-06,B,2013-01-01,6,523
INJ-06,B,2013-04-01,6,523
INJ-06,B,2013-07-01,6,523
INJ-06,B,2013-10-01,6,523
INJ-06,B,2014-01-01,6,523
INJ-06,B,2014-04-01,6,523
INJ-06,B,2014-07-01,6,523
INJ-06,B,2014-10-01,6,523
INJ-06,B,2015-01-01,6,523
INJ-06,B,2015-04-01,6,523
INJ-06,B,2015-07-01,6,523
INJ-06,B,2015-10-01,6,523
INJ-06,B,2016-01-01,6,523
INJ-06,B,2016-04-01,6,523
INJ-06,B,2016-07-01,6,523
INJ-06,B,2016-10-01,6,523
INJ-06,B,2017-01-01,6,523
INJ-06,B,2017-04-01,6,523
INJ-06,B,2017-07-01,6,523
INJ-06,B,2017-10-01,6,523
INJ-06,B,2018-01-01,6,523
INJ-06,B,2018-04-01,6,523
INJ-06,B,2018-07-01,6,523
INJ-06,B,2018-10-01,6,523
INJ-06,B,2019-01-01,6,523
INJ-06,B,2019-04-01,6,523
INJ-06,B,2019-07-01,6,523
INJ-06,B,2019-10-01,6,523
INJ-06,B,2020-01-01,6,523
INJ-06,B,2020-04-01,6,523
INJ-06,B,2020-07-01,6,523
INJ-06,B,2020-10-01,6,523
INJ-06,B,2021-01-01,6,523
INJ-06,B,2021-04-01,6,523
INJ-06,B,2021-07-01,6,523
INJ-06,B,2021-10-01,6,523
INJ-06,B,2022-01-01,6,523
INJ-06,B,2022-04-01,6,523
INJ-06,B,2022-07-01,6,523
INJ-06,B,2022-10-01,6,523
INJ-06,B,2023-01-01,6,523
INJ-06,B,2023-04-01,6,523
INJ-06,B,2023-07-01,6,523
INJ-06,B,2023-10-01,6,523
INJ-06,B,2024-01-01,6,523
INJ-06,B,2024-04-01,6,523
INJ-06,B,2024-07-01,6,523
INJ-06,B,2024-10-01,6,523
INJ-06,B,2025-01-01,6,523
INJ-06,B,2025-04-01,6,523
INJ-06,B,2025-07-01,6,523
INJ-06,B,2025-10-01,6,523
INJ-06,B,2026-01-01,6,523
INJ-06,B,2026-04-01,6,523
INJ-06,B,2026-07-01,6,523
INJ-06,C,2012-01-01,8,809
INJ-06,C,2012-04-01,8,809
INJ-06,C,2012-07-01,8,809
INJ-06,C,2012-10-01,8,809
INJ-06,C,2013-01-01,8,809
INJ-06,C,2013-04-01,8,809
INJ-06,C,2013-07-01,8,809
INJ-06,C,2013-10-01,8,809
INJ-06,C,2014-01-01,8,809
INJ-06,C,2014-04-01,8,809
INJ-06,C,2014-07-01,8,809
INJ-06,C,2014-10-01,8,809
INJ-06,C,2015-01-01,8,809
INJ-06,C,2015-04-01,8,809
INJ-06,C,2015-07-01,8,809
INJ-06,C,2015-10-01,8,809
INJ-06,C,2016-01-01,8,809
INJ-06,C,2016-04-01,8,809
INJ-06,C,2016-07-01,8,809
INJ-06,C,2016-10-01,8,809
INJ-06,C,2017-01-01,8,809
INJ-06,C,2017-04-01,8,809
INJ-06,C,2017-07-01,8,809
INJ-06,C,2017-10-01,8,809
INJ-06,C,2018-01-01,8,809
INJ-06,C,2018-04-01,8,809
INJ-06,C,2018-07-01,8,809
INJ-06,C,2018-10-01,8,809
INJ-06,C,2019-01-01,8,809
INJ-06,C,2019-04-01,8,809
INJ-06,C,2019-07-01,8,809
INJ-06,C,2019-10-01,8,809
INJ-06,C,2020-01-01,8,809
INJ-06,C,2020-04-01,8,809
INJ-06,C,2020-07-01,8,809
INJ-06,C,2020-10-01,8,809
INJ-06,C,2021-01-01,8,809
INJ-06,C,2021-04-01,8,809
INJ-06,C,2021-07-01,8,809
INJ-06,C,2021-10-01,8,809
INJ-06,C,2022-01-01,8,809
INJ-06,C,2022-04-01,8,809
INJ-06,C,2022-07-01,8,809
INJ-06,C,2022-10-01,8,809
INJ-06,C,2023-01-01,8,809
INJ-06,C,2023-04-01,8,809
INJ-06,C,2023-07-01,8,809
INJ-06,C,2023-10-01,8,809
INJ-06,C,2024-01-01,8,809
INJ-06,C,2024-04-01,8,809
INJ-06,C,2024-07-01,8,809
INJ-06,C,2024-10-01,8,809
INJ-06,C,2025-01-01,8,809
INJ-06,C,2025-04-01,8,809
INJ-06,C,2025-07-01,8,809
INJ-06,C,2025-10-01,8,809
INJ-06,C,2026-01-01,8,809
INJ-06,C,2026-04-01,8,809
INJ-06,C,2026-07-01,8,809
INJ-06,D,2012-01-01,4,369
INJ-06,D,2012-04-01,4,369
INJ-06,D,2012-07-01,4,369
INJ-06,D,2012-10-01,4,369
INJ-06,D,2013-01-01,4,369
INJ-06,D,2013-04-01,4,369
INJ-06,D,2013-07-01,4,369
INJ-06,D,2013-10-01,4,369
INJ-06,D,2014-01-01,4,369
INJ-06,D,2014-04-01,4,369
INJ-06,D,2014-07-01,4,369
INJ-06,D,2014-10-01,4,369
INJ-06,D,2015-01-01,4,369
INJ-06,D,2015-04-01,4,369
INJ-06,D,2015-07-01,4,369
INJ-06,D,2015-10-01,4,369
INJ-06,D,2016-01-01,4,369
INJ-06,D,2016-04-01,4,369
INJ-06,D,2016-07-01,4,369
INJ-06,D,2016-10-01,4,369
INJ-06,D,2017-01-01,4,369
INJ-06,D,2017-04-01,4,369
INJ-06,D,2017-07-01,4,369
INJ-06,D,2017-10-01,4,369
INJ-06,D,2018-01-01,4,369
INJ-06,D,2018-04-01,4,369
INJ-06,D,2018-07-01,4,369
INJ-06,D,2018-10-01,4,369
INJ-06,D,2019-01-01,4,369
INJ-06,D,2019-04-01,4,369
INJ-06,D,2019-07-01,4,369
INJ-06,D,2019-10-01,4,369
INJ-06,D,2020-01-01,4,369
INJ-06,D,2020-04-01,4,369
INJ-06,D,2020-07-01,4,369
INJ-06,D,2020-10-01,4,369
INJ-06,D,2021-01-01,4,369
INJ-06,D,2021-04-01,4,369
INJ-06,D,2021-07-01,4,369
INJ-06,D,2021-10-01,4,369
INJ-06,D,2022-01-01,4,369
INJ-06,D,2022-04-01,4,369
INJ-06,D,2022-07-01,4,369
INJ-06,D,2022-10-01,4,369
INJ-06,D,2023-01-01,4,369
INJ-06,D,2023-04-01,4,369
INJ-06,D,2023-07-01,4,369
INJ-06,D,2023-10-01,4,369
INJ-06,D,2024-01-01,4,369
INJ-06,D,2024-04-01,4,369
INJ-06,D,2024-07-01,4,369
INJ-06,D,2024-10-01,4,369
INJ-06,D,2025-01-01,4,369
INJ-06,D,2025-04-01,4,369
INJ-06,D,2025-07-01,4,369
INJ-06,D,2025-10-01,4,369
INJ-06,D,2026-01-01,4,369
INJ-06,D,2026-04-01,4,369
INJ-06,D,2026-07-01,4,369
INJ-06,E,2012-01-01,4,267
INJ-06,E,2012-04-01,4,267
INJ-06,E,2012-07-01,4,267
INJ-06,E,2012-10-01,4,267
INJ-06,E,2013-01-01,4,267
INJ-06,E,2013-04-01,4,267
INJ-06,E,2013-07-01,4,267
INJ-06,E,2013-10-01,4,267
INJ-06,E,2014-01-01,4,267
INJ-06,E,2014-04-01,4,267
INJ-06,E,2014-07-01,4,267
INJ-06,E,2014-10-01,4,267
INJ-06,E,2015-01-01,4,267
INJ-06,E,2015-04-01,4,267
INJ-06,E,2015-07-01,4,267
INJ-06,E,2015-10-01,4,267
INJ-06,E,2016-01-01,4,267
INJ-06,E,2016-04-01,4,267
INJ-06,E,2016-07-01,4,267
INJ-06,E,2016-10-01,4,267
INJ-06,E,2017-01-01,4,267
INJ-06,E,2017-04-01,4,267
INJ-06,E,2017-07-01,4,267
INJ-06,E,2017-10-01,4,267
INJ-06,E,2018-01-01,4,267
INJ-06,E,2018-04-01,4,267
INJ-06,E,2018-07-01,4,267
INJ-06,E,2018-10-01,4,267
INJ-06,E,2019-01-01,4,267
INJ-06,E,2019-04-01,4,267
INJ-06,E,2019-07-01,4,267
INJ-06,E,2019-10-01,4,267
INJ-06,E,2020-01-01,4,267
INJ-06,E,2020-04-01,4,267
INJ-06,E,2020-07-01,4,267
INJ-06,E,2020-10-01,4,267
INJ-06,E,2021-01-01,4,267
INJ-06,E,2021-04-01,4,267
INJ-06,E,2021-07-01,4,267
INJ-06,E,2021-10-01,4,267
INJ-06,E,2022-01-01,4,267
INJ-06,E,2022-04-01,4,267
INJ-06,E,2022-07-01,4,267
INJ-06,E,2022-10-01,4,267
INJ-06,E,2023-01-01,4,267
INJ-06,E,2023-04-01,4,267
INJ-06,E,2023-07-01,4,267
INJ-06,E,2023-10-01,4,267
INJ-06,E,2024-01-01,4,267
INJ-06,E,2024-04-01,4,267
INJ-06,E,2024-07-01,4,267
INJ-06,E,2024-10-01,4,267
INJ-06,E,2025-01-01,4,267
INJ-06,E,2025-04-01,4,267
INJ-06,E,2025-07-01,4,267
INJ-06,E,2025-10-01,4,267
INJ-06,E,2026-01-01,4,267
INJ-06,E,2026-04-01,4,267
INJ-06,E,2026-07-01,4,267
INJ-07,A,2012-01-01,8,648
INJ-07,A,2012-04-01,8,648
INJ-07,A,2012-07-01,8,648
INJ-07,A,2012-10-01,8,648
INJ-07,A,2013-01-01,8,648
INJ-07,A,2013-04-01,8,648
INJ-07,A,2013-07-01,8,648
INJ-07,A,2013-10-01,8,648
INJ-07,A,2014-01-01,8,648
INJ-07,A,2014-04-01,8,648
INJ-07,A,2014-07-01,8,648
INJ-07,A,2014-10-01,8,648
INJ-07,A,2015-01-01,8,648
INJ-07,A,2015-04-01,8,648
INJ-07,A,2015-07-01,8,648
INJ-07,A,2015-10-01,8,648
INJ-07,A,2016-01-01,8,648
INJ-07,A,2016-04-01,8,648
INJ-07,A,2016-07-01,8,648
INJ-07,A,2016-10-01,8,648
INJ-07,A,2017-01-01,8,648
INJ-07,A,2017-04-01,8,648
INJ-07,A,2017-07-01,8,648
INJ-07,A,2017-10-01,8,648
INJ-07,A,2018-01-01,8,648
INJ-07,A,2018-04-01,8,648
INJ-07,A,2018-07-01,8,648
INJ-07,A,2018-10-01,8,648
INJ-07,A,2019-01-01,8,648
INJ-07,A,2019-04-01,8,648
INJ-07,A,2019-07-01,8,648
INJ-07,A,2019-10-01,8,648
INJ-07,A,2020-01-01,8,648
INJ-07,A,2020-04-01,8,648
INJ-07,A,2020-07-01,8,648
INJ-07,A,2020-10-01,8,648
INJ-07,A,2021-01-01,8,648
INJ-07,A,2021-04-01,8,648
INJ-07,A,2021-07-01,8,648
INJ-07,A,2021-10-01,8,648
INJ-07,A,2022-01-01,8,648
INJ-07,A,2022-04-01,8,648
INJ-07,A,2022-07-01,8,648
INJ-07,A,2022-10-01,8,648
INJ-07,A,2023-01-01,8,648
INJ-07,A,2023-04-01,8,648
INJ-07,A,2023-07-01,8,648
INJ-07,A,2023-10-01,8,648
INJ-07,A,2024-01-01,8,648
INJ-07,A,2024-04-01,8,648
INJ-07,A,2024-07-01,8,648
INJ-07,A,2024-10-01,8,648
INJ-07,A,2025-01-01,8,648
INJ-07,A,2025-04-01,8,648
INJ-07,A,2025-07-01,8,648
INJ-07,A,2025-10-01,8,648
INJ-07,A,2026-01-01,8,648
INJ-07,A,2026-04-01,8,648
INJ-07,A,2026-07-01,8,648
INJ-07,B,2012-01-01,6,511
INJ-07,B,2012-04-01,6,511
INJ-07,B,2012-07-01,6,511
INJ-07,B,2012-10-01,6,511
INJ-07,B,2013-01-01,6,511
INJ-07,B,2013-04-01,6,511
INJ-07,B,2013-07-01,6,511
INJ-07,B,2013-10-01,6,511
INJ-07,B,2014-01-01,6,511
INJ-07,B,2014-04-01,6,511
INJ-07,B,2014-07-01,6,511
INJ-07,B,2014-10-01,6,511
INJ-07,B,2015-01-01,6,511
INJ-07,B,2015-04-01,6,511
INJ-07,B,2015-07-01,6,511
INJ-07,B,2015-10-01,6,511
INJ-07,B,2016-01-01,6,511
INJ-07,B,2016-04-01,6,511
INJ-07,B,2016-07-01,6,511
INJ-07,B,2016-10-01,6,511
INJ-07,B,2017-01-01,6,511
INJ-07,B,2017-04-01,6,511
INJ-07,B,2017-07-01,6,511
INJ-07,B,2017-10-01,6,511
INJ-07,B,2018-01-01,6,511
INJ-07,B,2018-04-01,6,511
INJ-07,B,2018-07-01,6,511
INJ-07,B,2018-10-01,6,511
INJ-07,B,2019-01-01,6,511
INJ-07,B,2019-04-01,6,511
INJ-07,B,2019-07-01,6,511
INJ-07,B,2019-10-01,6,511
INJ-07,B,2020-01-01,6,511
INJ-07,B,2020-04-01,6,511
INJ-07,B,2020-07-01,6,511
INJ-07,B,2020-10-01,6,511
INJ-07,B,2021-01-01,6,511
INJ-07,B,2021-04-01,6,511
INJ-07,B,2021-07-01,6,511
INJ-07,B,2021-10-01,6,511
INJ-07,B,2022-01-01,6,511
INJ-07,B,2022-04-01,6,511
INJ-07,B,2022-07-01,6,511
INJ-07,B,2022-10-01,6,511
INJ-07,B,2023-01-01,6,511
INJ-07,B,2023-04-01,6,511
INJ-07,B,2023-07-01,6,511
INJ-07,B,2023-10-01,6,511
INJ-07,B,2024-01-01,6,511
INJ-07,B,2024-04-01,6,511
INJ-07,B,2024-07-01,6,511
INJ-07,B,2024-10-01,6,511
INJ-07,B,2025-01-01,6,511
INJ-07,B,2025-04-01,6,511
INJ-07,B,2025-07-01,6,511
INJ-07,B,2025-10-01,6,511
INJ-07,B,2026-01-01,6,511
INJ-07,B,2026-04-01,6,511
INJ-07,B,2026-07-01,6,511
INJ-07,C,2012-01-01,8,632
INJ-07,C,2012-04-01,8,632
INJ-07,C,2012-07-01,8,632
INJ-07,C,2012-10-01,8,632
INJ-07,C,2013-01-01,8,632
INJ-07,C,2013-04-01,8,632
INJ-07,C,2013-07-01,8,632
INJ-07,C,2013-10-01,8,632
INJ-07,C,2014-01-01,8,632
INJ-07,C,2014-04-01,8,632
INJ-07,C,2014-07-01,8,632
INJ-07,C,2014-10-01,8,632
INJ-07,C,2015-01-01,8,632
INJ-07,C,2015-04-01,8,632
INJ-07,C,2015-07-01,8,632
INJ-07,C,2015-10-01,8,632
INJ-07,C,2016-01-01,8,632
INJ-07,C,2016-04-01,8,632
INJ-07,C,2016-07-01,8,632
INJ-07,C,2016-10-01,8,632
INJ-07,C,2017-01-01,8,632
INJ-07,C,2017-04-01,8,632
INJ-07,C,2017-07-01,8,632
INJ-07,C,2017-10-01,8,632
INJ-07,C,2018-01-01,8,632
INJ-07,C,2018-04-01,8,632
INJ-07,C,2018-07-01,8,632
INJ-07,C,2018-10-01,8,632
INJ-07,C,2019-01-01,8,632
INJ-07,C,2019-04-01,8,632
INJ-07,C,2019-07-01,8,632
INJ-07,C,2019-10-01,8,632
INJ-07,C,2020-01-01,8,632
INJ-07,C,2020-04-01,8,632
INJ-07,C,2020-07-01,8,632
INJ-07,C,2020-10-01,8,632
INJ-07,C,2021-01-01,8,632
INJ-07,C,2021-04-01,8,632
INJ-07,C,2021-07-01,8,632
INJ-07,C,2021-10-01,8,632
INJ-07,C,2022-01-01,8,632
INJ-07,C,2022-04-01,8,632
INJ-07,C,2022-07-01,8,632
INJ-07,C,2022-10-01,8,632
INJ-07,C,2023-01-01,8,632
INJ-07,C,2023-04-01,8,632
INJ-07,C,2023-07-01,8,632
INJ-07,C,2023-10-01,8,632
INJ-07,C,2024-01-01,8,632
INJ-07,C,2024-04-01,8,632
INJ-07,C,2024-07-01,8,632
INJ-07,C,2024-10-01,8,632
INJ-07,C,2025-01-01,8,632
INJ-07,C,2025-04-01,8,632
INJ-07,C,2025-07-01,8,632
INJ-07,C,2025-10-01,8,632
INJ-07,C,2026-01-01,8,632
INJ-07,C,2026-04-01,8,632
INJ-07,C,2026-07-01,8,632
INJ-07,D,2012-01-01,4,302
INJ-07,D,2012-04-01,4,302
INJ-07,D,2012-07-01,4,302
INJ-07,D,2012-10-01,4,302
INJ-07,D,2013-01-01,4,302
INJ-07,D,2013-04-01,4,302
INJ-07,D,2013-07-01,4,302
INJ-07,D,2013-10-01,4,302
INJ-07,D,2014-01-01,4,302
INJ-07,D,2014-04-01,4,302
INJ-07,D,2014-07-01,4,302
INJ-07,D,2014-10-01,4,302
INJ-07,D,2015-01-01,4,302
INJ-07,D,2015-04-01,4,302
INJ-07,D,2015-07-01,4,302
INJ-07,D,2015-10-01,4,302
INJ-07,D,2016-01-01,4,302
INJ-07,D,2016-04-01,4,302
INJ-07,D,2016-07-01,4,302
INJ-07,D,2016-10-01,4,302
INJ-07,D,2017-01-01,4,302
INJ-07,D,2017-04-01,4,302
INJ-07,D,2017-07-01,4,302
INJ-07,D,2017-10-01,4,302
INJ-07,D,2018-01-01,4,302
INJ-07,D,2018-04-01,4,302
INJ-07,D,2018-07-01,4,302
INJ-07,D,2018-10-01,4,302
INJ-07,D,2019-01-01,4,302
INJ-07,D,2019-04-01,4,302
INJ-07,D,2019-07-01,4,302
INJ-07,D,2019-10-01,4,302
INJ-07,D,2020-01-01,4,302
INJ-07,D,2020-04-01,4,302
INJ-07,D,2020-07-01,4,302
INJ-07,D,2020-10-01,4,302
INJ-07,D,2021-01-01,4,302
INJ-07,D,2021-04-01,4,302
INJ-07,D,2021-07-01,4,302
INJ-07,D,2021-10-01,4,302
INJ-07,D,2022-01-01,4,302
INJ-07,D,2022-04-01,4,302
INJ-07,D,2022-07-01,4,302
INJ-07,D,2022-10-01,4,302
INJ-07,D,2023-01-01,4,302
INJ-07,D,2023-04-01,4,302
INJ-07,D,2023-07-01,4,302
INJ-07,D,2023-10-01,4,302
INJ-07,D,2024-01-01,4,302
INJ-07,D,2024-04-01,4,302
INJ-07,D,2024-07-01,4,302
INJ-07,D,2024-10-01,4,302
INJ-07,D,2025-01-01,4,302
INJ-07,D,2025-04-01,4,302
INJ-07,D,2025-07-01,4,302
INJ-07,D,2025-10-01,4,302
INJ-07,D,2026-01-01,4,302
INJ-07,D,2026-04-01,4,302
INJ-07,D,2026-07-01,4,302
INJ-07,E,2012-01-01,4,200
INJ-07,E,2012-04-01,4,200
INJ-07,E,2012-07-01,4,200
INJ-07,E,2012-10-01,4,200
INJ-07,E,2013-01-01,4,200
INJ-07,E,2013-04-01,4,200
INJ-07,E,2013-07-01,4,200
INJ-07,E,2013-10-01,4,200
INJ-07,E,2014-01-01,4,200
INJ-07,E,2014-04-01,4,200
INJ-07,E,2014-07-01,4,200
INJ-07,E,2014-10-01,4,200
INJ-07,E,2015-01-01,4,200
INJ-07,E,2015-04-01,4,200
INJ-07,E,2015-07-01,4,200
INJ-07,E,2015-10-01,4,200
INJ-07,E,2016-01-01,4,200
INJ-07,E,2016-04-01,4,200
INJ-07,E,2016-07-01,4,200
INJ-07,E,2016-10-01,4,200
INJ-07,E,2017-01-01,4,200
INJ-07,E,2017-04-01,4,200
INJ-07,E,2017-07-01,4,200
INJ-07,E,2017-10-01,4,200
INJ-07,E,2018-01-01,4,200
INJ-07,E,2018-04-01,4,200
INJ-07,E,2018-07-01,4,200
INJ-07,E,2018-10-01,4,200
INJ-07,E,2019-01-01,4,200
INJ-07,E,2019-04-01,4,200
INJ-07,E,2019-07-01,4,200
INJ-07,E,2019-10-01,4,200
INJ-07,E,2020-01-01,4,200
INJ-07,E,2020-04-01,4,200
INJ-07,E,2020-07-01,4,200
INJ-07,E,2020-10-01,4,200
INJ-07,E,2021-01-01,4,200
INJ-07,E,2021-04-01,4,200
INJ-07,E,2021-07-01,4,200
INJ-07,E,2021-10-01,4,200
INJ-07,E,2022-01-01,4,200
INJ-07,E,2022-04-01,4,200
INJ-07,E,2022-07-01,4,200
INJ-07,E,2022-10-01,4,200
INJ-07,E,2023-01-01,4,200
INJ-07,E,2023-04-01,4,200
INJ-07,E,2023-07-01,4,200
INJ-07,E,2023-10-01,4,200
INJ-07,E,2024-01-01,4,200
INJ-07,E,2024-04-01,4,200
INJ-07,E,2024-07-01,4,200
INJ-07,E,2024-10-01,4,200
INJ-07,E,2025-01-01,4,200
INJ-07,E,2025-04-01,4,200
INJ-07,E,2025-07-01,4,200
INJ-07,E,2025-10-01,4,200
INJ-07,E,2026-01-01,4,200
INJ-07,E,2026-04-01,4,200
INJ-07,E,2026-07-01,4,200
INJ-08,A,2016-01-01,8,592
INJ-08,A,2016-04-01,8,592
INJ-08,A,2016-07-01,8,592
INJ-08,A,2016-10-01,8,592
INJ-08,A,2017-01-01,8,592
INJ-08,A,2017-04-01,8,592
INJ-08,A,2017-07-01,8,592
INJ-08,A,2017-10-01,8,592
INJ-08,A,2018-01-01,8,592
INJ-08,A,2018-04-01,8,592
INJ-08,A,2018-07-01,8,592
INJ-08,A,2018-10-01,8,592
INJ-08,A,2019-01-01,8,592
INJ-08,A,2019-04-01,8,592
INJ-08,A,2019-07-01,8,592
INJ-08,A,2019-10-01,8,592
INJ-08,A,2020-01-01,8,592
INJ-08,A,2020-04-01,8,592
INJ-08,A,2020-07-01,8,592
INJ-08,A,2020-10-01,8,592
INJ-08,A,2021-01-01,8,592
INJ-08,A,2021-04-01,8,592
INJ-08,A,2021-07-01,8,592
INJ-08,A,2021-10-01,8,592
INJ-08,A,2022-01-01,8,592
INJ-08,A,2022-04-01,8,592
INJ-08,A,2022-07-01,8,592
INJ-08,A,2022-10-01,8,592
INJ-08,A,2023-01-01,8,592
INJ-08,A,2023-04-01,8,592
INJ-08,A,2023-07-01,8,592
INJ-08,A,2023-10-01,8,592
INJ-08,A,2024-01-01,8,592
INJ-08,A,2024-04-01,8,592
INJ-08,A,2024-07-01,8,592
INJ-08,A,2024-10-01,8,592
INJ-08,A,2025-01-01,8,592
INJ-08,A,2025-04-01,8,592
INJ-08,A,2025-07-01,8,592
INJ-08,A,2025-10-01,8,592
INJ-08,A,2026-01-01,8,592
INJ-08,A,2026-04-01,8,592
INJ-08,A,2026-07-01,8,592
INJ-08,B,2016-01-01,6,465
INJ-08,B,2016-04-01,6,465
INJ-08,B,2016-07-01,6,465
INJ-08,B,2016-10-01,6,465
INJ-08,B,2017-01-01,6,465
INJ-08,B,2017-04-01,6,465
INJ-08,B,2017-07-01,6,465
INJ-08,B,2017-10-01,6,465
INJ-08,B,2018-01-01,6,465
INJ-08,B,2018-04-01,6,465
INJ-08,B,2018-07-01,6,465
INJ-08,B,2018-10-01,6,465
INJ-08,B,2019-01-01,6,465
INJ-08,B,2019-04-01,6,465
INJ-08,B,2019-07-01,6,465
INJ-08,B,2019-10-01,6,465
INJ-08,B,2020-01-01,6,465
INJ-08,B,2020-04-01,6,465
INJ-08,B,2020-07-01,6,465
INJ-08,B,2020-10-01,6,465
INJ-08,B,2021-01-01,6,465
INJ-08,B,2021-04-01,6,465
INJ-08,B,2021-07-01,6,465
INJ-08,B,2021-10-01,6,465
INJ-08,B,2022-01-01,6,465
INJ-08,B,2022-04-01,6,465
INJ-08,B,2022-07-01,6,465
INJ-08,B,2022-10-01,6,465
INJ-08,B,2023-01-01,6,465
INJ-08,B,2023-04-01,6,465
INJ-08,B,2023-07-01,6,465
INJ-08,B,2023-10-01,6,465
INJ-08,B,2024-01-01,6,465
INJ-08,B,2024-04-01,6,465
INJ-08,B,2024-07-01,6,465
INJ-08,B,2024-10-01,6,465
INJ-08,B,2025-01-01,6,465
INJ-08,B,2025-04-01,6,465
INJ-08,B,2025-07-01,6,465
INJ-08,B,2025-10-01,6,465
INJ-08,B,2026-01-01,6,465
INJ-08,B,2026-04-01,6,465
INJ-08,B,2026-07-01,6,465
INJ-08,C,2016-01-01,8,603
INJ-08,C,2016-04-01,8,603
INJ-08,C,2016-07-01,8,603
INJ-08,C,2016-10-01,8,603
INJ-08,C,2017-01-01,8,603
INJ-08,C,2017-04-01,8,603
INJ-08,C,2017-07-01,8,603
INJ-08,C,2017-10-01,8,603
INJ-08,C,2018-01-01,8,603
INJ-08,C,2018-04-01,8,603
INJ-08,C,2018-07-01,8,603
INJ-08,C,2018-10-01,8,603
INJ-08,C,2019-01-01,8,603
INJ-08,C,2019-04-01,8,603
INJ-08,C,2019-07-01,8,603
INJ-08,C,2019-10-01,8,603
INJ-08,C,2020-01-01,8,603
INJ-08,C,2020-04-01,8,603
INJ-08,C,2020-07-01,8,603
INJ-08,C,2020-10-01,8,603
INJ-08,C,2021-01-01,8,603
INJ-08,C,2021-04-01,8,603
INJ-08,C,2021-07-01,8,603
INJ-08,C,2021-10-01,8,603
INJ-08,C,2022-01-01,8,603
INJ-08,C,2022-04-01,8,603
INJ-08,C,2022-07-01,8,603
INJ-08,C,2022-10-01,8,603
INJ-08,C,2023-01-01,8,603
INJ-08,C,2023-04-01,8,603
INJ-08,C,2023-07-01,8,603
INJ-08,C,2023-10-01,8,603
INJ-08,C,2024-01-01,8,603
INJ-08,C,2024-04-01,8,603
INJ-08,C,2024-07-01,8,603
INJ-08,C,2024-10-01,8,603
INJ-08,C,2025-01-01,8,603
INJ-08,C,2025-04-01,8,603
INJ-08,C,2025-07-01,8,603
INJ-08,C,2025-10-01,8,603
INJ-08,C,2026-01-01,8,603
INJ-08,C,2026-04-01,8,603
INJ-08,C,2026-07-01,8,603
INJ-08,D,2016-01-01,4,318
INJ-08,D,2016-04-01,4,318
INJ-08,D,2016-07-01,4,318
INJ-08,D,2016-10-01,4,318
INJ-08,D,2017-01-01,4,318
INJ-08,D,2017-04-01,4,318
INJ-08,D,2017-07-01,4,318
INJ-08,D,2017-10-01,4,318
INJ-08,D,2018-01-01,4,318
INJ-08,D,2018-04-01,4,318
INJ-08,D,2018-07-01,4,318
INJ-08,D,2018-10-01,4,318
INJ-08,D,2019-01-01,4,318
INJ-08,D,2019-04-01,4,318
INJ-08,D,2019-07-01,4,318
INJ-08,D,2019-10-01,4,318
INJ-08,D,2020-01-01,4,318
INJ-08,D,2020-04-01,4,318
INJ-08,D,2020-07-01,4,318
INJ-08,D,2020-10-01,4,318
INJ-08,D,2021-01-01,4,318
INJ-08,D,2021-04-01,4,318
INJ-08,D,2021-07-01,4,318
INJ-08,D,2021-10-01,4,318
INJ-08,D,2022-01-01,4,318
INJ-08,D,2022-04-01,4,318
INJ-08,D,2022-07-01,4,318
INJ-08,D,2022-10-01,4,318
INJ-08,D,2023-01-01,4,318
INJ-08,D,2023-04-01,4,318
INJ-08,D,2023-07-01,4,318
INJ-08,D,2023-10-01,4,318
INJ-08,D,2024-01-01,4,318
INJ-08,D,2024-04-01,4,318
INJ-08,D,2024-07-01,4,318
INJ-08,D,2024-10-01,4,318
INJ-08,D,2025-01-01,4,318
INJ-08,D,2025-04-01,4,318
INJ-08,D,2025-07-01,4,318
INJ-08,D,2025-10-01,4,318
INJ-08,D,2026-01-01,4,318
INJ-08,D,2026-04-01,4,318
INJ-08,D,2026-07-01,4,318
INJ-08,E,2016-01-01,4,197
INJ-08,E,2016-04-01,4,197
INJ-08,E,2016-07-01,4,197
INJ-08,E,2016-10-01,4,197
INJ-08,E,2017-01-01,4,197
INJ-08,E,2017-04-01,4,197
INJ-08,E,2017-07-01,4,197
INJ-08,E,2017-10-01,4,197
INJ-08,E,2018-01-01,4,197
INJ-08,E,2018-04-01,4,197
INJ-08,E,2018-07-01,4,197
INJ-08,E,2018-10-01,4,197
INJ-08,E,2019-01-01,4,197
INJ-08,E,2019-04-01,4,197
INJ-08,E,2019-07-01,4,197
INJ-08,E,2019-10-01,4,197
INJ-08,E,2020-01-01,4,197
INJ-08,E,2020-04-01,4,197
INJ-08,E,2020-07-01,4,197
INJ-08,E,2020-10-01,4,197
INJ-08,E,2021-01-01,4,197
INJ-08,E,2021-04-01,4,197
INJ-08,E,2021-07-01,4,197
INJ-08,E,2021-10-01,4,197
INJ-08,E,2022-01-01,4,197
INJ-08,E,2022-04-01,4,197
INJ-08,E,2022-07-01,4,197
INJ-08,E,2022-10-01,4,197
INJ-08,E,2023-01-01,4,197
INJ-08,E,2023-04-01,4,197
INJ-08,E,2023-07-01,4,197
INJ-08,E,2023-10-01,4,197
INJ-08,E,2024-01-01,4,197
INJ-08,E,2024-04-01,4,197
INJ-08,E,2024-07-01,4,197
INJ-08,E,2024-10-01,4,197
INJ-08,E,2025-01-01,4,197
INJ-08,E,2025-04-01,4,197
INJ-08,E,2025-07-01,4,197
INJ-08,E,2025-10-01,4,197
INJ-08,E,2026-01-01,4,197
INJ-08,E,2026-04-01,4,197
INJ-08,E,2026-07-01,4,197
INJ-09,A,2016-01-01,8,671
INJ-09,A,2016-04-01,8,671
INJ-09,A,2016-07-01,8,671
INJ-09,A,2016-10-01,8,671
INJ-09,A,2017-01-01,8,671
INJ-09,A,2017-04-01,8,671
INJ-09,A,2017-07-01,8,671
INJ-09,A,2017-10-01,8,671
INJ-09,A,2018-01-01,8,671
INJ-09,A,2018-04-01,8,671
INJ-09,A,2018-07-01,8,671
INJ-09,A,2018-10-01,8,671
INJ-09,A,2019-01-01,8,671
INJ-09,A,2019-04-01,8,671
INJ-09,A,2019-07-01,8,671
INJ-09,A,2019-10-01,8,671
INJ-09,A,2020-01-01,8,671
INJ-09,A,2020-04-01,8,671
INJ-09,A,2020-07-01,8,671
INJ-09,A,2020-10-01,8,671
INJ-09,A,2021-01-01,8,671
INJ-09,A,2021-04-01,8,671
INJ-09,A,2021-07-01,8,671
INJ-09,A,2021-10-01,8,671
INJ-09,A,2022-01-01,8,671
INJ-09,A,2022-04-01,8,671
INJ-09,A,2022-07-01,8,671
INJ-09,A,2022-10-01,8,671
INJ-09,A,2023-01-01,8,671
INJ-09,A,2023-04-01,8,671
INJ-09,A,2023-07-01,8,671
INJ-09,A,2023-10-01,8,671
INJ-09,A,2024-01-01,8,671
INJ-09,A,2024-04-01,8,671
INJ-09,A,2024-07-01,8,671
INJ-09,A,2024-10-01,8,671
INJ-09,A,2025-01-01,8,671
INJ-09,A,2025-04-01,8,671
INJ-09,A,2025-07-01,8,671
INJ-09,A,2025-10-01,8,671
INJ-09,A,2026-01-01,8,671
INJ-09,A,2026-04-01,8,671
INJ-09,A,2026-07-01,8,671
INJ-09,B,2016-01-01,6,488
INJ-09,B,2016-04-01,6,488
INJ-09,B,2016-07-01,6,488
INJ-09,B,2016-10-01,6,488
INJ-09,B,2017-01-01,6,488
INJ-09,B,2017-04-01,6,488
INJ-09,B,2017-07-01,6,488
INJ-09,B,2017-10-01,6,488
INJ-09,B,2018-01-01,6,488
INJ-09,B,2018-04-01,6,488
INJ-09,B,2018-07-01,6,488
INJ-09,B,2018-10-01,6,488
INJ-09,B,2019-01-01,6,488
INJ-09,B,2019-04-01,6,488
INJ-09,B,2019-07-01,6,488
INJ-09,B,2019-10-01,6,488
INJ-09,B,2020-01-01,6,488
INJ-09,B,2020-04-01,6,488
INJ-09,B,2020-07-01,6,488
INJ-09,B,2020-10-01,6,488
INJ-09,B,2021-01-01,6,488
INJ-09,B,2021-04-01,6,488
INJ-09,B,2021-07-01,6,488
INJ-09,B,2021-10-01,6,488
INJ-09,B,2022-01-01,6,488
INJ-09,B,2022-04-01,6,488
INJ-09,B,2022-07-01,6,488
INJ-09,B,2022-10-01,6,488
INJ-09,B,2023-01-01,6,488
INJ-09,B,2023-04-01,6,488
INJ-09,B,2023-07-01,6,488
INJ-09,B,2023-10-01,6,488
INJ-09,B,2024-01-01,6,488
INJ-09,B,2024-04-01,6,488
INJ-09,B,2024-07-01,6,488
INJ-09,B,2024-10-01,6,488
INJ-09,B,2025-01-01,6,488
INJ-09,B,2025-04-01,6,488
INJ-09,B,2025-07-01,6,488
INJ-09,B,2025-10-01,6,488
INJ-09,B,2026-01-01,6,488
INJ-09,B,2026-04-01,6,488
INJ-09,B,2026-07-01,6,488
INJ-09,C,2016-01-01,8,621
INJ-09,C,2016-04-01,8,621
INJ-09,C,2016-07-01,8,621
INJ-09,C,2016-10-01,8,621
INJ-09,C,2017-01-01,8,621
INJ-09,C,2017-04-01,8,621
INJ-09,C,2017-07-01,8,621
INJ-09,C,2017-10-01,8,621
INJ-09,C,2018-01-01,8,621
INJ-09,C,2018-04-01,8,621
INJ-09,C,2018-07-01,8,621
INJ-09,C,2018-10-01,8,621
INJ-09,C,2019-01-01,8,621
INJ-09,C,2019-04-01,8,621
INJ-09,C,2019-07-01,8,621
INJ-09,C,2019-10-01,8,621
INJ-09,C,2020-01-01,8,621
INJ-09,C,2020-04-01,8,621
INJ-09,C,2020-07-01,8,621
INJ-09,C,2020-10-01,8,621
INJ-09,C,2021-01-01,8,621
INJ-09,C,2021-04-01,8,621
INJ-09,C,2021-07-01,8,621
INJ-09,C,2021-10-01,8,621
INJ-09,C,2022-01-01,8,621
INJ-09,C,2022-04-01,8,621
INJ-09,C,2022-07-01,8,621
INJ-09,C,2022-10-01,8,621
INJ-09,C,2023-01-01,8,621
INJ-09,C,2023-04-01,8,621
INJ-09,C,2023-07-01,8,621
INJ-09,C,2023-10-01,8,621
INJ-09,C,2024-01-01,8,621
INJ-09,C,2024-04-01,8,621
INJ-09,C,2024-07-01,8,621
INJ-09,C,2024-10-01,8,621
INJ-09,C,2025-01-01,8,621
INJ-09,C,2025-04-01,8,621
INJ-09,C,2025-07-01,8,621
INJ-09,C,2025-10-01,8,621
INJ-09,C,2026-01-01,8,621
INJ-09,C,2026-04-01,8,621
INJ-09,C,2026-07-01,8,621
INJ-09,D,2016-01-01,4,348
INJ-09,D,2016-04-01,4,348
INJ-09,D,2016-07-01,4,348
INJ-09,D,2016-10-01,4,348
INJ-09,D,2017-01-01,4,348
INJ-09,D,2017-04-01,4,348
INJ-09,D,2017-07-01,4,348
INJ-09,D,2017-10-01,4,348
INJ-09,D,2018-01-01,4,348
INJ-09,D,2018-04-01,4,348
INJ-09,D,2018-07-01,4,348
INJ-09,D,2018-10-01,4,348
INJ-09,D,2019-01-01,4,348
INJ-09,D,2019-04-01,4,348
INJ-09,D,2019-07-01,4,348
INJ-09,D,2019-10-01,4,348
INJ-09,D,2020-01-01,4,348
INJ-09,D,2020-04-01,4,348
INJ-09,D,2020-07-01,4,348
INJ-09,D,2020-10-01,4,348
INJ-09,D,2021-01-01,4,348
INJ-09,D,2021-04-01,4,348
INJ-09,D,2021-07-01,4,348
INJ-09,D,2021-10-01,4,348
INJ-09,D,2022-01-01,4,348
INJ-09,D,2022-04-01,4,348
INJ-09,D,2022-07-01,4,348
INJ-09,D,2022-10-01,4,348
INJ-09,D,2023-01-01,4,348
INJ-09,D,2023-04-01,4,348
INJ-09,D,2023-07-01,4,348
INJ-09,D,2023-10-01,4,348
INJ-09,D,2024-01-01,4,348
INJ-09,D,2024-04-01,4,348
INJ-09,D,2024-07-01,4,348
INJ-09,D,2024-10-01,4,348
INJ-09,D,2025-01-01,4,348
INJ-09,D,2025-04-01,4,348
INJ-09,D,2025-07-01,4,348
INJ-09,D,2025-10-01,4,348
INJ-09,D,2026-01-01,4,348
INJ-09,D,2026-04-01,4,348
INJ-09,D,2026-07-01,4,348
INJ-09,E,2016-01-01,4,241
INJ-09,E,2016-04-01,4,241
INJ-09,E,2016-07-01,4,241
INJ-09,E,2016-10-01,4,241
INJ-09,E,2017-01-01,4,241
INJ-09,E,2017-04-01,4,241
INJ-09,E,2017-07-01,4,241
INJ-09,E,2017-10-01,4,241
INJ-09,E,2018-01-01,4,241
INJ-09,E,2018-04-01,4,241
INJ-09,E,2018-07-01,4,241
INJ-09,E,2018-10-01,4,241
INJ-09,E,2019-01-01,4,241
INJ-09,E,2019-04-01,4,241
INJ-09,E,2019-07-01,4,241
INJ-09,E,2019-10-01,4,241
INJ-09,E,2020-01-01,4,241
INJ-09,E,2020-04-01,4,241
INJ-09,E,2020-07-01,4,241
INJ-09,E,2020-10-01,4,241
INJ-09,E,2021-01-01,4,241
INJ-09,E,2021-04-01,4,241
INJ-09,E,2021-07-01,4,241
INJ-09,E,2021-10-01,4,241
INJ-09,E,2022-01-01,4,241
INJ-09,E,2022-04-01,4,241
INJ-09,E,2022-07-01,4,241
INJ-09,E,2022-10-01,4,241
INJ-09,E,2023-01-01,4,241
INJ-09,E,2023-04-01,4,241
INJ-09,E,2023-07-01,4,241
INJ-09,E,2023-10-01,4,241
INJ-09,E,2024-01-01,4,241
INJ-09,E,2024-04-01,4,241
INJ-09,E,2024-07-01,4,241
INJ-09,E,2024-10-01,4,241
INJ-09,E,2025-01-01,4,241
INJ-09,E,2025-04-01,4,241
INJ-09,E,2025-07-01,4,241
INJ-09,E,2025-10-01,4,241
INJ-09,E,2026-01-01,4,241
INJ-09,E,2026-04-01,4,241
INJ-09,E,2026-07-01,4,241
INJ-10,A,2012-01-01,8,633
INJ-10,A,2012-04-01,8,633
INJ-10,A,2012-07-01,8,633
INJ-10,A,2012-10-01,8,633
INJ-10,A,2013-01-01,8,633
INJ-10,A,2013-04-01,8,633
INJ-10,A,2013-07-01,8,633
INJ-10,A,2013-10-01,8,633
INJ-10,A,2014-01-01,8,633
INJ-10,A,2014-04-01,8,633
INJ-10,A,2014-07-01,8,633
INJ-10,A,2014-10-01,8,633
INJ-10,A,2015-01-01,8,633
INJ-10,A,2015-04-01,8,633
INJ-10,A,2015-07-01,8,633
INJ-10,A,2015-10-01,8,633
INJ-10,A,2016-01-01,8,633
INJ-10,A,2016-04-01,8,633
INJ-10,A,2016-07-01,8,633
INJ-10,A,2016-10-01,8,633
INJ-10,A,2017-01-01,8,633
INJ-10,A,2017-04-01,8,633
INJ-10,A,2017-07-01,8,633
INJ-10,A,2017-10-01,8,633
INJ-10,A,2018-01-01,8,633
INJ-10,A,2018-04-01,8,633
INJ-10,A,2018-07-01,8,633
INJ-10,A,2018-10-01,8,633
INJ-10,A,2019-01-01,8,633
INJ-10,A,2019-04-01,8,633
INJ-10,A,2019-07-01,8,633
INJ-10,A,2019-10-01,8,633
INJ-10,A,2020-01-01,8,633
INJ-10,A,2020-04-01,8,633
INJ-10,A,2020-07-01,8,633
INJ-10,A,2020-10-01,8,633
INJ-10,A,2021-01-01,8,633
INJ-10,A,2021-04-01,8,633
INJ-10,A,2021-07-01,8,633
INJ-10,A,2021-10-01,8,633
INJ-10,A,2022-01-01,8,633
INJ-10,A,2022-04-01,8,633
INJ-10,A,2022-07-01,8,633
INJ-10,A,2022-10-01,8,633
INJ-10,A,2023-01-01,8,633
INJ-10,A,2023-04-01,8,633
INJ-10,A,2023-07-01,8,633
INJ-10,A,2023-10-01,8,633
INJ-10,A,2024-01-01,8,633
INJ-10,A,2024-04-01,8,633
INJ-10,A,2024-07-01,8,633
INJ-10,A,2024-10-01,8,633
INJ-10,A,2025-01-01,8,633
INJ-10,A,2025-04-01,8,633
INJ-10,A,2025-07-01,8,633
INJ-10,A,2025-10-01,8,633
INJ-10,A,2026-01-01,8,633
INJ-10,A,2026-04-01,8,633
INJ-10,A,2026-07-01,8,633
INJ-10,B,2012-01-01,6,514
INJ-10,B,2012-04-01,6,514
INJ-10,B,2012-07-01,6,514
INJ-10,B,2012-10-01,6,514
INJ-10,B,2013-01-01,6,514
INJ-10,B,2013-04-01,6,514
INJ-10,B,2013-07-01,6,514
INJ-10,B,2013-10-01,6,514
INJ-10,B,2014-01-01,6,514
INJ-10,B,2014-04-01,6,514
INJ-10,B,2014-07-01,6,514
INJ-10,B,2014-10-01,6,514
INJ-10,B,2015-01-01,6,514
INJ-10,B,2015-04-01,6,514
INJ-10,B,2015-07-01,6,514
INJ-10,B,2015-10-01,6,514
INJ-10,B,2016-01-01,6,514
INJ-10,B,2016-04-01,6,514
INJ-10,B,2016-07-01,6,514
INJ-10,B,2016-10-01,6,514
INJ-10,B,2017-01-01,6,514
INJ-10,B,2017-04-01,6,514
INJ-10,B,2017-07-01,6,514
INJ-10,B,2017-10-01,6,514
INJ-10,B,2018-01-01,6,514
INJ-10,B,2018-04-01,6,514
INJ-10,B,2018-07-01,6,514
INJ-10,B,2018-10-01,6,514
INJ-10,B,2019-01-01,6,514
INJ-10,B,2019-04-01,6,514
INJ-10,B,2019-07-01,6,514
INJ-10,B,2019-10-01,6,514
INJ-10,B,2020-01-01,6,514
INJ-10,B,2020-04-01,6,514
INJ-10,B,2020-07-01,6,514
INJ-10,B,2020-10-01,6,514
INJ-10,B,2021-01-01,6,514
INJ-10,B,2021-04-01,6,514
INJ-10,B,2021-07-01,6,514
INJ-10,B,2021-10-01,6,514
INJ-10,B,2022-01-01,6,514
INJ-10,B,2022-04-01,6,514
INJ-10,B,2022-07-01,6,514
INJ-10,B,2022-10-01,6,514
INJ-10,B,2023-01-01,6,514
INJ-10,B,2023-04-01,6,514
INJ-10,B,2023-07-01,6,514
INJ-10,B,2023-10-01,6,514
INJ-10,B,2024-01-01,6,514
INJ-10,B,2024-04-01,6,514
INJ-10,B,2024-07-01,6,514
INJ-10,B,2024-10-01,6,514
INJ-10,B,2025-01-01,6,514
INJ-10,B,2025-04-01,6,514
INJ-10,B,2025-07-01,6,514
INJ-10,B,2025-10-01,6,514
INJ-10,B,2026-01-01,6,514
INJ-10,B,2026-04-01,6,514
INJ-10,B,2026-07-01,6,514
INJ-10,C,2012-01-01,8,669
INJ-10,C,2012-04-01,8,669
INJ-10,C,2012-07-01,8,669
INJ-10,C,2012-10-01,8,669
INJ-10,C,2013-01-01,8,669
INJ-10,C,2013-04-01,8,669
INJ-10,C,2013-07-01,8,669
INJ-10,C,2013-10-01,8,669
INJ-10,C,2014-01-01,8,669
INJ-10,C,2014-04-01,8,669
INJ-10,C,2014-07-01,8,669
INJ-10,C,2014-10-01,8,669
INJ-10,C,2015-01-01,8,669
INJ-10,C,2015-04-01,8,669
INJ-10,C,2015-07-01,8,669
INJ-10,C,2015-10-01,8,669
INJ-10,C,2016-01-01,8,669
INJ-10,C,2016-04-01,8,669
INJ-10,C,2016-07-01,8,669
INJ-10,C,2016-10-01,8,669
INJ-10,C,2017-01-01,8,669
INJ-10,C,2017-04-01,8,669
INJ-10,C,2017-07-01,8,669
INJ-10,C,2017-10-01,8,669
INJ-10,C,2018-01-01,8,669
INJ-10,C,2018-04-01,8,669
INJ-10,C,2018-07-01,8,669
INJ-10,C,2018-10-01,8,669
INJ-10,C,2019-01-01,8,669
INJ-10,C,2019-04-01,8,669
INJ-10,C,2019-07-01,8,669
INJ-10,C,2019-10-01,8,669
INJ-10,C,2020-01-01,8,669
INJ-10,C,2020-04-01,8,669
INJ-10,C,2020-07-01,8,669
INJ-10,C,2020-10-01,8,669
INJ-10,C,2021-01-01,8,669
INJ-10,C,2021-04-01,8,669
INJ-10,C,2021-07-01,8,669
INJ-10,C,2021-10-01,8,669
INJ-10,C,2022-01-01,8,669
INJ-10,C,2022-04-01,8,669
INJ-10,C,2022-07-01,8,669
INJ-10,C,2022-10-01,8,669
INJ-10,C,2023-01-01,8,669
INJ-10,C,2023-04-01,8,669
INJ-10,C,2023-07-01,8,669
INJ-10,C,2023-10-01,8,669
INJ-10,C,2024-01-01,8,669
INJ-10,C,2024-04-01,8,669
INJ-10,C,2024-07-01,8,669
INJ-10,C,2024-10-01,8,669
INJ-10,C,2025-01-01,8,669
INJ-10,C,2025-04-01,8,669
INJ-10,C,2025-07-01,8,669
INJ-10,C,2025-10-01,8,669
INJ-10,C,2026-01-01,8,669
INJ-10,C,2026-04-01,8,669
INJ-10,C,2026-07-01,8,669
INJ-10,D,2012-01-01,4,353
INJ-10,D,2012-04-01,4,353
INJ-10,D,2012-07-01,4,353
INJ-10,D,2012-10-01,4,353
INJ-10,D,2013-01-01,4,353
INJ-10,D,2013-04-01,4,353
INJ-10,D,2013-07-01,4,353
INJ-10,D,2013-10-01,4,353
INJ-10,D,2014-01-01,4,353
INJ-10,D,2014-04-01,4,353
INJ-10,D,2014-07-01,4,353
INJ-10,D,2014-10-01,4,353
INJ-10,D,2015-01-01,4,353
INJ-10,D,2015-04-01,4,353
INJ-10,D,2015-07-01,4,353
INJ-10,D,2015-10-01,4,353
INJ-10,D,2016-01-01,4,353
INJ-10,D,2016-04-01,4,353
INJ-10,D,2016-07-01,4,353
INJ-10,D,2016-10-01,4,353
INJ-10,D,2017-01-01,4,353
INJ-10,D,2017-04-01,4,353
INJ-10,D,2017-07-01,4,353
INJ-10,D,2017-10-01,4,353
INJ-10,D,2018-01-01,4,353
INJ-10,D,2018-04-01,4,353
INJ-10,D,2018-07-01,4,353
INJ-10,D,2018-10-01,4,353
INJ-10,D,2019-01-01,4,353
INJ-10,D,2019-04-01,4,353
INJ-10,D,2019-07-01,4,353
INJ-10,D,2019-10-01,4,353
INJ-10,D,2020-01-01,4,353
INJ-10,D,2020-04-01,4,353
INJ-10,D,2020-07-01,4,353
INJ-10,D,2020-10-01,4,353
INJ-10,D,2021-01-01,4,353
INJ-10,D,2021-04-01,4,353
INJ-10,D,2021-07-01,4,353
INJ-10,D,2021-10-01,4,353
INJ-10,D,2022-01-01,4,353
INJ-10,D,2022-04-01,4,353
INJ-10,D,2022-07-01,4,353
INJ-10,D,2022-10-01,4,353
INJ-10,D,2023-01-01,4,353
INJ-10,D,2023-04-01,4,353
INJ-10,D,2023-07-01,4,353
INJ-10,D,2023-10-01,4,353
INJ-10,D,2024-01-01,4,353
INJ-10,D,2024-04-01,4,353
INJ-10,D,2024-07-01,4,353
INJ-10,D,2024-10-01,4,353
INJ-10,D,2025-01-01,4,353
INJ-10,D,2025-04-01,4,353
INJ-10,D,2025-07-01,4,353
INJ-10,D,2025-10-01,4,353
INJ-10,D,2026-01-01,4,353
INJ-10,D,2026-04-01,4,353
INJ-10,D,2026-07-01,4,353
INJ-10,E,2012-01-01,4,243
INJ-10,E,2012-04-01,4,243
INJ-10,E,2012-07-01,4,243
INJ-10,E,2012-10-01,4,243
INJ-10,E,2013-01-01,4,243
INJ-10,E,2013-04-01,4,243
INJ-10,E,2013-07-01,4,243
INJ-10,E,2013-10-01,4,243
INJ-10,E,2014-01-01,4,243
INJ-10,E,2014-04-01,4,243
INJ-10,E,2014-07-01,4,243
INJ-10,E,2014-10-01,4,243
INJ-10,E,2015-01-01,4,243
INJ-10,E,2015-04-01,4,243
INJ-10,E,2015-07-01,4,243
INJ-10,E,2015-10-01,4,243
INJ-10,E,2016-01-01,4,243
INJ-10,E,2016-04-01,4,243
INJ-10,E,2016-07-01,4,243
INJ-10,E,2016-10-01,4,243
INJ-10,E,2017-01-01,4,243
INJ-10,E,2017-04-01,4,243
INJ-10,E,2017-07-01,4,243
INJ-10,E,2017-10-01,4,243
INJ-10,E,2018-01-01,4,243
INJ-10,E,2018-04-01,4,243
INJ-10,E,2018-07-01,4,243
INJ-10,E,2018-10-01,4,243
INJ-10,E,2019-01-01,4,243
INJ-10,E,2019-04-01,4,243
INJ-10,E,2019-07-01,4,243
INJ-10,E,2019-10-01,4,243
INJ-10,E,2020-01-01,4,243
INJ-10,E,2020-04-01,4,243
INJ-10,E,2020-07-01,4,243
INJ-10,E,2020-10-01,4,243
INJ-10,E,2021-01-01,4,243
INJ-10,E,2021-04-01,4,243
INJ-10,E,2021-07-01,4,243
INJ-10,E,2021-10-01,4,243
INJ-10,E,2022-01-01,4,243
INJ-10,E,2022-04-01,4,243
INJ-10,E,2022-07-01,4,243
INJ-10,E,2022-10-01,4,243
INJ-10,E,2023-01-01,4,243
INJ-10,E,2023-04-01,4,243
INJ-10,E,2023-07-01,4,243
INJ-10,E,2023-10-01,4,243
INJ-10,E,2024-01-01,4,243
INJ-10,E,2024-04-01,4,243
INJ-10,E,2024-07-01,4,243
INJ-10,E,2024-10-01,4,243
INJ-10,E,2025-01-01,4,243
INJ-10,E,2025-04-01,4,243
INJ-10,E,2025-07-01,4,243
INJ-10,E,2025-10-01,4,243
INJ-10,E,2026-01-01,4,243
INJ-10,E,2026-04-01,4,243
INJ-10,E,2026-07-01,4,243
INJ-11,A,2012-01-01,8,697
INJ-11,A,2012-04-01,8,697
INJ-11,A,2012-07-01,8,697
INJ-11,A,2012-10-01,8,697
INJ-11,A,2013-01-01,8,697
INJ-11,A,2013-04-01,8,697
INJ-11,A,2013-07-01,8,697
INJ-11,A,2013-10-01,8,697
INJ-11,A,2014-01-01,8,697
INJ-11,A,2014-04-01,8,697
INJ-11,A,2014-07-01,8,697
INJ-11,A,2014-10-01,8,697
INJ-11,A,2015-01-01,8,697
INJ-11,A,2015-04-01,8,697
INJ-11,A,2015-07-01,8,697
INJ-11,A,2015-10-01,8,697
INJ-11,A,2016-01-01,8,697
INJ-11,A,2016-04-01,8,697
INJ-11,A,2016-07-01,8,697
INJ-11,A,2016-10-01,8,697
INJ-11,A,2017-01-01,8,697
INJ-11,A,2017-04-01,8,697
INJ-11,A,2017-07-01,8,697
INJ-11,A,2017-10-01,8,697
INJ-11,A,2018-01-01,8,697
INJ-11,A,2018-04-01,8,697
INJ-11,A,2018-07-01,8,697
INJ-11,A,2018-10-01,8,697
INJ-11,A,2019-01-01,8,697
INJ-11,A,2019-04-01,8,697
INJ-11,A,2019-07-01,8,697
INJ-11,A,2019-10-01,8,697
INJ-11,A,2020-01-01,8,697
INJ-11,A,2020-04-01,8,697
INJ-11,A,2020-07-01,8,697
INJ-11,A,2020-10-01,8,697
INJ-11,A,2021-01-01,8,697
INJ-11,A,2021-04-01,8,697
INJ-11,A,2021-07-01,8,697
INJ-11,A,2021-10-01,8,697
INJ-11,A,2022-01-01,8,697
INJ-11,A,2022-04-01,8,697
INJ-11,A,2022-07-01,8,697
INJ-11,A,2022-10-01,8,697
INJ-11,A,2023-01-01,8,697
INJ-11,A,2023-04-01,8,697
INJ-11,A,2023-07-01,8,697
INJ-11,A,2023-10-01,8,697
INJ-11,A,2024-01-01,8,697
INJ-11,A,2024-04-01,8,697
INJ-11,A,2024-07-01,8,697
INJ-11,A,2024-10-01,8,697
INJ-11,A,2025-01-01,8,697
INJ-11,A,2025-04-01,8,697
INJ-11,A,2025-07-01,8,697
INJ-11,A,2025-10-01,8,697
INJ-11,A,2026-01-01,8,697
INJ-11,A,2026-04-01,8,697
INJ-11,A,2026-07-01,8,697
INJ-11,B,2012-01-01,6,578
INJ-11,B,2012-04-01,6,578
INJ-11,B,2012-07-01,6,578
INJ-11,B,2012-10-01,6,578
INJ-11,B,2013-01-01,6,578
INJ-11,B,2013-04-01,6,578
INJ-11,B,2013-07-01,6,578
INJ-11,B,2013-10-01,6,578
INJ-11,B,2014-01-01,6,578
INJ-11,B,2014-04-01,6,578
INJ-11,B,2014-07-01,6,578
INJ-11,B,2014-10-01,6,578
INJ-11,B,2015-01-01,6,578
INJ-11,B,2015-04-01,6,578
INJ-11,B,2015-07-01,6,578
INJ-11,B,2015-10-01,6,578
INJ-11,B,2016-01-01,6,578
INJ-11,B,2016-04-01,6,578
INJ-11,B,2016-07-01,6,578
INJ-11,B,2016-10-01,6,578
INJ-11,B,2017-01-01,6,578
INJ-11,B,2017-04-01,6,578
INJ-11,B,2017-07-01,6,578
INJ-11,B,2017-10-01,6,578
INJ-11,B,2018-01-01,6,578
INJ-11,B,2018-04-01,6,578
INJ-11,B,2018-07-01,6,578
INJ-11,B,2018-10-01,6,578
INJ-11,B,2019-01-01,6,578
INJ-11,B,2019-04-01,6,578
INJ-11,B,2019-07-01,6,578
INJ-11,B,2019-10-01,6,578
INJ-11,B,2020-01-01,6,578
INJ-11,B,2020-04-01,6,578
INJ-11,B,2020-07-01,6,578
INJ-11,B,2020-10-01,6,578
INJ-11,B,2021-01-01,6,578
INJ-11,B,2021-04-01,6,578
INJ-11,B,2021-07-01,6,578
INJ-11,B,2021-10-01,6,578
INJ-11,B,2022-01-01,6,578
INJ-11,B,2022-04-01,6,578
INJ-11,B,2022-07-01,6,578
INJ-11,B,2022-10-01,6,578
INJ-11,B,2023-01-01,6,578
INJ-11,B,2023-04-01,6,578
INJ-11,B,2023-07-01,6,578
INJ-11,B,2023-10-01,6,578
INJ-11,B,2024-01-01,6,578
INJ-11,B,2024-04-01,6,578
INJ-11,B,2024-07-01,6,578
INJ-11,B,2024-10-01,6,578
INJ-11,B,2025-01-01,6,578
INJ-11,B,2025-04-01,6,578
INJ-11,B,2025-07-01,6,578
INJ-11,B,2025-10-01,6,578
INJ-11,B,2026-01-01,6,578
INJ-11,B,2026-04-01,6,578
INJ-11,B,2026-07-01,6,578
INJ-11,C,2012-01-01,8,810
INJ-11,C,2012-04-01,8,810
INJ-11,C,2012-07-01,8,810
INJ-11,C,2012-10-01,8,810
INJ-11,C,2013-01-01,8,810
INJ-11,C,2013-04-01,8,810
INJ-11,C,2013-07-01,8,810
INJ-11,C,2013-10-01,8,810
INJ-11,C,2014-01-01,8,810
INJ-11,C,2014-04-01,8,810
INJ-11,C,2014-07-01,8,810
INJ-11,C,2014-10-01,8,810
INJ-11,C,2015-01-01,8,810
INJ-11,C,2015-04-01,8,810
INJ-11,C,2015-07-01,8,810
INJ-11,C,2015-10-01,8,810
INJ-11,C,2016-01-01,8,810
INJ-11,C,2016-04-01,8,810
INJ-11,C,2016-07-01,8,810
INJ-11,C,2016-10-01,8,810
INJ-11,C,2017-01-01,8,810
INJ-11,C,2017-04-01,8,810
INJ-11,C,2017-07-01,8,810
INJ-11,C,2017-10-01,8,810
INJ-11,C,2018-01-01,8,810
INJ-11,C,2018-04-01,8,810
INJ-11,C,2018-07-01,8,810
INJ-11,C,2018-10-01,8,810
INJ-11,C,2019-01-01,8,810
INJ-11,C,2019-04-01,8,810
INJ-11,C,2019-07-01,8,810
INJ-11,C,2019-10-01,8,810
INJ-11,C,2020-01-01,8,810
INJ-11,C,2020-04-01,8,810
INJ-11,C,2020-07-01,8,810
INJ-11,C,2020-10-01,8,810
INJ-11,C,2021-01-01,8,810
INJ-11,C,2021-04-01,8,810
INJ-11,C,2021-07-01,8,810
INJ-11,C,2021-10-01,8,810
INJ-11,C,2022-01-01,8,810
INJ-11,C,2022-04-01,8,810
INJ-11,C,2022-07-01,8,810
INJ-11,C,2022-10-01,8,810
INJ-11,C,2023-01-01,8,810
INJ-11,C,2023-04-01,8,810
INJ-11,C,2023-07-01,8,810
INJ-11,C,2023-10-01,8,810
INJ-11,C,2024-01-01,8,810
INJ-11,C,2024-04-01,8,810
INJ-11,C,2024-07-01,8,810
INJ-11,C,2024-10-01,8,810
INJ-11,C,2025-01-01,8,810
INJ-11,C,2025-04-01,8,810
INJ-11,C,2025-07-01,8,810
INJ-11,C,2025-10-01,8,810
INJ-11,C,2026-01-01,8,810
INJ-11,C,2026-04-01,8,810
INJ-11,C,2026-07-01,8,810
INJ-11,D,2012-01-01,4,410
INJ-11,D,2012-04-01,4,410
INJ-11,D,2012-07-01,4,410
INJ-11,D,2012-10-01,4,410
INJ-11,D,2013-01-01,4,410
INJ-11,D,2013-04-01,4,410
INJ-11,D,2013-07-01,4,410
INJ-11,D,2013-10-01,4,410
INJ-11,D,2014-01-01,4,410
INJ-11,D,2014-04-01,4,410
INJ-11,D,2014-07-01,4,410
INJ-11,D,2014-10-01,4,410
INJ-11,D,2015-01-01,4,410
INJ-11,D,2015-04-01,4,410
INJ-11,D,2015-07-01,4,410
INJ-11,D,2015-10-01,4,410
INJ-11,D,2016-01-01,4,410
INJ-11,D,2016-04-01,4,410
INJ-11,D,2016-07-01,4,410
INJ-11,D,2016-10-01,4,410
INJ-11,D,2017-01-01,4,410
INJ-11,D,2017-04-01,4,410
INJ-11,D,2017-07-01,4,410
INJ-11,D,2017-10-01,4,410
INJ-11,D,2018-01-01,4,410
INJ-11,D,2018-04-01,4,410
INJ-11,D,2018-07-01,4,410
INJ-11,D,2018-10-01,4,410
INJ-11,D,2019-01-01,4,410
INJ-11,D,2019-04-01,4,410
INJ-11,D,2019-07-01,4,410
INJ-11,D,2019-10-01,4,410
INJ-11,D,2020-01-01,4,410
INJ-11,D,2020-04-01,4,410
INJ-11,D,2020-07-01,4,410
INJ-11,D,2020-10-01,4,410
INJ-11,D,2021-01-01,4,410
INJ-11,D,2021-04-01,4,410
INJ-11,D,2021-07-01,4,410
INJ-11,D,2021-10-01,4,410
INJ-11,D,2022-01-01,4,410
INJ-11,D,2022-04-01,4,410
INJ-11,D,2022-07-01,4,410
INJ-11,D,2022-10-01,4,410
INJ-11,D,2023-01-01,4,410
INJ-11,D,2023-04-01,4,410
INJ-11,D,2023-07-01,4,410
INJ-11,D,2023-10-01,4,410
INJ-11,D,2024-01-01,4,410
INJ-11,D,2024-04-01,4,410
INJ-11,D,2024-07-01,4,410
INJ-11,D,2024-10-01,4,410
INJ-11,D,2025-01-01,4,410
INJ-11,D,2025-04-01,4,410
INJ-11,D,2025-07-01,4,410
INJ-11,D,2025-10-01,4,410
INJ-11,D,2026-01-01,4,410
INJ-11,D,2026-04-01,4,410
INJ-11,D,2026-07-01,4,410
INJ-11,E,2012-01-01,4,258
INJ-11,E,2012-04-01,4,258
INJ-11,E,2012-07-01,4,258
INJ-11,E,2012-10-01,4,258
INJ-11,E,2013-01-01,4,258
INJ-11,E,2013-04-01,4,258
INJ-11,E,2013-07-01,4,258
INJ-11,E,2013-10-01,4,258
INJ-11,E,2014-01-01,4,258
INJ-11,E,2014-04-01,4,258
INJ-11,E,2014-07-01,4,258
INJ-11,E,2014-10-01,4,258
INJ-11,E,2015-01-01,4,258
INJ-11,E,2015-04-01,4,258
INJ-11,E,2015-07-01,4,258
INJ-11,E,2015-10-01,4,258
INJ-11,E,2016-01-01,4,258
INJ-11,E,2016-04-01,4,258
INJ-11,E,2016-07-01,4,258
INJ-11,E,2016-10-01,4,258
INJ-11,E,2017-01-01,4,258
INJ-11,E,2017-04-01,4,258
INJ-11,E,2017-07-01,4,258
INJ-11,E,2017-10-01,4,258
INJ-11,E,2018-01-01,4,258
INJ-11,E,2018-04-01,4,258
INJ-11,E,2018-07-01,4,258
INJ-11,E,2018-10-01,4,258
INJ-11,E,2019-01-01,4,258
INJ-11,E,2019-04-01,4,258
INJ-11,E,2019-07-01,4,258
INJ-11,E,2019-10-01,4,258
INJ-11,E,2020-01-01,4,258
INJ-11,E,2020-04-01,4,258
INJ-11,E,2020-07-01,4,258
INJ-11,E,2020-10-01,4,258
INJ-11,E,2021-01-01,4,258
INJ-11,E,2021-04-01,4,258
INJ-11,E,2021-07-01,4,258
INJ-11,E,2021-10-01,4,258
INJ-11,E,2022-01-01,4,258
INJ-11,E,2022-04-01,4,258
INJ-11,E,2022-07-01,4,258
INJ-11,E,2022-10-01,4,258
INJ-11,E,2023-01-01,4,258
INJ-11,E,2023-04-01,4,258
INJ-11,E,2023-07-01,4,258
INJ-11,E,2023-10-01,4,258
INJ-11,E,2024-01-01,4,258
INJ-11,E,2024-04-01,4,258
INJ-11,E,2024-07-01,4,258
INJ-11,E,2024-10-01,4,258
INJ-11,E,2025-01-01,4,258
INJ-11,E,2025-04-01,4,258
INJ-11,E,2025-07-01,4,258
INJ-11,E,2025-10-01,4,258
INJ-11,E,2026-01-01,4,258
INJ-11,E,2026-04-01,4,258
INJ-11,E,2026-07-01,4,258
INJ-12,A,2012-01-01,8,849
INJ-12,A,2012-04-01,8,849
INJ-12,A,2012-07-01,8,849
INJ-12,A,2012-10-01,8,849
INJ-12,A,2013-01-01,8,849
INJ-12,A,2013-04-01,8,849
INJ-12,A,2013-07-01,8,849
INJ-12,A,2013-10-01,8,849
INJ-12,A,2014-01-01,8,849
INJ-12,A,2014-04-01,8,849
INJ-12,A,2014-07-01,8,849
INJ-12,A,2014-10-01,8,849
INJ-12,A,2015-01-01,8,849
INJ-12,A,2015-04-01,8,849
INJ-12,A,2015-07-01,8,849
INJ-12,A,2015-10-01,8,849
INJ-12,A,2016-01-01,8,849
INJ-12,A,2016-04-01,8,849
INJ-12,A,2016-07-01,8,849
INJ-12,A,2016-10-01,8,849
INJ-12,A,2017-01-01,8,849
INJ-12,A,2017-04-01,8,849
INJ-12,A,2017-07-01,8,849
INJ-12,A,2017-10-01,8,849
INJ-12,A,2018-01-01,8,849
INJ-12,A,2018-04-01,8,849
INJ-12,A,2018-07-01,8,849
INJ-12,A,2018-10-01,8,849
INJ-12,A,2019-01-01,8,849
INJ-12,A,2019-04-01,8,849
INJ-12,A,2019-07-01,8,849
INJ-12,A,2019-10-01,8,849
INJ-12,A,2020-01-01,8,849
INJ-12,A,2020-04-01,8,849
INJ-12,A,2020-07-01,8,849
INJ-12,A,2020-10-01,8,849
INJ-12,A,2021-01-01,8,849
INJ-12,A,2021-04-01,8,849
INJ-12,A,2021-07-01,8,849
INJ-12,A,2021-10-01,8,849
INJ-12,A,2022-01-01,8,849
INJ-12,A,2022-04-01,8,849
INJ-12,A,2022-07-01,8,849
INJ-12,A,2022-10-01,8,849
INJ-12,A,2023-01-01,8,849
INJ-12,A,2023-04-01,8,849
INJ-12,A,2023-07-01,8,849
INJ-12,A,2023-10-01,8,849
INJ-12,A,2024-01-01,8,849
INJ-12,A,2024-04-01,8,849
INJ-12,A,2024-07-01,8,849
INJ-12,A,2024-10-01,8,849
INJ-12,A,2025-01-01,8,849
INJ-12,A,2025-04-01,8,849
INJ-12,A,2025-07-01,8,849
INJ-12,A,2025-10-01,8,849
INJ-12,A,2026-01-01,8,849
INJ-12,A,2026-04-01,8,849
INJ-12,A,2026-07-01,8,849
INJ-12,B,2012-01-01,6,641
INJ-12,B,2012-04-01,6,641
INJ-12,B,2012-07-01,6,641
INJ-12,B,2012-10-01,6,641
INJ-12,B,2013-01-01,6,641
INJ-12,B,2013-04-01,6,641
INJ-12,B,2013-07-01,6,641
INJ-12,B,2013-10-01,6,641
INJ-12,B,2014-01-01,6,641
INJ-12,B,2014-04-01,6,641
INJ-12,B,2014-07-01,6,641
INJ-12,B,2014-10-01,6,641
INJ-12,B,2015-01-01,6,641
INJ-12,B,2015-04-01,6,641
INJ-12,B,2015-07-01,6,641
INJ-12,B,2015-10-01,6,641
INJ-12,B,2016-01-01,6,641
INJ-12,B,2016-04-01,6,641
INJ-12,B,2016-07-01,6,641
INJ-12,B,2016-10-01,6,641
INJ-12,B,2017-01-01,6,641
INJ-12,B,2017-04-01,6,641
INJ-12,B,2017-07-01,6,641
INJ-12,B,2017-10-01,6,641
INJ-12,B,2018-01-01,6,641
INJ-12,B,2018-04-01,6,641
INJ-12,B,2018-07-01,6,641
INJ-12,B,2018-10-01,6,641
INJ-12,B,2019-01-01,6,641
INJ-12,B,2019-04-01,6,641
INJ-12,B,2019-07-01,6,641
INJ-12,B,2019-10-01,6,641
INJ-12,B,2020-01-01,6,641
INJ-12,B,2020-04-01,6,641
INJ-12,B,2020-07-01,6,641
INJ-12,B,2020-10-01,6,641
INJ-12,B,2021-01-01,6,641
INJ-12,B,2021-04-01,6,641
INJ-12,B,2021-07-01,6,641
INJ-12,B,2021-10-01,6,641
INJ-12,B,2022-01-01,6,641
INJ-12,B,2022-04-01,6,641
INJ-12,B,2022-07-01,6,641
INJ-12,B,2022-10-01,6,641
INJ-12,B,2023-01-01,6,641
INJ-12,B,2023-04-01,6,641
INJ-12,B,2023-07-01,6,641
INJ-12,B,2023-10-01,6,641
INJ-12,B,2024-01-01,6,641
INJ-12,B,2024-04-01,6,641
INJ-12,B,2024-07-01,6,641
INJ-12,B,2024-10-01,6,641
INJ-12,B,2025-01-01,6,641
INJ-12,B,2025-04-01,6,641
INJ-12,B,2025-07-01,6,641
INJ-12,B,2025-10-01,6,641
INJ-12,B,2026-01-01,6,641
INJ-12,B,2026-04-01,6,641
INJ-12,B,2026-07-01,6,641
INJ-12,C,2012-01-01,8,874
INJ-12,C,2012-04-01,8,874
INJ-12,C,2012-07-01,8,874
INJ-12,C,2012-10-01,8,874
INJ-12,C,2013-01-01,8,874
INJ-12,C,2013-04-01,8,874
INJ-12,C,2013-07-01,8,874
INJ-12,C,2013-10-01,8,874
INJ-12,C,2014-01-01,8,874
INJ-12,C,2014-04-01,8,874
INJ-12,C,2014-07-01,8,874
INJ-12,C,2014-10-01,8,874
INJ-12,C,2015-01-01,8,874
INJ-12,C,2015-04-01,8,874
INJ-12,C,2015-07-01,8,874
INJ-12,C,2015-10-01,8,874
INJ-12,C,2016-01-01,8,874
INJ-12,C,2016-04-01,8,874
INJ-12,C,2016-07-01,8,874
INJ-12,C,2016-10-01,8,874
INJ-12,C,2017-01-01,8,874
INJ-12,C,2017-04-01,8,874
INJ-12,C,2017-07-01,8,874
INJ-12,C,2017-10-01,8,874
INJ-12,C,2018-01-01,8,874
INJ-12,C,2018-04-01,8,874
INJ-12,C,2018-07-01,8,874
INJ-12,C,2018-10-01,8,874
INJ-12,C,2019-01-01,8,874
INJ-12,C,2019-04-01,8,874
INJ-12,C,2019-07-01,8,874
INJ-12,C,2019-10-01,8,874
INJ-12,C,2020-01-01,8,874
INJ-12,C,2020-04-01,8,874
INJ-12,C,2020-07-01,8,874
INJ-12,C,2020-10-01,8,874
INJ-12,C,2021-01-01,8,874
INJ-12,C,2021-04-01,8,874
INJ-12,C,2021-07-01,8,874
INJ-12,C,2021-10-01,8,874
INJ-12,C,2022-01-01,8,874
INJ-12,C,2022-04-01,8,874
INJ-12,C,2022-07-01,8,874
INJ-12,C,2022-10-01,8,874
INJ-12,C,2023-01-01,8,874
INJ-12,C,2023-04-01,8,874
INJ-12,C,2023-07-01,8,874
INJ-12,C,2023-10-01,8,874
INJ-12,C,2024-01-01,8,874
INJ-12,C,2024-04-01,8,874
INJ-12,C,2024-07-01,8,874
INJ-12,C,2024-10-01,8,874
INJ-12,C,2025-01-01,8,874
INJ-12,C,2025-04-01,8,874
INJ-12,C,2025-07-01,8,874
INJ-12,C,2025-10-01,8,874
INJ-12,C,2026-01-01,8,874
INJ-12,C,2026-04-01,8,874
INJ-12,C,2026-07-01,8,874
INJ-12,D,2012-01-01,4,415
INJ-12,D,2012-04-01,4,415
INJ-12,D,2012-07-01,4,415
INJ-12,D,2012-10-01,4,415
INJ-12,D,2013-01-01,4,415
INJ-12,D,2013-04-01,4,415
INJ-12,D,2013-07-01,4,415
INJ-12,D,2013-10-01,4,415
INJ-12,D,2014-01-01,4,415
INJ-12,D,2014-04-01,4,415
INJ-12,D,2014-07-01,4,415
INJ-12,D,2014-10-01,4,415
INJ-12,D,2015-01-01,4,415
INJ-12,D,2015-04-01,4,415
INJ-12,D,2015-07-01,4,415
INJ-12,D,2015-10-01,4,415
INJ-12,D,2016-01-01,4,415
INJ-12,D,2016-04-01,4,415
INJ-12,D,2016-07-01,4,415
INJ-12,D,2016-10-01,4,415
INJ-12,D,2017-01-01,4,415
INJ-12,D,2017-04-01,4,415
INJ-12,D,2017-07-01,4,415
INJ-12,D,2017-10-01,4,415
INJ-12,D,2018-01-01,4,415
INJ-12,D,2018-04-01,4,415
INJ-12,D,2018-07-01,4,415
INJ-12,D,2018-10-01,4,415
INJ-12,D,2019-01-01,4,415
INJ-12,D,2019-04-01,4,415
INJ-12,D,2019-07-01,4,415
INJ-12,D,2019-10-01,4,415
INJ-12,D,2020-01-01,4,415
INJ-12,D,2020-04-01,4,415
INJ-12,D,2020-07-01,4,415
INJ-12,D,2020-10-01,4,415
INJ-12,D,2021-01-01,4,415
INJ-12,D,2021-04-01,4,415
INJ-12,D,2021-07-01,4,415
INJ-12,D,2021-10-01,4,415
INJ-12,D,2022-01-01,4,415
INJ-12,D,2022-04-01,4,415
INJ-12,D,2022-07-01,4,415
INJ-12,D,2022-10-01,4,415
INJ-12,D,2023-01-01,4,415
INJ-12,D,2023-04-01,4,415
INJ-12,D,2023-07-01,4,415
INJ-12,D,2023-10-01,4,415
INJ-12,D,2024-01-01,4,415
INJ-12,D,2024-04-01,4,415
INJ-12,D,2024-07-01,4,415
INJ-12,D,2024-10-01,4,415
INJ-12,D,2025-01-01,4,415
INJ-12,D,2025-04-01,4,415
INJ-12,D,2025-07-01,4,415
INJ-12,D,2025-10-01,4,415
INJ-12,D,2026-01-01,4,415
INJ-12,D,2026-04-01,4,415
INJ-12,D,2026-07-01,4,415
INJ-12,E,2012-01-01,4,302
INJ-12,E,2012-04-01,4,302
INJ-12,E,2012-07-01,4,302
INJ-12,E,2012-10-01,4,302
INJ-12,E,2013-01-01,4,302
INJ-12,E,2013-04-01,4,302
INJ-12,E,2013-07-01,4,302
INJ-12,E,2013-10-01,4,302
INJ-12,E,2014-01-01,4,302
INJ-12,E,2014-04-01,4,302
INJ-12,E,2014-07-01,4,302
INJ-12,E,2014-10-01,4,302
INJ-12,E,2015-01-01,4,302
INJ-12,E,2015-04-01,4,302
INJ-12,E,2015-07-01,4,302
INJ-12,E,2015-10-01,4,302
INJ-12,E,2016-01-01,4,302
INJ-12,E,2016-04-01,4,302
INJ-12,E,2016-07-01,4,302
INJ-12,E,2016-10-01,4,302
INJ-12,E,2017-01-01,4,302
INJ-12,E,2017-04-01,4,302
INJ-12,E,2017-07-01,4,302
INJ-12,E,2017-10-01,4,302
INJ-12,E,2018-01-01,4,302
INJ-12,E,2018-04-01,4,302
INJ-12,E,2018-07-01,4,302
INJ-12,E,2018-10-01,4,302
INJ-12,E,2019-01-01,4,302
INJ-12,E,2019-04-01,4,302
INJ-12,E,2019-07-01,4,302
INJ-12,E,2019-10-01,4,302
INJ-12,E,2020-01-01,4,302
INJ-12,E,2020-04-01,4,302
INJ-12,E,2020-07-01,4,302
INJ-12,E,2020-10-01,4,302
INJ-12,E,2021-01-01,4,302
INJ-12,E,2021-04-01,4,302
INJ-12,E,2021-07-01,4,302
INJ-12,E,2021-10-01,4,302
INJ-12,E,2022-01-01,4,302
INJ-12,E,2022-04-01,4,302
INJ-12,E,2022-07-01,4,302
INJ-12,E,2022-10-01,4,302
INJ-12,E,2023-01-01,4,302
INJ-12,E,2023-04-01,4,302
INJ-12,E,2023-07-01,4,302
INJ-12,E,2023-10-01,4,302
INJ-12,E,2024-01-01,4,302
INJ-12,E,2024-04-01,4,302
INJ-12,E,2024-07-01,4,302
INJ-12,E,2024-10-01,4,302
INJ-12,E,2025-01-01,4,302
INJ-12,E,2025-04-01,4,302
INJ-12,E,2025-07-01,4,302
INJ-12,E,2025-10-01,4,302
INJ-12,E,2026-01-01,4,302
INJ-12,E,2026-04-01,4,302
INJ-12,E,2026-07-01,4,302
INJ-13,A,2016-07-01,12,580
INJ-13,A,2016-10-01,12,580
INJ-13,A,2017-01-01,12,580
INJ-13,A,2017-04-01,12,580
INJ-13,A,2017-07-01,12,580
INJ-13,A,2017-10-01,12,580
INJ-13,A,2018-01-01,12,580
INJ-13,A,2018-04-01,12,580
INJ-13,A,2018-07-01,12,580
INJ-13,A,2018-10-01,12,580
INJ-13,A,2019-01-01,12,580
INJ-13,A,2019-04-01,12,580
INJ-13,A,2019-07-01,12,580
INJ-13,A,2019-10-01,12,580
INJ-13,A,2020-01-01,12,580
INJ-13,A,2020-04-01,12,580
INJ-13,A,2020-07-01,12,580
INJ-13,A,2020-10-01,12,580
INJ-13,A,2021-01-01,12,580
INJ-13,A,2021-04-01,12,580
INJ-13,A,2021-07-01,12,580
INJ-13,A,2021-10-01,12,580
INJ-13,A,2022-01-01,12,580
INJ-13,A,2022-04-01,12,580
INJ-13,A,2022-07-01,12,580
INJ-13,A,2022-10-01,12,580
INJ-13,A,2023-01-01,12,580
INJ-13,A,2023-04-01,12,580
INJ-13,A,2023-07-01,12,580
INJ-13,A,2023-10-01,12,580
INJ-13,A,2024-01-01,12,580
INJ-13,A,2024-04-01,12,580
INJ-13,A,2024-07-01,12,580
INJ-13,A,2024-10-01,12,580
INJ-13,A,2025-01-01,12,580
INJ-13,A,2025-04-01,12,580
INJ-13,A,2025-07-01,12,580
INJ-13,A,2025-10-01,12,580
INJ-13,A,2026-01-01,12,580
INJ-13,A,2026-04-01,12,580
INJ-13,A,2026-07-01,12,580
INJ-13,B,2016-07-01,12,453
INJ-13,B,2016-10-01,12,453
INJ-13,B,2017-01-01,12,453
INJ-13,B,2017-04-01,12,453
INJ-13,B,2017-07-01,12,453
INJ-13,B,2017-10-01,12,453
INJ-13,B,2018-01-01,12,453
INJ-13,B,2018-04-01,12,453
INJ-13,B,2018-07-01,12,453
INJ-13,B,2018-10-01,12,453
INJ-13,B,2019-01-01,12,453
INJ-13,B,2019-04-01,12,453
INJ-13,B,2019-07-01,12,453
INJ-13,B,2019-10-01,12,453
INJ-13,B,2020-01-01,12,453
INJ-13,B,2020-04-01,12,453
INJ-13,B,2020-07-01,12,453
INJ-13,B,2020-10-01,12,453
INJ-13,B,2021-01-01,12,453
INJ-13,B,2021-04-01,12,453
INJ-13,B,2021-07-01,12,453
INJ-13,B,2021-10-01,12,453
INJ-13,B,2022-01-01,12,453
INJ-13,B,2022-04-01,12,453
INJ-13,B,2022-07-01,12,453
INJ-13,B,2022-10-01,12,453
INJ-13,B,2023-01-01,12,453
INJ-13,B,2023-04-01,12,453
INJ-13,B,2023-07-01,12,453
INJ-13,B,2023-10-01,12,453
INJ-13,B,2024-01-01,12,453
INJ-13,B,2024-04-01,12,453
INJ-13,B,2024-07-01,12,453
INJ-13,B,2024-10-01,12,453
INJ-13,B,2025-01-01,12,453
INJ-13,B,2025-04-01,12,453
INJ-13,B,2025-07-01,12,453
INJ-13,B,2025-10-01,12,453
INJ-13,B,2026-01-01,12,453
INJ-13,B,2026-04-01,12,453
INJ-13,B,2026-07-01,12,453
INJ-13,C,2016-07-01,12,586
INJ-13,C,2016-10-01,12,586
INJ-13,C,2017-01-01,12,586
INJ-13,C,2017-04-01,12,586
INJ-13,C,2017-07-01,12,586
INJ-13,C,2017-10-01,12,586
INJ-13,C,2018-01-01,12,586
INJ-13,C,2018-04-01,12,586
INJ-13,C,2018-07-01,12,586
INJ-13,C,2018-10-01,12,586
INJ-13,C,2019-01-01,12,586
INJ-13,C,2019-04-01,12,586
INJ-13,C,2019-07-01,12,586
INJ-13,C,2019-10-01,12,586
INJ-13,C,2020-01-01,12,586
INJ-13,C,2020-04-01,12,586
INJ-13,C,2020-07-01,12,586
INJ-13,C,2020-10-01,12,586
INJ-13,C,2021-01-01,12,586
INJ-13,C,2021-04-01,12,586
INJ-13,C,2021-07-01,12,586
INJ-13,C,2021-10-01,12,586
INJ-13,C,2022-01-01,12,586
INJ-13,C,2022-04-01,12,586
INJ-13,C,2022-07-01,12,586
INJ-13,C,2022-10-01,12,586
INJ-13,C,2023-01-01,12,586
INJ-13,C,2023-04-01,12,586
INJ-13,C,2023-07-01,12,586
INJ-13,C,2023-10-01,12,586
INJ-13,C,2024-01-01,12,586
INJ-13,C,2024-04-01,12,586
INJ-13,C,2024-07-01,12,586
INJ-13,C,2024-10-01,12,586
INJ-13,C,2025-01-01,12,586
INJ-13,C,2025-04-01,12,586
INJ-13,C,2025-07-01,12,586
INJ-13,C,2025-10-01,12,586
INJ-13,C,2026-01-01,12,586
INJ-13,C,2026-04-01,12,586
INJ-13,C,2026-07-01,12,586
INJ-13,D,2016-07-01,12,302
INJ-13,D,2016-10-01,12,302
INJ-13,D,2017-01-01,12,302
INJ-13,D,2017-04-01,12,302
INJ-13,D,2017-07-01,12,302
INJ-13,D,2017-10-01,12,302
INJ-13,D,2018-01-01,12,302
INJ-13,D,2018-04-01,12,302
INJ-13,D,2018-07-01,12,302
INJ-13,D,2018-10-01,12,302
INJ-13,D,2019-01-01,12,302
INJ-13,D,2019-04-01,12,302
INJ-13,D,2019-07-01,12,302
INJ-13,D,2019-10-01,12,302
INJ-13,D,2020-01-01,12,302
INJ-13,D,2020-04-01,12,302
INJ-13,D,2020-07-01,12,302
INJ-13,D,2020-10-01,12,302
INJ-13,D,2021-01-01,12,302
INJ-13,D,2021-04-01,12,302
INJ-13,D,2021-07-01,12,302
INJ-13,D,2021-10-01,12,302
INJ-13,D,2022-01-01,12,302
INJ-13,D,2022-04-01,12,302
INJ-13,D,2022-07-01,12,302
INJ-13,D,2022-10-01,12,302
INJ-13,D,2023-01-01,12,302
INJ-13,D,2023-04-01,12,302
INJ-13,D,2023-07-01,12,302
INJ-13,D,2023-10-01,12,302
INJ-13,D,2024-01-01,12,302
INJ-13,D,2024-04-01,12,302
INJ-13,D,2024-07-01,12,302
INJ-13,D,2024-10-01,12,302
INJ-13,D,2025-01-01,12,302
INJ-13,D,2025-04-01,12,302
INJ-13,D,2025-07-01,12,302
INJ-13,D,2025-10-01,12,302
INJ-13,D,2026-01-01,12,302
INJ-13,D,2026-04-01,12,302
INJ-13,D,2026-07-01,12,302
INJ-13,E,2016-07-01,12,211
INJ-13,E,2016-10-01,12,211
INJ-13,E,2017-01-01,12,211
INJ-13,E,2017-04-01,12,211
INJ-13,E,2017-07-01,12,211
INJ-13,E,2017-10-01,12,211
INJ-13,E,2018-01-01,12,211
INJ-13,E,2018-04-01,12,211
INJ-13,E,2018-07-01,12,211
INJ-13,E,2018-10-01,12,211
INJ-13,E,2019-01-01,12,211
INJ-13,E,2019-04-01,12,211
INJ-13,E,2019-07-01,12,211
INJ-13,E,2019-10-01,12,211
INJ-13,E,2020-01-01,12,211
INJ-13,E,2020-04-01,12,211
INJ-13,E,2020-07-01,12,211
INJ-13,E,2020-10-01,12,211
INJ-13,E,2021-01-01,12,211
INJ-13,E,2021-04-01,12,211
INJ-13,E,2021-07-01,12,211
INJ-13,E,2021-10-01,12,211
INJ-13,E,2022-01-01,12,211
INJ-13,E,2022-04-01,12,211
INJ-13,E,2022-07-01,12,211
INJ-13,E,2022-10-01,12,211
INJ-13,E,2023-01-01,12,211
INJ-13,E,2023-04-01,12,211
INJ-13,E,2023-07-01,12,211
INJ-13,E,2023-10-01,12,211
INJ-13,E,2024-01-01,12,211
INJ-13,E,2024-04-01,12,211
INJ-13,E,2024-07-01,12,211
INJ-13,E,2024-10-01,12,211
INJ-13,E,2025-01-01,12,211
INJ-13,E,2025-04-01,12,211
INJ-13,E,2025-07-01,12,211
INJ-13,E,2025-10-01,12,211
INJ-13,E,2026-01-01,12,211
INJ-13,E,2026-04-01,12,211
INJ-13,E,2026-07-01,12,211
INJ-14,A,2016-07-01,8,534
INJ-14,A,2016-10-01,8,534
INJ-14,A,2017-01-01,8,534
INJ-14,A,2017-04-01,8,534
INJ-14,A,2017-07-01,8,534
INJ-14,A,2017-10-01,8,534
INJ-14,A,2018-01-01,8,534
INJ-14,A,2018-04-01,8,534
INJ-14,A,2018-07-01,8,534
INJ-14,A,2018-10-01,8,534
INJ-14,A,2019-01-01,8,534
INJ-14,A,2019-04-01,8,534
INJ-14,A,2019-07-01,8,534
INJ-14,A,2019-10-01,8,534
INJ-14,A,2020-01-01,8,534
INJ-14,A,2020-04-01,8,534
INJ-14,A,2020-07-01,8,534
INJ-14,A,2020-10-01,8,534
INJ-14,A,2021-01-01,8,534
INJ-14,A,2021-04-01,8,534
INJ-14,A,2021-07-01,8,534
INJ-14,A,2021-10-01,8,534
INJ-14,A,2022-01-01,8,534
INJ-14,A,2022-04-01,8,534
INJ-14,A,2022-07-01,8,534
INJ-14,A,2022-10-01,8,534
INJ-14,A,2023-01-01,8,534
INJ-14,A,2023-04-01,8,534
INJ-14,A,2023-07-01,8,534
INJ-14,A,2023-10-01,8,534
INJ-14,A,2024-01-01,8,534
INJ-14,A,2024-04-01,8,534
INJ-14,A,2024-07-01,8,534
INJ-14,A,2024-10-01,8,534
INJ-14,A,2025-01-01,8,534
INJ-14,A,2025-04-01,8,534
INJ-14,A,2025-07-01,8,534
INJ-14,A,2025-10-01,8,534
INJ-14,A,2026-01-01,8,534
INJ-14,A,2026-04-01,8,534
INJ-14,A,2026-07-01,8,534
INJ-14,B,2016-07-01,6,404
INJ-14,B,2016-10-01,6,404
INJ-14,B,2017-01-01,6,404
INJ-14,B,2017-04-01,6,404
INJ-14,B,2017-07-01,6,404
INJ-14,B,2017-10-01,6,404
INJ-14,B,2018-01-01,6,404
INJ-14,B,2018-04-01,6,404
INJ-14,B,2018-07-01,6,404
INJ-14,B,2018-10-01,6,404
INJ-14,B,2019-01-01,6,404
INJ-14,B,2019-04-01,6,404
INJ-14,B,2019-07-01,6,404
INJ-14,B,2019-10-01,6,404
INJ-14,B,2020-01-01,6,404
INJ-14,B,2020-04-01,6,404
INJ-14,B,2020-07-01,6,404
INJ-14,B,2020-10-01,6,404
INJ-14,B,2021-01-01,6,404
INJ-14,B,2021-04-01,6,404
INJ-14,B,2021-07-01,6,404
INJ-14,B,2021-10-01,6,404
INJ-14,B,2022-01-01,6,404
INJ-14,B,2022-04-01,6,404
INJ-14,B,2022-07-01,6,404
INJ-14,B,2022-10-01,6,404
INJ-14,B,2023-01-01,6,404
INJ-14,B,2023-04-01,6,404
INJ-14,B,2023-07-01,6,404
INJ-14,B,2023-10-01,6,404
INJ-14,B,2024-01-01,6,404
INJ-14,B,2024-04-01,6,404
INJ-14,B,2024-07-01,6,404
INJ-14,B,2024-10-01,6,404
INJ-14,B,2025-01-01,6,404
INJ-14,B,2025-04-01,6,404
INJ-14,B,2025-07-01,6,404
INJ-14,B,2025-10-01,6,404
INJ-14,B,2026-01-01,6,404
INJ-14,B,2026-04-01,6,404
INJ-14,B,2026-07-01,6,404
INJ-14,C,2016-07-01,8,574
INJ-14,C,2016-10-01,8,574
INJ-14,C,2017-01-01,8,574
INJ-14,C,2017-04-01,8,574
INJ-14,C,2017-07-01,8,574
INJ-14,C,2017-10-01,8,574
INJ-14,C,2018-01-01,8,574
INJ-14,C,2018-04-01,8,574
INJ-14,C,2018-07-01,8,574
INJ-14,C,2018-10-01,8,574
INJ-14,C,2019-01-01,8,574
INJ-14,C,2019-04-01,8,574
INJ-14,C,2019-07-01,8,574
INJ-14,C,2019-10-01,8,574
INJ-14,C,2020-01-01,8,574
INJ-14,C,2020-04-01,8,574
INJ-14,C,2020-07-01,8,574
INJ-14,C,2020-10-01,8,574
INJ-14,C,2021-01-01,8,574
INJ-14,C,2021-04-01,8,574
INJ-14,C,2021-07-01,8,574
INJ-14,C,2021-10-01,8,574
INJ-14,C,2022-01-01,8,574
INJ-14,C,2022-04-01,8,574
INJ-14,C,2022-07-01,8,574
INJ-14,C,2022-10-01,8,574
INJ-14,C,2023-01-01,8,574
INJ-14,C,2023-04-01,8,574
INJ-14,C,2023-07-01,8,574
INJ-14,C,2023-10-01,8,574
INJ-14,C,2024-01-01,8,574
INJ-14,C,2024-04-01,8,574
INJ-14,C,2024-07-01,8,574
INJ-14,C,2024-10-01,8,574
INJ-14,C,2025-01-01,8,574
INJ-14,C,2025-04-01,8,574
INJ-14,C,2025-07-01,8,574
INJ-14,C,2025-10-01,8,574
INJ-14,C,2026-01-01,8,574
INJ-14,C,2026-04-01,8,574
INJ-14,C,2026-07-01,8,574
INJ-14,D,2016-07-01,4,289
INJ-14,D,2016-10-01,4,289
INJ-14,D,2017-01-01,4,289
INJ-14,D,2017-04-01,4,289
INJ-14,D,2017-07-01,4,289
INJ-14,D,2017-10-01,4,289
INJ-14,D,2018-01-01,4,289
INJ-14,D,2018-04-01,4,289
INJ-14,D,2018-07-01,4,289
INJ-14,D,2018-10-01,4,289
INJ-14,D,2019-01-01,4,289
INJ-14,D,2019-04-01,4,289
INJ-14,D,2019-07-01,4,289
INJ-14,D,2019-10-01,4,289
INJ-14,D,2020-01-01,4,289
INJ-14,D,2020-04-01,4,289
INJ-14,D,2020-07-01,4,289
INJ-14,D,2020-10-01,4,289
INJ-14,D,2021-01-01,4,289
INJ-14,D,2021-04-01,4,289
INJ-14,D,2021-07-01,4,289
INJ-14,D,2021-10-01,4,289
INJ-14,D,2022-01-01,4,289
INJ-14,D,2022-04-01,4,289
INJ-14,D,2022-07-01,4,289
INJ-14,D,2022-10-01,4,289
INJ-14,D,2023-01-01,4,289
INJ-14,D,2023-04-01,4,289
INJ-14,D,2023-07-01,4,289
INJ-14,D,2023-10-01,4,289
INJ-14,D,2024-01-01,4,289
INJ-14,D,2024-04-01,4,289
INJ-14,D,2024-07-01,4,289
INJ-14,D,2024-10-01,4,289
INJ-14,D,2025-01-01,4,289
INJ-14,D,2025-04-01,4,289
INJ-14,D,2025-07-01,4,289
INJ-14,D,2025-10-01,4,289
INJ-14,D,2026-01-01,4,289
INJ-14,D,2026-04-01,4,289
INJ-14,D,2026-07-01,4,289
INJ-14,E,2016-07-01,4,195
INJ-14,E,2016-10-01,4,195
INJ-14,E,2017-01-01,4,195
INJ-14,E,2017-04-01,4,195
INJ-14,E,2017-07-01,4,195
INJ-14,E,2017-10-01,4,195
INJ-14,E,2018-01-01,4,195
INJ-14,E,2018-04-01,4,195
INJ-14,E,2018-07-01,4,195
INJ-14,E,2018-10-01,4,195
INJ-14,E,2019-01-01,4,195
INJ-14,E,2019-04-01,4,195
INJ-14,E,2019-07-01,4,195
INJ-14,E,2019-10-01,4,195
INJ-14,E,2020-01-01,4,195
INJ-14,E,2020-04-01,4,195
INJ-14,E,2020-07-01,4,195
INJ-14,E,2020-10-01,4,195
INJ-14,E,2021-01-01,4,195
INJ-14,E,2021-04-01,4,195
INJ-14,E,2021-07-01,4,195
INJ-14,E,2021-10-01,4,195
INJ-14,E,2022-01-01,4,195
INJ-14,E,2022-04-01,4,195
INJ-14,E,2022-07-01,4,195
INJ-14,E,2022-10-01,4,195
INJ-14,E,2023-01-01,4,195
INJ-14,E,2023-04-01,4,195
INJ-14,E,2023-07-01,4,195
INJ-14,E,2023-10-01,4,195
INJ-14,E,2024-01-01,4,195
INJ-14,E,2024-04-01,4,195
INJ-14,E,2024-07-01,4,195
INJ-14,E,2024-10-01,4,195
INJ-14,E,2025-01-01,4,195
INJ-14,E,2025-04-01,4,195
INJ-14,E,2025-07-01,4,195
INJ-14,E,2025-10-01,4,195
INJ-14,E,2026-01-01,4,195
INJ-14,E,2026-04-01,4,195
INJ-14,E,2026-07-01,4,195
INJ-15,A,2016-01-01,8,650
INJ-15,A,2016-04-01,8,650
INJ-15,A,2016-07-01,8,650
INJ-15,A,2016-10-01,8,650
INJ-15,A,2017-01-01,8,650
INJ-15,A,2017-04-01,8,650
INJ-15,A,2017-07-01,8,650
INJ-15,A,2017-10-01,8,650
INJ-15,A,2018-01-01,8,650
INJ-15,A,2018-04-01,8,650
INJ-15,A,2018-07-01,8,650
INJ-15,A,2018-10-01,8,650
INJ-15,A,2019-01-01,8,650
INJ-15,A,2019-04-01,8,650
INJ-15,A,2019-07-01,8,650
INJ-15,A,2019-10-01,8,650
INJ-15,A,2020-01-01,8,650
INJ-15,A,2020-04-01,8,650
INJ-15,A,2020-07-01,8,650
INJ-15,A,2020-10-01,8,650
INJ-15,A,2021-01-01,8,650
INJ-15,A,2021-04-01,8,650
INJ-15,A,2021-07-01,8,650
INJ-15,A,2021-10-01,8,650
INJ-15,A,2022-01-01,8,650
INJ-15,A,2022-04-01,8,650
INJ-15,A,2022-07-01,8,650
INJ-15,A,2022-10-01,8,650
INJ-15,A,2023-01-01,8,650
INJ-15,A,2023-04-01,8,650
INJ-15,A,2023-07-01,8,650
INJ-15,A,2023-10-01,8,650
INJ-15,A,2024-01-01,8,650
INJ-15,A,2024-04-01,8,650
INJ-15,A,2024-07-01,8,650
INJ-15,A,2024-10-01,8,650
INJ-15,A,2025-01-01,8,650
INJ-15,A,2025-04-01,8,650
INJ-15,A,2025-07-01,8,650
INJ-15,A,2025-10-01,8,650
INJ-15,A,2026-01-01,8,650
INJ-15,A,2026-04-01,8,650
INJ-15,A,2026-07-01,8,650
INJ-15,B,2016-01-01,6,485
INJ-15,B,2016-04-01,6,485
INJ-15,B,2016-07-01,6,485
INJ-15,B,2016-10-01,6,485
INJ-15,B,2017-01-01,6,485
INJ-15,B,2017-04-01,6,485
INJ-15,B,2017-07-01,6,485
INJ-15,B,2017-10-01,6,485
INJ-15,B,2018-01-01,6,485
INJ-15,B,2018-04-01,6,485
INJ-15,B,2018-07-01,6,485
INJ-15,B,2018-10-01,6,485
INJ-15,B,2019-01-01,6,485
INJ-15,B,2019-04-01,6,485
INJ-15,B,2019-07-01,6,485
INJ-15,B,2019-10-01,6,485
INJ-15,B,2020-01-01,6,485
INJ-15,B,2020-04-01,6,485
INJ-15,B,2020-07-01,6,485
INJ-15,B,2020-10-01,6,485
INJ-15,B,2021-01-01,6,485
INJ-15,B,2021-04-01,6,485
INJ-15,B,2021-07-01,6,485
INJ-15,B,2021-10-01,6,485
INJ-15,B,2022-01-01,6,485
INJ-15,B,2022-04-01,6,485
INJ-15,B,2022-07-01,6,485
INJ-15,B,2022-10-01,6,485
INJ-15,B,2023-01-01,6,485
INJ-15,B,2023-04-01,6,485
INJ-15,B,2023-07-01,6,485
INJ-15,B,2023-10-01,6,485
INJ-15,B,2024-01-01,6,485
INJ-15,B,2024-04-01,6,485
INJ-15,B,2024-07-01,6,485
INJ-15,B,2024-10-01,6,485
INJ-15,B,2025-01-01,6,485
INJ-15,B,2025-04-01,6,485
INJ-15,B,2025-07-01,6,485
INJ-15,B,2025-10-01,6,485
INJ-15,B,2026-01-01,6,485
INJ-15,B,2026-04-01,6,485
INJ-15,B,2026-07-01,6,485
INJ-15,C,2016-01-01,8,585
INJ-15,C,2016-04-01,8,585
INJ-15,C,2016-07-01,8,585
INJ-15,C,2016-10-01,8,585
INJ-15,C,2017-01-01,8,585
INJ-15,C,2017-04-01,8,585
INJ-15,C,2017-07-01,8,585
INJ-15,C,2017-10-01,8,585
INJ-15,C,2018-01-01,8,585
INJ-15,C,2018-04-01,8,585
INJ-15,C,2018-07-01,8,585
INJ-15,C,2018-10-01,8,585
INJ-15,C,2019-01-01,8,585
INJ-15,C,2019-04-01,8,585
INJ-15,C,2019-07-01,8,585
INJ-15,C,2019-10-01,8,585
INJ-15,C,2020-01-01,8,585
INJ-15,C,2020-04-01,8,585
INJ-15,C,2020-07-01,8,585
INJ-15,C,2020-10-01,8,585
INJ-15,C,2021-01-01,8,585
INJ-15,C,2021-04-01,8,585
INJ-15,C,2021-07-01,8,585
INJ-15,C,2021-10-01,8,585
INJ-15,C,2022-01-01,8,585
INJ-15,C,2022-04-01,8,585
INJ-15,C,2022-07-01,8,585
INJ-15,C,2022-10-01,8,585
INJ-15,C,2023-01-01,8,585
INJ-15,C,2023-04-01,8,585
INJ-15,C,2023-07-01,8,585
INJ-15,C,2023-10-01,8,585
INJ-15,C,2024-01-01,8,585
INJ-15,C,2024-04-01,8,585
INJ-15,C,2024-07-01,8,585
INJ-15,C,2024-10-01,8,585
INJ-15,C,2025-01-01,8,585
INJ-15,C,2025-04-01,8,585
INJ-15,C,2025-07-01,8,585
INJ-15,C,2025-10-01,8,585
INJ-15,C,2026-01-01,8,585
INJ-15,C,2026-04-01,8,585
INJ-15,C,2026-07-01,8,585
INJ-15,D,2016-01-01,4,344
INJ-15,D,2016-04-01,4,344
INJ-15,D,2016-07-01,4,344
INJ-15,D,2016-10-01,4,344
INJ-15,D,2017-01-01,4,344
INJ-15,D,2017-04-01,4,344
INJ-15,D,2017-07-01,4,344
INJ-15,D,2017-10-01,4,344
INJ-15,D,2018-01-01,4,344
INJ-15,D,2018-04-01,4,344
INJ-15,D,2018-07-01,4,344
INJ-15,D,2018-10-01,4,344
INJ-15,D,2019-01-01,4,344
INJ-15,D,2019-04-01,4,344
INJ-15,D,2019-07-01,4,344
INJ-15,D,2019-10-01,4,344
INJ-15,D,2020-01-01,4,344
INJ-15,D,2020-04-01,4,344
INJ-15,D,2020-07-01,4,344
INJ-15,D,2020-10-01,4,344
INJ-15,D,2021-01-01,4,344
INJ-15,D,2021-04-01,4,344
INJ-15,D,2021-07-01,4,344
INJ-15,D,2021-10-01,4,344
INJ-15,D,2022-01-01,4,344
INJ-15,D,2022-04-01,4,344
INJ-15,D,2022-07-01,4,344
INJ-15,D,2022-10-01,4,344
INJ-15,D,2023-01-01,4,344
INJ-15,D,2023-04-01,4,344
INJ-15,D,2023-07-01,4,344
INJ-15,D,2023-10-01,4,344
INJ-15,D,2024-01-01,4,344
INJ-15,D,2024-04-01,4,344
INJ-15,D,2024-07-01,4,344
INJ-15,D,2024-10-01,4,344
INJ-15,D,2025-01-01,4,344
INJ-15,D,2025-04-01,4,344
INJ-15,D,2025-07-01,4,344
INJ-15,D,2025-10-01,4,344
INJ-15,D,2026-01-01,4,344
INJ-15,D,2026-04-01,4,344
INJ-15,D,2026-07-01,4,344
INJ-15,E,2016-01-01,4,205
INJ-15,E,2016-04-01,4,205
INJ-15,E,2016-07-01,4,205
INJ-15,E,2016-10-01,4,205
INJ-15,E,2017-01-01,4,205
INJ-15,E,2017-04-01,4,205
INJ-15,E,2017-07-01,4,205
INJ-15,E,2017-10-01,4,205
INJ-15,E,2018-01-01,4,205
INJ-15,E,2018-04-01,4,205
INJ-15,E,2018-07-01,4,205
INJ-15,E,2018-10-01,4,205
INJ-15,E,2019-01-01,4,205
INJ-15,E,2019-04-01,4,205
INJ-15,E,2019-07-01,4,205
INJ-15,E,2019-10-01,4,205
INJ-15,E,2020-01-01,4,205
INJ-15,E,2020-04-01,4,205
INJ-15,E,2020-07-01,4,205
INJ-15,E,2020-10-01,4,205
INJ-15,E,2021-01-01,4,205
INJ-15,E,2021-04-01,4,205
INJ-15,E,2021-07-01,4,205
INJ-15,E,2021-10-01,4,205
INJ-15,E,2022-01-01,4,205
INJ-15,E,2022-04-01,4,205
INJ-15,E,2022-07-01,4,205
INJ-15,E,2022-10-01,4,205
INJ-15,E,2023-01-01,4,205
INJ-15,E,2023-04-01,4,205
INJ-15,E,2023-07-01,4,205
INJ-15,E,2023-10-01,4,205
INJ-15,E,2024-01-01,4,205
INJ-15,E,2024-04-01,4,205
INJ-15,E,2024-07-01,4,205
INJ-15,E,2024-10-01,4,205
INJ-15,E,2025-01-01,4,205
INJ-15,E,2025-04-01,4,205
INJ-15,E,2025-07-01,4,205
INJ-15,E,2025-10-01,4,205
INJ-15,E,2026-01-01,4,205
INJ-15,E,2026-04-01,4,205
INJ-15,E,2026-07-01,4,205
