Well,Sand,Date,BWIPD
INJ-01,A,2011-01-01,168.4
INJ-01,B,2011-01-01,67
INJ-01,C,2011-01-01,126.1
INJ-01,D,2011-01-01,28.3
INJ-01,E,2011-01-01,10.9
INJ-01,A,2011-07-01,895.5
INJ-01,B,2011-07-01,379.1
INJ-01,C,2011-07-01,697.7
INJ-01,D,2011-07-01,148.3
INJ-01,E,2011-07-01,56.1
INJ-01,A,2012-01-01,996.2
INJ-01,B,2012-01-01,461.8
INJ-01,C,2012-01-01,782.2
INJ-01,D,2012-01-01,170.4
INJ-01,E,2012-01-01,62.9
INJ-01,A,2012-07-01,863.8
INJ-01,B,2012-07-01,369
INJ-01,C,2012-07-01,722.4
INJ-01,D,2012-07-01,138.4
INJ-01,E,2012-07-01,58.4
INJ-01,A,2013-01-01,877.3
INJ-01,B,2013-01-01,394.4
INJ-01,C,2013-01-01,666.3
INJ-01,D,2013-01-01,130.5
INJ-01,E,2013-01-01,55.3
INJ-01,A,2013-07-01,964.2
INJ-01,B,2013-07-01,380
INJ-01,C,2013-07-01,738.4
INJ-01,D,2013-07-01,146.6
INJ-01,E,2013-07-01,51.7
INJ-01,A,2014-01-01,1006.6
INJ-01,B,2014-01-01,408.5
INJ-01,C,2014-01-01,743.6
INJ-01,D,2014-01-01,142.3
INJ-01,E,2014-01-01,60
INJ-01,A,2014-07-01,903.1
INJ-01,B,2014-07-01,370.9
INJ-01,C,2014-07-01,596.9
INJ-01,D,2014-07-01,124.9
INJ-01,E,2014-07-01,49.7
INJ-01,A,2015-01-01,907.4
INJ-01,B,2015-01-01,374
INJ-01,C,2015-01-01,599
INJ-01,D,2015-01-01,123.6
INJ-01,E,2015-01-01,47.9
INJ-01,A,2015-07-01,1048.3
INJ-01,B,2015-07-01,396.3
INJ-01,C,2015-07-01,677.7
INJ-01,D,2015-07-01,122.3
INJ-01,E,2015-07-01,58.7
INJ-01,A,2016-01-01,1037
INJ-01,B,2016-01-01,391.1
INJ-01,C,2016-01-01,675.8
INJ-01,D,2016-01-01,139.6
INJ-01,E,2016-01-01,57.5
INJ-01,A,2016-07-01,1039.5
INJ-01,B,2016-07-01,394
INJ-01,C,2016-07-01,662.9
INJ-01,D,2016-07-01,139.1
INJ-01,E,2016-07-01,53.4
INJ-01,A,2017-01-01,1041.9
INJ-01,B,2017-01-01,395.5
INJ-01,C,2017-01-01,662.3
INJ-01,D,2017-01-01,129
INJ-01,E,2017-01-01,54
INJ-01,A,2017-07-01,1118
INJ-01,B,2017-07-01,392.4
INJ-01,C,2017-07-01,644.4
INJ-01,D,2017-07-01,125.3
INJ-01,E,2017-07-01,58.1
INJ-01,A,2018-01-01,1086.4
INJ-01,B,2018-01-01,426.4
INJ-01,C,2018-01-01,670
INJ-01,D,2018-01-01,139.3
INJ-01,E,2018-01-01,61.8
INJ-01,A,2018-07-01,1143.6
INJ-01,B,2018-07-01,391.1
INJ-01,C,2018-07-01,685.1
INJ-01,D,2018-07-01,138.7
INJ-01,E,2018-07-01,61.3
INJ-01,A,2019-01-01,1074.6
INJ-01,B,2019-01-01,345.8
INJ-01,C,2019-01-01,642
INJ-01,D,2019-01-01,125.3
INJ-01,E,2019-01-01,63.4
INJ-01,A,2019-07-01,1007.9
INJ-01,B,2019-07-01,412.9
INJ-01,C,2019-07-01,644.2
INJ-01,D,2019-07-01,139
INJ-01,E,2019-07-01,67.6
INJ-01,A,2020-01-01,1079.3
INJ-01,B,2020-01-01,413.4
INJ-01,C,2020-01-01,696.6
INJ-01,D,2020-01-01,151.3
INJ-01,E,2020-01-01,63.8
INJ-01,A,2020-07-01,1118.4
INJ-01,B,2020-07-01,370.7
INJ-01,C,2020-07-01,694.2
INJ-01,D,2020-07-01,150.2
INJ-01,E,2020-07-01,68.3
INJ-01,A,2021-01-01,1010
INJ-01,B,2021-01-01,379.1
INJ-01,C,2021-01-01,611.7
INJ-01,D,2021-01-01,144.1
INJ-01,E,2021-01-01,67.2
INJ-01,A,2021-07-01,882.5
INJ-01,B,2021-07-01,336.9
INJ-01,C,2021-07-01,602
INJ-01,D,2021-07-01,137.8
INJ-01,E,2021-07-01,59.1
INJ-01,A,2022-01-01,955.9
INJ-01,B,2022-01-01,333.1
INJ-01,C,2022-01-01,643.9
INJ-01,D,2022-01-01,143.1
INJ-01,E,2022-01-01,64.1
INJ-01,A,2022-07-01,942.6
INJ-01,B,2022-07-01,363.7
INJ-01,C,2022-07-01,634.8
INJ-01,D,2022-07-01,152
INJ-01,E,2022-07-01,71.2
INJ-01,A,2023-01-01,962.5
INJ-01,B,2023-01-01,363.8
INJ-01,C,2023-01-01,738.3
INJ-01,D,2023-01-01,156.9
INJ-01,E,2023-01-01,64.9
INJ-01,A,2023-07-01,1056.7
INJ-01,B,2023-07-01,404.5
INJ-01,C,2023-07-01,713.6
INJ-01,D,2023-07-01,167.7
INJ-01,E,2023-07-01,67.8
INJ-01,A,2024-01-01,855.1
INJ-01,B,2024-01-01,358.9
INJ-01,C,2024-01-01,647.2
INJ-01,D,2024-01-01,142.2
INJ-01,E,2024-01-01,63.1
INJ-01,A,2024-07-01,1013.9
INJ-01,B,2024-07-01,395
INJ-01,C,2024-07-01,754.1
INJ-01,D,2024-07-01,169
INJ-01,E,2024-07-01,67.1
INJ-01,A,2025-01-01,934.8
INJ-01,B,2025-01-01,382.9
INJ-01,C,2025-01-01,730.5
INJ-01,D,2025-01-01,155.6
INJ-01,E,2025-01-01,60
INJ-01,A,2025-07-01,874
INJ-01,B,2025-07-01,335.3
INJ-01,C,2025-07-01,648.4
INJ-01,D,2025-07-01,136.9
INJ-01,E,2025-07-01,57.5
INJ-01,A,2026-01-01,1046.9
INJ-01,B,2026-01-01,399.9
INJ-01,C,2026-01-01,722.1
INJ-01,D,2026-01-01,167.5
INJ-01,E,2026-01-01,64.3
INJ-01,A,2026-07-01,905.7
INJ-01,B,2026-07-01,384.2
INJ-01,C,2026-07-01,709.1
INJ-01,D,2026-07-01,154
INJ-01,E,2026-07-01,64.1
INJ-02,A,2011-01-01,238.9
INJ-02,B,2011-01-01,69.7
INJ-02,C,2011-01-01,83
INJ-02,D,2011-01-01,17.7
INJ-02,E,2011-01-01,10.9
INJ-02,A,2011-07-01,1465.7
INJ-02,B,2011-07-01,410
INJ-02,C,2011-07-01,567.6
INJ-02,D,2011-07-01,108.2
INJ-02,E,2011-07-01,71.2
INJ-02,A,2012-01-01,1309.6
INJ-02,B,2012-01-01,379.5
INJ-02,C,2012-01-01,493
INJ-02,D,2012-01-01,95
INJ-02,E,2012-01-01,60.5
INJ-02,A,2012-07-01,1601.7
INJ-02,B,2012-07-01,420.6
INJ-02,C,2012-07-01,537.6
INJ-02,D,2012-07-01,100.1
INJ-02,E,2012-07-01,64
INJ-02,A,2013-01-01,1560.1
INJ-02,B,2013-01-01,428.5
INJ-02,C,2013-01-01,529.8
INJ-02,D,2013-01-01,95.1
INJ-02,E,2013-01-01,64.6
INJ-02,A,2013-07-01,1383.4
INJ-02,B,2013-07-01,391.8
INJ-02,C,2013-07-01,526.9
INJ-02,D,2013-07-01,83.9
INJ-02,E,2013-07-01,55.8
INJ-02,A,2014-01-01,1600.6
INJ-02,B,2014-01-01,486
INJ-02,C,2014-01-01,557
INJ-02,D,2014-01-01,105.1
INJ-02,E,2014-01-01,63.2
INJ-02,A,2014-07-01,1354.4
INJ-02,B,2014-07-01,390.4
INJ-02,C,2014-07-01,438
INJ-02,D,2014-07-01,82.3
INJ-02,E,2014-07-01,57.1
INJ-02,A,2015-01-01,1507.8
INJ-02,B,2015-01-01,413.7
INJ-02,C,2015-01-01,486.2
INJ-02,D,2015-01-01,84.6
INJ-02,E,2015-01-01,53
INJ-02,A,2015-07-01,1722.1
INJ-02,B,2015-07-01,401
INJ-02,C,2015-07-01,478.2
INJ-02,D,2015-07-01,86.7
INJ-02,E,2015-07-01,60.7
INJ-02,A,2016-01-01,1497.6
INJ-02,B,2016-01-01,400
INJ-02,C,2016-01-01,447.6
INJ-02,D,2016-01-01,84.3
INJ-02,E,2016-01-01,56.5
INJ-02,A,2016-07-01,1668.7
INJ-02,B,2016-07-01,450.5
INJ-02,C,2016-07-01,503.2
INJ-02,D,2016-07-01,95.3
INJ-02,E,2016-07-01,68.2
INJ-02,A,2017-01-01,1640.5
INJ-02,B,2017-01-01,423.5
INJ-02,C,2017-01-01,466.6
INJ-02,D,2017-01-01,87
INJ-02,E,2017-01-01,64.9
INJ-02,A,2017-07-01,1794.3
INJ-02,B,2017-07-01,438.6
INJ-02,C,2017-07-01,512
INJ-02,D,2017-07-01,100.3
INJ-02,E,2017-07-01,67.2
INJ-02,A,2018-01-01,1852.7
INJ-02,B,2018-01-01,443.1
INJ-02,C,2018-01-01,506.2
INJ-02,D,2018-01-01,100.3
INJ-02,E,2018-01-01,68.9
INJ-02,A,2018-07-01,1531.1
INJ-02,B,2018-07-01,403.6
INJ-02,C,2018-07-01,462.5
INJ-02,D,2018-07-01,92.1
INJ-02,E,2018-07-01,67.3
INJ-02,A,2019-01-01,1543.6
INJ-02,B,2019-01-01,362.2
INJ-02,C,2019-01-01,441.1
INJ-02,D,2019-01-01,97
INJ-02,E,2019-01-01,67.7
INJ-02,A,2019-07-01,1682.6
INJ-02,B,2019-07-01,397.5
INJ-02,C,2019-07-01,438
INJ-02,D,2019-07-01,93.2
INJ-02,E,2019-07-01,68.6
INJ-02,A,2020-01-01,1715.6
INJ-02,B,2020-01-01,396.9
INJ-02,C,2020-01-01,476.9
INJ-02,D,2020-01-01,101.1
INJ-02,E,2020-01-01,73.4
INJ-02,A,2020-07-01,1693.6
INJ-02,B,2020-07-01,383.6
INJ-02,C,2020-07-01,458
INJ-02,D,2020-07-01,100.9
INJ-02,E,2020-07-01,72.7
INJ-02,A,2021-01-01,1582.6
INJ-02,B,2021-01-01,434.6
INJ-02,C,2021-01-01,546
INJ-02,D,2021-01-01,102.8
INJ-02,E,2021-01-01,81.6
INJ-02,A,2021-07-01,1579.6
INJ-02,B,2021-07-01,402.1
INJ-02,C,2021-07-01,532.1
INJ-02,D,2021-07-01,108.1
INJ-02,E,2021-07-01,75.1
INJ-02,A,2022-01-01,1778.3
INJ-02,B,2022-01-01,407.8
INJ-02,C,2022-01-01,508.9
INJ-02,D,2022-01-01,113.2
INJ-02,E,2022-01-01,79.5
INJ-02,A,2022-07-01,1388.9
INJ-02,B,2022-07-01,374.9
INJ-02,C,2022-07-01,475.6
INJ-02,D,2022-07-01,107.1
INJ-02,E,2022-07-01,74.1
INJ-02,A,2023-01-01,1655.7
INJ-02,B,2023-01-01,467.2
INJ-02,C,2023-01-01,576.5
INJ-02,D,2023-01-01,112.3
INJ-02,E,2023-01-01,86.9
INJ-02,A,2023-07-01,1516.8
INJ-02,B,2023-07-01,370.1
INJ-02,C,2023-07-01,507.4
INJ-02,D,2023-07-01,109.2
INJ-02,E,2023-07-01,74.9
INJ-02,A,2024-01-01,1574.7
INJ-02,B,2024-01-01,421.5
INJ-02,C,2024-01-01,508.1
INJ-02,D,2024-01-01,119.7
INJ-02,E,2024-01-01,83.2
INJ-02,A,2024-07-01,1351
INJ-02,B,2024-07-01,361.5
INJ-02,C,2024-07-01,500.2
INJ-02,D,2024-07-01,106
INJ-02,E,2024-07-01,78.1
INJ-02,A,2025-01-01,1328
INJ-02,B,2025-01-01,388.3
INJ-02,C,2025-01-01,503.7
INJ-02,D,2025-01-01,108
INJ-02,E,2025-01-01,65.9
INJ-02,A,2025-07-01,1336.8
INJ-02,B,2025-07-01,364.1
INJ-02,C,2025-07-01,524.3
INJ-02,D,2025-07-01,98.1
INJ-02,E,2025-07-01,68.6
INJ-02,A,2026-01-01,1389
INJ-02,B,2026-01-01,380.4
INJ-02,C,2026-01-01,514.3
INJ-02,D,2026-01-01,117.3
INJ-02,E,2026-01-01,70.6
INJ-02,A,2026-07-01,1380.2
INJ-02,B,2026-07-01,401.8
INJ-02,C,2026-07-01,481.6
INJ-02,D,2026-07-01,102.6
INJ-02,E,2026-07-01,62.1
INJ-03,A,2011-07-01,293.7
INJ-03,B,2011-07-01,119.8
INJ-03,C,2011-07-01,241.8
INJ-03,D,2011-07-01,49.4
INJ-03,E,2011-07-01,18.3
INJ-03,A,2012-01-01,897.8
INJ-03,B,2012-01-01,389.8
INJ-03,C,2012-01-01,706.7
INJ-03,D,2012-01-01,152.2
INJ-03,E,2012-01-01,59
INJ-03,A,2012-07-01,848
INJ-03,B,2012-07-01,347.9
INJ-03,C,2012-07-01,664
INJ-03,D,2012-07-01,125
INJ-03,E,2012-07-01,50.7
INJ-03,A,2013-01-01,944.3
INJ-03,B,2013-01-01,408.9
INJ-03,C,2013-01-01,676.9
INJ-03,D,2013-01-01,142.9
INJ-03,E,2013-01-01,56.6
INJ-03,A,2013-07-01,928.3
INJ-03,B,2013-07-01,386.1
INJ-03,C,2013-07-01,698.3
INJ-03,D,2013-07-01,126.9
INJ-03,E,2013-07-01,52.5
INJ-03,A,2014-01-01,962.5
INJ-03,B,2014-01-01,393.2
INJ-03,C,2014-01-01,692.9
INJ-03,D,2014-01-01,132.1
INJ-03,E,2014-01-01,58.2
INJ-03,A,2014-07-01,881.5
INJ-03,B,2014-07-01,378.7
INJ-03,C,2014-07-01,627.6
INJ-03,D,2014-07-01,122.9
INJ-03,E,2014-07-01,49.4
INJ-03,A,2015-01-01,1036.9
INJ-03,B,2015-01-01,409.5
INJ-03,C,2015-01-01,702.5
INJ-03,D,2015-01-01,141.6
INJ-03,E,2015-01-01,55
INJ-03,A,2015-07-01,1008.7
INJ-03,B,2015-07-01,380.6
INJ-03,C,2015-07-01,723.5
INJ-03,D,2015-07-01,132.6
INJ-03,E,2015-07-01,57.7
INJ-03,A,2016-01-01,975.4
INJ-03,B,2016-01-01,355.4
INJ-03,C,2016-01-01,617.1
INJ-03,D,2016-01-01,122.6
INJ-03,E,2016-01-01,54.5
INJ-03,A,2016-07-01,1034.6
INJ-03,B,2016-07-01,373.4
INJ-03,C,2016-07-01,605.9
INJ-03,D,2016-07-01,129.1
INJ-03,E,2016-07-01,56.9
INJ-03,A,2017-01-01,916.1
INJ-03,B,2017-01-01,374.5
INJ-03,C,2017-01-01,554.8
INJ-03,D,2017-01-01,118.7
INJ-03,E,2017-01-01,47.7
INJ-03,A,2017-07-01,1090.1
INJ-03,B,2017-07-01,419.2
INJ-03,C,2017-07-01,671.3
INJ-03,D,2017-07-01,141.9
INJ-03,E,2017-07-01,62.5
INJ-03,A,2018-01-01,1114.7
INJ-03,B,2018-01-01,400.5
INJ-03,C,2018-01-01,629.3
INJ-03,D,2018-01-01,132
INJ-03,E,2018-01-01,57.8
INJ-03,A,2018-07-01,1180.2
INJ-03,B,2018-07-01,388.8
INJ-03,C,2018-07-01,646.5
INJ-03,D,2018-07-01,135.8
INJ-03,E,2018-07-01,55.9
INJ-03,A,2019-01-01,1094.6
INJ-03,B,2019-01-01,390.3
INJ-03,C,2019-01-01,658.5
INJ-03,D,2019-01-01,135.5
INJ-03,E,2019-01-01,62.6
INJ-03,A,2019-07-01,1100.8
INJ-03,B,2019-07-01,385
INJ-03,C,2019-07-01,656.3
INJ-03,D,2019-07-01,141.3
INJ-03,E,2019-07-01,66.9
INJ-03,A,2020-01-01,1041.9
INJ-03,B,2020-01-01,402.4
INJ-03,C,2020-01-01,693.2
INJ-03,D,2020-01-01,148.8
INJ-03,E,2020-01-01,64.7
INJ-03,A,2020-07-01,1062.3
INJ-03,B,2020-07-01,383.7
INJ-03,C,2020-07-01,634.8
INJ-03,D,2020-07-01,139.9
INJ-03,E,2020-07-01,62.6
INJ-03,A,2021-01-01,1006
INJ-03,B,2021-01-01,331.7
INJ-03,C,2021-01-01,607.9
INJ-03,D,2021-01-01,147
INJ-03,E,2021-01-01,67.2
INJ-03,A,2021-07-01,990.9
INJ-03,B,2021-07-01,346.1
INJ-03,C,2021-07-01,634.5
INJ-03,D,2021-07-01,130
INJ-03,E,2021-07-01,63.4
INJ-03,A,2022-01-01,1003.6
INJ-03,B,2022-01-01,358.4
INJ-03,C,2022-01-01,672.4
INJ-03,D,2022-01-01,150.3
INJ-03,E,2022-01-01,68.3
INJ-03,A,2022-07-01,937.7
INJ-03,B,2022-07-01,374.5
INJ-03,C,2022-07-01,706.3
INJ-03,D,2022-07-01,170.5
INJ-03,E,2022-07-01,63.6
INJ-03,A,2023-01-01,942.8
INJ-03,B,2023-01-01,341.8
INJ-03,C,2023-01-01,603.7
INJ-03,D,2023-01-01,146.9
INJ-03,E,2023-01-01,60.8
INJ-03,A,2023-07-01,953.9
INJ-03,B,2023-07-01,367.9
INJ-03,C,2023-07-01,725.5
INJ-03,D,2023-07-01,159.9
INJ-03,E,2023-07-01,70.8
INJ-03,A,2024-01-01,914.4
INJ-03,B,2024-01-01,324.4
INJ-03,C,2024-01-01,719.2
INJ-03,D,2024-01-01,157.4
INJ-03,E,2024-01-01,69.3
INJ-03,A,2024-07-01,954.9
INJ-03,B,2024-07-01,333.9
INJ-03,C,2024-07-01,705.7
INJ-03,D,2024-07-01,147.6
INJ-03,E,2024-07-01,62.9
INJ-03,A,2025-01-01,961.3
INJ-03,B,2025-01-01,389.9
INJ-03,C,2025-01-01,742.8
INJ-03,D,2025-01-01,147.4
INJ-03,E,2025-01-01,67.5
INJ-03,A,2025-07-01,840.4
INJ-03,B,2025-07-01,348.8
INJ-03,C,2025-07-01,674
INJ-03,D,2025-07-01,144.8
INJ-03,E,2025-07-01,61.5
INJ-03,A,2026-01-01,835.5
INJ-03,B,2026-01-01,331.2
INJ-03,C,2026-01-01,665.7
INJ-03,D,2026-01-01,143.3
INJ-03,E,2026-01-01,57.9
INJ-03,A,2026-07-01,1016.2
INJ-03,B,2026-07-01,387
INJ-03,C,2026-07-01,728.2
INJ-03,D,2026-07-01,146.3
INJ-03,E,2026-07-01,63.7
INJ-04,A,2021-07-01,145.5
INJ-04,B,2021-07-01,51.6
INJ-04,C,2021-07-01,102.3
INJ-04,D,2021-07-01,22
INJ-04,E,2021-07-01,10.2
INJ-04,A,2022-01-01,468.2
INJ-04,B,2022-01-01,177.9
INJ-04,C,2022-01-01,338.2
INJ-04,D,2022-01-01,76.3
INJ-04,E,2022-01-01,31.4
INJ-04,A,2022-07-01,457.8
INJ-04,B,2022-07-01,176.5
INJ-04,C,2022-07-01,312.4
INJ-04,D,2022-07-01,76
INJ-04,E,2022-07-01,33.6
INJ-04,A,2023-01-01,445.2
INJ-04,B,2023-01-01,169.5
INJ-04,C,2023-01-01,315.9
INJ-04,D,2023-01-01,70.8
INJ-04,E,2023-01-01,30.7
INJ-04,A,2023-07-01,422.9
INJ-04,B,2023-07-01,167.5
INJ-04,C,2023-07-01,340
INJ-04,D,2023-07-01,76.1
INJ-04,E,2023-07-01,31.3
INJ-04,A,2024-01-01,398
INJ-04,B,2024-01-01,161.2
INJ-04,C,2024-01-01,328.6
INJ-04,D,2024-01-01,68.6
INJ-04,E,2024-01-01,32.9
INJ-04,A,2024-07-01,430
INJ-04,B,2024-07-01,173.8
INJ-04,C,2024-07-01,319.5
INJ-04,D,2024-07-01,70.3
INJ-04,E,2024-07-01,30.7
INJ-04,A,2025-01-01,423.6
INJ-04,B,2025-01-01,175.2
INJ-04,C,2025-01-01,318.8
INJ-04,D,2025-01-01,72.3
INJ-04,E,2025-01-01,29.9
INJ-04,A,2025-07-01,415.4
INJ-04,B,2025-07-01,164.1
INJ-04,C,2025-07-01,331.8
INJ-04,D,2025-07-01,69.3
INJ-04,E,2025-07-01,29.6
INJ-04,A,2026-01-01,374.9
INJ-04,B,2026-01-01,163.7
INJ-04,C,2026-01-01,316.2
INJ-04,D,2026-01-01,65.2
INJ-04,E,2026-01-01,26.6
INJ-04,A,2026-07-01,402.1
INJ-04,B,2026-07-01,169.4
INJ-04,C,2026-07-01,331.2
INJ-04,D,2026-07-01,73.1
INJ-04,E,2026-07-01,27.1
INJ-05,A,2007-01-01,228.7
INJ-05,B,2007-01-01,78.4
INJ-05,C,2007-01-01,149.4
INJ-05,D,2007-01-01,35.7
INJ-05,E,2007-01-01,15.6
INJ-05,A,2007-07-01,1349.7
INJ-05,B,2007-07-01,521.8
INJ-05,C,2007-07-01,946.5
INJ-05,D,2007-07-01,217.4
INJ-05,E,2007-07-01,97.6
INJ-05,A,2008-01-01,1445.6
INJ-05,B,2008-01-01,543.2
INJ-05,C,2008-01-01,1087.2
INJ-05,D,2008-01-01,224.4
INJ-05,E,2008-01-01,106.8
INJ-05,A,2008-07-01,1178.5
INJ-05,B,2008-07-01,537.2
INJ-05,C,2008-07-01,998.6
INJ-05,D,2008-07-01,226.8
INJ-05,E,2008-07-01,91.1
INJ-05,A,2009-01-01,1378.8
INJ-05,B,2009-01-01,523.2
INJ-05,C,2009-01-01,1080.6
INJ-05,D,2009-01-01,222.4
INJ-05,E,2009-01-01,95.9
INJ-05,A,2009-07-01,1272.4
INJ-05,B,2009-07-01,550.5
INJ-05,C,2009-07-01,1006
INJ-05,D,2009-07-01,230.3
INJ-05,E,2009-07-01,85.9
INJ-05,A,2010-01-01,1427.8
INJ-05,B,2010-01-01,575.4
INJ-05,C,2010-01-01,1072
INJ-05,D,2010-01-01,224.7
INJ-05,E,2010-01-01,94.2
INJ-05,A,2010-07-01,1246.2
INJ-05,B,2010-07-01,464.4
INJ-05,C,2010-07-01,1017.7
INJ-05,D,2010-07-01,214.4
INJ-05,E,2010-07-01,83.8
INJ-05,A,2011-01-01,1356.1
INJ-05,B,2011-01-01,567.8
INJ-05,C,2011-01-01,1085.1
INJ-05,D,2011-01-01,220.6
INJ-05,E,2011-01-01,95
INJ-05,A,2011-07-01,1133.2
INJ-05,B,2011-07-01,496.2
INJ-05,C,2011-07-01,901.4
INJ-05,D,2011-07-01,191.7
INJ-05,E,2011-07-01,72.6
INJ-05,A,2012-01-01,1215.8
INJ-05,B,2012-01-01,525.9
INJ-05,C,2012-01-01,926.2
INJ-05,D,2012-01-01,183.8
INJ-05,E,2012-01-01,74.9
INJ-05,A,2012-07-01,1443.9
INJ-05,B,2012-07-01,583.6
INJ-05,C,2012-07-01,1044.3
INJ-05,D,2012-07-01,219.6
INJ-05,E,2012-07-01,81.5
INJ-05,A,2013-01-01,1281.3
INJ-05,B,2013-01-01,541.5
INJ-05,C,2013-01-01,925
INJ-05,D,2013-01-01,191
INJ-05,E,2013-01-01,80.5
INJ-05,A,2013-07-01,1481.6
INJ-05,B,2013-07-01,644.5
INJ-05,C,2013-07-01,1068.3
INJ-05,D,2013-07-01,213.7
INJ-05,E,2013-07-01,79.4
INJ-05,A,2014-01-01,1239.5
INJ-05,B,2014-01-01,567.9
INJ-05,C,2014-01-01,938.3
INJ-05,D,2014-01-01,178.6
INJ-05,E,2014-01-01,72.4
INJ-05,A,2014-07-01,1401.9
INJ-05,B,2014-07-01,607.4
INJ-05,C,2014-07-01,976.3
INJ-05,D,2014-07-01,210.1
INJ-05,E,2014-07-01,79.4
INJ-05,A,2015-01-01,1571.6
INJ-05,B,2015-01-01,599.7
INJ-05,C,2015-01-01,958.4
INJ-05,D,2015-01-01,203.1
INJ-05,E,2015-01-01,80.1
INJ-05,A,2015-07-01,1378
INJ-05,B,2015-07-01,534.8
INJ-05,C,2015-07-01,932.7
INJ-05,D,2015-07-01,182
INJ-05,E,2015-07-01,82.7
INJ-05,A,2016-01-01,1357.4
INJ-05,B,2016-01-01,535.7
INJ-05,C,2016-01-01,880.1
INJ-05,D,2016-01-01,183.3
INJ-05,E,2016-01-01,70.6
INJ-05,A,2016-07-01,1518.2
INJ-05,B,2016-07-01,574.7
INJ-05,C,2016-07-01,942.5
INJ-05,D,2016-07-01,190.1
INJ-05,E,2016-07-01,82.1
INJ-05,A,2017-01-01,1469.7
INJ-05,B,2017-01-01,527.7
INJ-05,C,2017-01-01,966.9
INJ-05,D,2017-01-01,197.6
INJ-05,E,2017-01-01,81.1
INJ-05,A,2017-07-01,1481.7
INJ-05,B,2017-07-01,565.7
INJ-05,C,2017-07-01,1006.2
INJ-05,D,2017-07-01,188.5
INJ-05,E,2017-07-01,89.9
INJ-05,A,2018-01-01,1453
INJ-05,B,2018-01-01,557.5
INJ-05,C,2018-01-01,976.2
INJ-05,D,2018-01-01,197.9
INJ-05,E,2018-01-01,80.7
INJ-05,A,2018-07-01,1644.8
INJ-05,B,2018-07-01,605.9
INJ-05,C,2018-07-01,962.7
INJ-05,D,2018-07-01,207
INJ-05,E,2018-07-01,92
INJ-05,A,2019-01-01,1513.5
INJ-05,B,2019-01-01,555.6
INJ-05,C,2019-01-01,889.8
INJ-05,D,2019-01-01,186.1
INJ-05,E,2019-01-01,88.4
INJ-05,A,2019-07-01,1565.7
INJ-05,B,2019-07-01,572.4
INJ-05,C,2019-07-01,938
INJ-05,D,2019-07-01,208.1
INJ-05,E,2019-07-01,97.6
INJ-05,A,2020-01-01,1370.4
INJ-05,B,2020-01-01,512.6
INJ-05,C,2020-01-01,905.2
INJ-05,D,2020-01-01,180.3
INJ-05,E,2020-01-01,84.2
INJ-05,A,2020-07-01,1435.8
INJ-05,B,2020-07-01,492.1
INJ-05,C,2020-07-01,862.8
INJ-05,D,2020-07-01,193.1
INJ-05,E,2020-07-01,82.5
INJ-05,A,2021-01-01,1522.2
INJ-05,B,2021-01-01,572.9
INJ-05,C,2021-01-01,897.9
INJ-05,D,2021-01-01,209.5
INJ-05,E,2021-01-01,99
INJ-05,A,2021-07-01,1467.2
INJ-05,B,2021-07-01,566.9
INJ-05,C,2021-07-01,981.5
INJ-05,D,2021-07-01,214
INJ-05,E,2021-07-01,98.3
INJ-05,A,2022-01-01,1358
INJ-05,B,2022-01-01,531.6
INJ-05,C,2022-01-01,1000.1
INJ-05,D,2022-01-01,212.2
INJ-05,E,2022-01-01,95
INJ-05,A,2022-07-01,1478.7
INJ-05,B,2022-07-01,574.5
INJ-05,C,2022-07-01,941.1
INJ-05,D,2022-07-01,222.3
INJ-05,E,2022-07-01,98.6
INJ-05,A,2023-01-01,1319.8
INJ-05,B,2023-01-01,503.5
INJ-05,C,2023-01-01,942.8
INJ-05,D,2023-01-01,204.4
INJ-05,E,2023-01-01,94.6
INJ-05,A,2023-07-01,1460.9
INJ-05,B,2023-07-01,627.3
INJ-05,C,2023-07-01,1177.1
INJ-05,D,2023-07-01,250.4
INJ-05,E,2023-07-01,107.8
INJ-05,A,2024-01-01,1460.1
INJ-05,B,2024-01-01,533.4
INJ-05,C,2024-01-01,1054.9
INJ-05,D,2024-01-01,230.8
INJ-05,E,2024-01-01,99.4
INJ-05,A,2024-07-01,1339.7
INJ-05,B,2024-07-01,530.9
INJ-05,C,2024-07-01,1076.2
INJ-05,D,2024-07-01,229.4
INJ-05,E,2024-07-01,93.3
INJ-05,A,2025-01-01,1455.3
INJ-05,B,2025-01-01,540.5
INJ-05,C,2025-01-01,1136.9
INJ-05,D,2025-01-01,235
INJ-05,E,2025-01-01,91.1
INJ-05,A,2025-07-01,1286
INJ-05,B,2025-07-01,573.4
INJ-05,C,2025-07-01,1060.9
INJ-05,D,2025-07-01,223.3
INJ-05,E,2025-07-01,90.7
INJ-05,A,2026-01-01,1394.3
INJ-05,B,2026-01-01,556.9
INJ-05,C,2026-01-01,1038.3
INJ-05,D,2026-01-01,217.9
INJ-05,E,2026-01-01,83.3
INJ-05,A,2026-07-01,1283.5
INJ-05,B,2026-07-01,539.7
INJ-05,C,2026-07-01,982.6
INJ-05,D,2026-07-01,198.7
INJ-05,E,2026-07-01,84.8
INJ-06,A,2007-01-01,280.5
INJ-06,B,2007-01-01,81.7
INJ-06,C,2007-01-01,105.5
INJ-06,D,2007-01-01,39.6
INJ-06,E,2007-01-01,30.6
INJ-06,A,2007-07-01,1820.6
INJ-06,B,2007-07-01,482.3
INJ-06,C,2007-07-01,649.3
INJ-06,D,2007-07-01,231.2
INJ-06,E,2007-07-01,183
INJ-06,A,2008-01-01,1661.7
INJ-06,B,2008-01-01,560.4
INJ-06,C,2008-01-01,731.8
INJ-06,D,2008-01-01,271.4
INJ-06,E,2008-01-01,178.4
INJ-06,A,2008-07-01,1469
INJ-06,B,2008-07-01,449.9
INJ-06,C,2008-07-01,615.9
INJ-06,D,2008-07-01,235.1
INJ-06,E,2008-07-01,167
INJ-06,A,2009-01-01,1563.1
INJ-06,B,2009-01-01,544.7
INJ-06,C,2009-01-01,731.8
INJ-06,D,2009-01-01,265.2
INJ-06,E,2009-01-01,177.3
INJ-06,A,2009-07-01,1580.9
INJ-06,B,2009-07-01,457
INJ-06,C,2009-07-01,636.1
INJ-06,D,2009-07-01,231.6
INJ-06,E,2009-07-01,171.8
INJ-06,A,2010-01-01,1774.2
INJ-06,B,2010-01-01,551.3
INJ-06,C,2010-01-01,750
INJ-06,D,2010-01-01,288.4
INJ-06,E,2010-01-01,188
INJ-06,A,2010-07-01,1586.3
INJ-06,B,2010-07-01,554.8
INJ-06,C,2010-07-01,706
INJ-06,D,2010-07-01,245.7
INJ-06,E,2010-07-01,171.8
INJ-06,A,2011-01-01,1521.9
INJ-06,B,2011-01-01,483.2
INJ-06,C,2011-01-01,631.5
INJ-06,D,2011-01-01,240
INJ-06,E,2011-01-01,152.2
INJ-06,A,2011-07-01,1600.8
INJ-06,B,2011-07-01,541.7
INJ-06,C,2011-07-01,737.8
INJ-06,D,2011-07-01,249.7
INJ-06,E,2011-07-01,161.9
INJ-06,A,2012-01-01,1597.5
INJ-06,B,2012-01-01,535.6
INJ-06,C,2012-01-01,719
INJ-06,D,2012-01-01,252.3
INJ-06,E,2012-01-01,150.7
INJ-06,A,2012-07-01,1544.1
INJ-06,B,2012-07-01,497.5
INJ-06,C,2012-07-01,627
INJ-06,D,2012-07-01,218
INJ-06,E,2012-07-01,148.3
INJ-06,A,2013-01-01,1656.6
INJ-06,B,2013-01-01,559.3
INJ-06,C,2013-01-01,699.3
INJ-06,D,2013-01-01,232.7
INJ-06,E,2013-01-01,159.1
INJ-06,A,2013-07-01,1689.4
INJ-06,B,2013-07-01,517.4
INJ-06,C,2013-07-01,697.2
INJ-06,D,2013-07-01,217.9
INJ-06,E,2013-07-01,149.1
INJ-06,A,2014-01-01,1712.2
INJ-06,B,2014-01-01,554.6
INJ-06,C,2014-01-01,694.7
INJ-06,D,2014-01-01,217.5
INJ-06,E,2014-01-01,160.4
INJ-06,A,2014-07-01,1626.5
INJ-06,B,2014-07-01,516.4
INJ-06,C,2014-07-01,607
INJ-06,D,2014-07-01,206.5
INJ-06,E,2014-07-01,140.7
INJ-06,A,2015-01-01,1709.3
INJ-06,B,2015-01-01,539.9
INJ-06,C,2015-01-01,694.4
INJ-06,D,2015-01-01,197.9
INJ-06,E,2015-01-01,149.5
INJ-06,A,2015-07-01,1748.2
INJ-06,B,2015-07-01,565.1
INJ-06,C,2015-07-01,648.8
INJ-06,D,2015-07-01,216.5
INJ-06,E,2015-07-01,139.8
INJ-06,A,2016-01-01,1603.7
INJ-06,B,2016-01-01,532.7
INJ-06,C,2016-01-01,568.1
INJ-06,D,2016-01-01,188.9
INJ-06,E,2016-01-01,148.4
INJ-06,A,2016-07-01,1872.6
INJ-06,B,2016-07-01,546.9
INJ-06,C,2016-07-01,641
INJ-06,D,2016-07-01,227.6
INJ-06,E,2016-07-01,160.1
INJ-06,A,2017-01-01,1827
INJ-06,B,2017-01-01,529
INJ-06,C,2017-01-01,578
INJ-06,D,2017-01-01,184.3
INJ-06,E,2017-01-01,143
INJ-06,A,2017-07-01,1805
INJ-06,B,2017-07-01,541.1
INJ-06,C,2017-07-01,638
INJ-06,D,2017-07-01,208.1
INJ-06,E,2017-07-01,149.6
INJ-06,A,2018-01-01,1834.1
INJ-06,B,2018-01-01,497
INJ-06,C,2018-01-01,580.4
INJ-06,D,2018-01-01,212.4
INJ-06,E,2018-01-01,174
INJ-06,A,2018-07-01,1850.1
INJ-06,B,2018-07-01,511.8
INJ-06,C,2018-07-01,573.2
INJ-06,D,2018-07-01,214.3
INJ-06,E,2018-07-01,157.4
INJ-06,A,2019-01-01,1615.1
INJ-06,B,2019-01-01,474.8
INJ-06,C,2019-01-01,556.1
INJ-06,D,2019-01-01,194.2
INJ-06,E,2019-01-01,140.9
INJ-06,A,2019-07-01,1886.2
INJ-06,B,2019-07-01,524
INJ-06,C,2019-07-01,688.4
INJ-06,D,2019-07-01,221.5
INJ-06,E,2019-07-01,177.4
INJ-06,A,2020-01-01,1848
INJ-06,B,2020-01-01,573.7
INJ-06,C,2020-01-01,620.2
INJ-06,D,2020-01-01,237.3
INJ-06,E,2020-01-01,186
INJ-06,A,2020-07-01,1772.6
INJ-06,B,2020-07-01,529
INJ-06,C,2020-07-01,607.7
INJ-06,D,2020-07-01,228.5
INJ-06,E,2020-07-01,164
INJ-06,A,2021-01-01,1581.8
INJ-06,B,2021-01-01,434
INJ-06,C,2021-01-01,604.9
INJ-06,D,2021-01-01,226
INJ-06,E,2021-01-01,168.6
INJ-06,A,2021-07-01,1840.3
INJ-06,B,2021-07-01,536.5
INJ-06,C,2021-07-01,617
INJ-06,D,2021-07-01,258.8
INJ-06,E,2021-07-01,187.8
INJ-06,A,2022-01-01,1464.3
INJ-06,B,2022-01-01,459.3
INJ-06,C,2022-01-01,592.4
INJ-06,D,2022-01-01,239.6
INJ-06,E,2022-01-01,162.2
INJ-06,A,2022-07-01,1675.5
INJ-06,B,2022-07-01,507.5
INJ-06,C,2022-07-01,710
INJ-06,D,2022-07-01,266.3
INJ-06,E,2022-07-01,208.6
INJ-06,A,2023-01-01,1691.2
INJ-06,B,2023-01-01,493.9
INJ-06,C,2023-01-01,650
INJ-06,D,2023-01-01,232.8
INJ-06,E,2023-01-01,163.5
INJ-06,A,2023-07-01,1623.5
INJ-06,B,2023-07-01,463.8
INJ-06,C,2023-07-01,635.3
INJ-06,D,2023-07-01,251.2
INJ-06,E,2023-07-01,167
INJ-06,A,2024-01-01,1551.4
INJ-06,B,2024-01-01,514.1
INJ-06,C,2024-01-01,695.7
INJ-06,D,2024-01-01,246.7
INJ-06,E,2024-01-01,191.2
INJ-06,A,2024-07-01,1544.1
INJ-06,B,2024-07-01,512.3
INJ-06,C,2024-07-01,726.9
INJ-06,D,2024-07-01,260.7
INJ-06,E,2024-07-01,181.1
INJ-06,A,2025-01-01,1695.9
INJ-06,B,2025-01-01,535
INJ-06,C,2025-01-01,717.6
INJ-06,D,2025-01-01,261.5
INJ-06,E,2025-01-01,185.7
INJ-06,A,2025-07-01,1586.5
INJ-06,B,2025-07-01,550.9
INJ-06,C,2025-07-01,709
INJ-06,D,2025-07-01,245.2
INJ-06,E,2025-07-01,162.1
INJ-06,A,2026-01-01,1613.7
INJ-06,B,2026-01-01,507
INJ-06,C,2026-01-01,700.7
INJ-06,D,2026-01-01,260.4
INJ-06,E,2026-01-01,185.6
INJ-06,A,2026-07-01,1616.4
INJ-06,B,2026-07-01,526.5
INJ-06,C,2026-07-01,718.2
INJ-06,D,2026-07-01,239.3
INJ-06,E,2026-07-01,165.3
INJ-07,A,2011-07-01,388.2
INJ-07,B,2011-07-01,170.2
INJ-07,C,2011-07-01,298.9
INJ-07,D,2011-07-01,62.5
INJ-07,E,2011-07-01,23.1
INJ-07,A,2012-01-01,1041.7
INJ-07,B,2012-01-01,488.4
INJ-07,C,2012-01-01,883.9
INJ-07,D,2012-01-01,163.6
INJ-07,E,2012-01-01,66.7
INJ-07,A,2012-07-01,1142.4
INJ-07,B,2012-07-01,540.3
INJ-07,C,2012-07-01,842.6
INJ-07,D,2012-07-01,185.9
INJ-07,E,2012-07-01,70.4
INJ-07,A,2013-01-01,1160.6
INJ-07,B,2013-01-01,487.1
INJ-07,C,2013-01-01,890.8
INJ-07,D,2013-01-01,182.4
INJ-07,E,2013-01-01,68.8
INJ-07,A,2013-07-01,1243.6
INJ-07,B,2013-07-01,529.8
INJ-07,C,2013-07-01,933.4
INJ-07,D,2013-07-01,174.2
INJ-07,E,2013-07-01,68.2
INJ-07,A,2014-01-01,1177.9
INJ-07,B,2014-01-01,505.6
INJ-07,C,2014-01-01,868.6
INJ-07,D,2014-01-01,165.4
INJ-07,E,2014-01-01,70.4
INJ-07,A,2014-07-01,1198.4
INJ-07,B,2014-07-01,520.7
INJ-07,C,2014-07-01,876.1
INJ-07,D,2014-07-01,162.1
INJ-07,E,2014-07-01,64.9
INJ-07,A,2015-01-01,1287.1
INJ-07,B,2015-01-01,499.7
INJ-07,C,2015-01-01,828.3
INJ-07,D,2015-01-01,169.2
INJ-07,E,2015-01-01,75
INJ-07,A,2015-07-01,1303.1
INJ-07,B,2015-07-01,475.1
INJ-07,C,2015-07-01,830.1
INJ-07,D,2015-07-01,161.9
INJ-07,E,2015-07-01,64.7
INJ-07,A,2016-01-01,1317.4
INJ-07,B,2016-01-01,476.9
INJ-07,C,2016-01-01,812.7
INJ-07,D,2016-01-01,168.8
INJ-07,E,2016-01-01,72
INJ-07,A,2016-07-01,1104.5
INJ-07,B,2016-07-01,445.7
INJ-07,C,2016-07-01,747.4
INJ-07,D,2016-07-01,155.5
INJ-07,E,2016-07-01,63.5
INJ-07,A,2017-01-01,1343
INJ-07,B,2017-01-01,460.3
INJ-07,C,2017-01-01,738.4
INJ-07,D,2017-01-01,146.4
INJ-07,E,2017-01-01,70.9
INJ-07,A,2017-07-01,1245
INJ-07,B,2017-07-01,482.3
INJ-07,C,2017-07-01,728.4
INJ-07,D,2017-07-01,173.9
INJ-07,E,2017-07-01,67.2
INJ-07,A,2018-01-01,1165.5
INJ-07,B,2018-01-01,430.9
INJ-07,C,2018-01-01,729.3
INJ-07,D,2018-01-01,143.4
INJ-07,E,2018-01-01,63.6
INJ-07,A,2018-07-01,1302.4
INJ-07,B,2018-07-01,512.6
INJ-07,C,2018-07-01,843.1
INJ-07,D,2018-07-01,175.1
INJ-07,E,2018-07-01,77.8
INJ-07,A,2019-01-01,1357.6
INJ-07,B,2019-01-01,524.8
INJ-07,C,2019-01-01,881
INJ-07,D,2019-01-01,176.7
INJ-07,E,2019-01-01,76
INJ-07,A,2019-07-01,1143
INJ-07,B,2019-07-01,431.6
INJ-07,C,2019-07-01,726.1
INJ-07,D,2019-07-01,168.3
INJ-07,E,2019-07-01,75.2
INJ-07,A,2020-01-01,1165
INJ-07,B,2020-01-01,426
INJ-07,C,2020-01-01,741.3
INJ-07,D,2020-01-01,164.2
INJ-07,E,2020-01-01,69.5
INJ-07,A,2020-07-01,1212.6
INJ-07,B,2020-07-01,432.4
INJ-07,C,2020-07-01,801.3
INJ-07,D,2020-07-01,174
INJ-07,E,2020-07-01,79
INJ-07,A,2021-01-01,1172.1
INJ-07,B,2021-01-01,418
INJ-07,C,2021-01-01,687
INJ-07,D,2021-01-01,160.2
INJ-07,E,2021-01-01,78.3
INJ-07,A,2021-07-01,1032.6
INJ-07,B,2021-07-01,409.8
INJ-07,C,2021-07-01,697.3
INJ-07,D,2021-07-01,145.4
INJ-07,E,2021-07-01,77.9
INJ-07,A,2022-01-01,1105.5
INJ-07,B,2022-01-01,377.8
INJ-07,C,2022-01-01,786.9
INJ-07,D,2022-01-01,171.5
INJ-07,E,2022-01-01,82.7
INJ-07,A,2022-07-01,1190.9
INJ-07,B,2022-07-01,500.2
INJ-07,C,2022-07-01,943
INJ-07,D,2022-07-01,202.6
INJ-07,E,2022-07-01,90.9
INJ-07,A,2023-01-01,1183.3
INJ-07,B,2023-01-01,478.9
INJ-07,C,2023-01-01,916
INJ-07,D,2023-01-01,197.3
INJ-07,E,2023-01-01,88.5
INJ-07,A,2023-07-01,1171.4
INJ-07,B,2023-07-01,466.7
INJ-07,C,2023-07-01,882.5
INJ-07,D,2023-07-01,200.3
INJ-07,E,2023-07-01,84
INJ-07,A,2024-01-01,1178
INJ-07,B,2024-01-01,455.3
INJ-07,C,2024-01-01,858.8
INJ-07,D,2024-01-01,186.8
INJ-07,E,2024-01-01,79
INJ-07,A,2024-07-01,1081.2
INJ-07,B,2024-07-01,419.8
INJ-07,C,2024-07-01,850.4
INJ-07,D,2024-07-01,185.5
INJ-07,E,2024-07-01,73.1
INJ-07,A,2025-01-01,1236.7
INJ-07,B,2025-01-01,495.1
INJ-07,C,2025-01-01,916.7
INJ-07,D,2025-01-01,212.6
INJ-07,E,2025-01-01,90.2
INJ-07,A,2025-07-01,1074.1
INJ-07,B,2025-07-01,441.5
INJ-07,C,2025-07-01,885.9
INJ-07,D,2025-07-01,179.4
INJ-07,E,2025-07-01,77
INJ-07,A,2026-01-01,1231
INJ-07,B,2026-01-01,496.8
INJ-07,C,2026-01-01,916.2
INJ-07,D,2026-01-01,190.9
INJ-07,E,2026-01-01,88.6
INJ-07,A,2026-07-01,1146.9
INJ-07,B,2026-07-01,466.4
INJ-07,C,2026-07-01,948.6
INJ-07,D,2026-07-01,191.1
INJ-07,E,2026-07-01,71.7
INJ-08,A,2016-01-01,153.1
INJ-08,B,2016-01-01,55
INJ-08,C,2016-01-01,98.9
INJ-08,D,2016-01-01,18.9
INJ-08,E,2016-01-01,8
INJ-08,A,2016-07-01,946.2
INJ-08,B,2016-07-01,353.3
INJ-08,C,2016-07-01,601
INJ-08,D,2016-07-01,120.4
INJ-08,E,2016-07-01,50.8
INJ-08,A,2017-01-01,861.7
INJ-08,B,2017-01-01,330.8
INJ-08,C,2017-01-01,547.5
INJ-08,D,2017-01-01,108.1
INJ-08,E,2017-01-01,47.5
INJ-08,A,2017-07-01,880.5
INJ-08,B,2017-07-01,313.9
INJ-08,C,2017-07-01,566.7
INJ-08,D,2017-07-01,100
INJ-08,E,2017-07-01,49.7
INJ-08,A,2018-01-01,967.6
INJ-08,B,2018-01-01,349
INJ-08,C,2018-01-01,567.2
INJ-08,D,2018-01-01,110.7
INJ-08,E,2018-01-01,50.9
INJ-08,A,2018-07-01,903.9
INJ-08,B,2018-07-01,354.7
INJ-08,C,2018-07-01,607.3
INJ-08,D,2018-07-01,119.9
INJ-08,E,2018-07-01,55.1
INJ-08,A,2019-01-01,987.2
INJ-08,B,2019-01-01,344.1
INJ-08,C,2019-01-01,548.1
INJ-08,D,2019-01-01,114.9
INJ-08,E,2019-01-01,54.9
INJ-08,A,2019-07-01,918.1
INJ-08,B,2019-07-01,345.1
INJ-08,C,2019-07-01,522.8
INJ-08,D,2019-07-01,114.1
INJ-08,E,2019-07-01,55.6
INJ-08,A,2020-01-01,942.4
INJ-08,B,2020-01-01,352.7
INJ-08,C,2020-01-01,584.1
INJ-08,D,2020-01-01,127.3
INJ-08,E,2020-01-01,62.7
INJ-08,A,2020-07-01,952.3
INJ-08,B,2020-07-01,355.8
INJ-08,C,2020-07-01,584.9
INJ-08,D,2020-07-01,128.2
INJ-08,E,2020-07-01,58.9
INJ-08,A,2021-01-01,940
INJ-08,B,2021-01-01,350.7
INJ-08,C,2021-01-01,615
INJ-08,D,2021-01-01,129.4
INJ-08,E,2021-01-01,60.6
INJ-08,A,2021-07-01,945.4
INJ-08,B,2021-07-01,341.4
INJ-08,C,2021-07-01,597.3
INJ-08,D,2021-07-01,135.5
INJ-08,E,2021-07-01,62.7
INJ-08,A,2022-01-01,848.1
INJ-08,B,2022-01-01,314.7
INJ-08,C,2022-01-01,562.4
INJ-08,D,2022-01-01,136.5
INJ-08,E,2022-01-01,60
INJ-08,A,2022-07-01,888.6
INJ-08,B,2022-07-01,324
INJ-08,C,2022-07-01,620.1
INJ-08,D,2022-07-01,130.2
INJ-08,E,2022-07-01,60
INJ-08,A,2023-01-01,925.1
INJ-08,B,2023-01-01,380.3
INJ-08,C,2023-01-01,697.7
INJ-08,D,2023-01-01,146.3
INJ-08,E,2023-01-01,63.5
INJ-08,A,2023-07-01,836
INJ-08,B,2023-07-01,308.3
INJ-08,C,2023-07-01,589.8
INJ-08,D,2023-07-01,123.9
INJ-08,E,2023-07-01,52.9
INJ-08,A,2024-01-01,845.9
INJ-08,B,2024-01-01,325
INJ-08,C,2024-01-01,607.4
INJ-08,D,2024-01-01,139.4
INJ-08,E,2024-01-01,61.5
INJ-08,A,2024-07-01,351.3
INJ-08,B,2024-07-01,135.5
INJ-08,C,2024-07-01,250.8
INJ-08,D,2024-07-01,58
INJ-08,E,2024-07-01,23.6
INJ-08,A,2025-01-01,333.8
INJ-08,B,2025-01-01,133
INJ-08,C,2025-01-01,249.5
INJ-08,D,2025-01-01,51.8
INJ-08,E,2025-01-01,22.9
INJ-08,A,2025-07-01,878.8
INJ-08,B,2025-07-01,360.3
INJ-08,C,2025-07-01,756.2
INJ-08,D,2025-07-01,148.7
INJ-08,E,2025-07-01,61.8
INJ-08,A,2026-01-01,809.7
INJ-08,B,2026-01-01,315.7
INJ-08,C,2026-01-01,626.2
INJ-08,D,2026-01-01,126.9
INJ-08,E,2026-01-01,53.3
INJ-08,A,2026-07-01,724.2
INJ-08,B,2026-07-01,325.2
INJ-08,C,2026-07-01,622.8
INJ-08,D,2026-07-01,127.6
INJ-08,E,2026-07-01,49.4
INJ-09,A,2016-01-01,103.2
INJ-09,B,2016-01-01,64.1
INJ-09,C,2016-01-01,84.4
INJ-09,D,2016-01-01,11.8
INJ-09,E,2016-01-01,12.8
INJ-09,A,2016-07-01,675.7
INJ-09,B,2016-07-01,427.9
INJ-09,C,2016-07-01,558.3
INJ-09,D,2016-07-01,82.9
INJ-09,E,2016-07-01,83.2
INJ-09,A,2017-01-01,698.2
INJ-09,B,2017-01-01,414.9
INJ-09,C,2017-01-01,531.9
INJ-09,D,2017-01-01,80.1
INJ-09,E,2017-01-01,93.7
INJ-09,A,2017-07-01,678.7
INJ-09,B,2017-07-01,400.4
INJ-09,C,2017-07-01,493.3
INJ-09,D,2017-07-01,80.4
INJ-09,E,2017-07-01,77.1
INJ-09,A,2018-01-01,809.8
INJ-09,B,2018-01-01,451.4
INJ-09,C,2018-01-01,667
INJ-09,D,2018-01-01,94.9
INJ-09,E,2018-01-01,103
INJ-09,A,2018-07-01,739.5
INJ-09,B,2018-07-01,430.4
INJ-09,C,2018-07-01,538.1
INJ-09,D,2018-07-01,82.3
INJ-09,E,2018-07-01,88.3
INJ-09,A,2019-01-01,730.5
INJ-09,B,2019-01-01,404.1
INJ-09,C,2019-01-01,581.8
INJ-09,D,2019-01-01,87.7
INJ-09,E,2019-01-01,95
INJ-09,A,2019-07-01,730
INJ-09,B,2019-07-01,391.6
INJ-09,C,2019-07-01,560.1
INJ-09,D,2019-07-01,87.7
INJ-09,E,2019-07-01,91
INJ-09,A,2020-01-01,789.4
INJ-09,B,2020-01-01,399.3
INJ-09,C,2020-01-01,557.8
INJ-09,D,2020-01-01,90.2
INJ-09,E,2020-01-01,101.8
INJ-09,A,2020-07-01,787.9
INJ-09,B,2020-07-01,404
INJ-09,C,2020-07-01,625.2
INJ-09,D,2020-07-01,105.6
INJ-09,E,2020-07-01,112
INJ-09,A,2021-01-01,640.1
INJ-09,B,2021-01-01,364.4
INJ-09,C,2021-01-01,500.6
INJ-09,D,2021-01-01,87.9
INJ-09,E,2021-01-01,99
INJ-09,A,2021-07-01,664.7
INJ-09,B,2021-07-01,375.8
INJ-09,C,2021-07-01,595.4
INJ-09,D,2021-07-01,97.4
INJ-09,E,2021-07-01,99.6
INJ-09,A,2022-01-01,707.8
INJ-09,B,2022-01-01,407.2
INJ-09,C,2022-01-01,591.1
INJ-09,D,2022-01-01,104.2
INJ-09,E,2022-01-01,93.3
INJ-09,A,2022-07-01,650.9
INJ-09,B,2022-07-01,378.7
INJ-09,C,2022-07-01,559.9
INJ-09,D,2022-07-01,92.1
INJ-09,E,2022-07-01,93.4
INJ-09,A,2023-01-01,635.5
INJ-09,B,2023-01-01,389.1
INJ-09,C,2023-01-01,591.3
INJ-09,D,2023-01-01,101.2
INJ-09,E,2023-01-01,106.7
INJ-09,A,2023-07-01,649.9
INJ-09,B,2023-07-01,423.1
INJ-09,C,2023-07-01,640.7
INJ-09,D,2023-07-01,113.2
INJ-09,E,2023-07-01,109.8
INJ-09,A,2024-01-01,632.3
INJ-09,B,2024-01-01,380.3
INJ-09,C,2024-01-01,589.3
INJ-09,D,2024-01-01,106
INJ-09,E,2024-01-01,97.6
INJ-09,A,2024-07-01,618.6
INJ-09,B,2024-07-01,396.6
INJ-09,C,2024-07-01,610.7
INJ-09,D,2024-07-01,95
INJ-09,E,2024-07-01,93.6
INJ-09,A,2025-01-01,562.7
INJ-09,B,2025-01-01,325.4
INJ-09,C,2025-01-01,566.1
INJ-09,D,2025-01-01,92.3
INJ-09,E,2025-01-01,91.8
INJ-09,A,2025-07-01,714.1
INJ-09,B,2025-07-01,429.9
INJ-09,C,2025-07-01,715.5
INJ-09,D,2025-07-01,110.9
INJ-09,E,2025-07-01,110.5
INJ-09,A,2026-01-01,593.8
INJ-09,B,2026-01-01,395.4
INJ-09,C,2026-01-01,611.9
INJ-09,D,2026-01-01,100.6
INJ-09,E,2026-01-01,98.1
INJ-09,A,2026-07-01,560.9
INJ-09,B,2026-07-01,394
INJ-09,C,2026-07-01,640.7
INJ-09,D,2026-07-01,93.3
INJ-09,E,2026-07-01,91.7
INJ-10,A,2011-01-01,114.4
INJ-10,B,2011-01-01,45.2
INJ-10,C,2011-01-01,85.6
INJ-10,D,2011-01-01,17.6
INJ-10,E,2011-01-01,7.4
INJ-10,A,2011-07-01,635.9
INJ-10,B,2011-07-01,276
INJ-10,C,2011-07-01,514.3
INJ-10,D,2011-07-01,104.2
INJ-10,E,2011-07-01,43.3
INJ-10,A,2012-01-01,695.4
INJ-10,B,2012-01-01,300.1
INJ-10,C,2012-01-01,499.2
INJ-10,D,2012-01-01,106.9
INJ-10,E,2012-01-01,39.9
INJ-10,A,2012-07-01,602.7
INJ-10,B,2012-07-01,265.1
INJ-10,C,2012-07-01,463.9
INJ-10,D,2012-07-01,94.7
INJ-10,E,2012-07-01,36.3
INJ-10,A,2013-01-01,580.8
INJ-10,B,2013-01-01,242.6
INJ-10,C,2013-01-01,458
INJ-10,D,2013-01-01,87.3
INJ-10,E,2013-01-01,35.4
INJ-10,A,2013-07-01,737.5
INJ-10,B,2013-07-01,286
INJ-10,C,2013-07-01,513.5
INJ-10,D,2013-07-01,99
INJ-10,E,2013-07-01,42.2
INJ-10,A,2014-01-01,683.2
INJ-10,B,2014-01-01,265.8
INJ-10,C,2014-01-01,491.6
INJ-10,D,2014-01-01,95.3
INJ-10,E,2014-01-01,37.9
INJ-10,A,2014-07-01,593.6
INJ-10,B,2014-07-01,262.3
INJ-10,C,2014-07-01,448.7
INJ-10,D,2014-07-01,89.2
INJ-10,E,2014-07-01,37.1
INJ-10,A,2015-01-01,665.7
INJ-10,B,2015-01-01,292.4
INJ-10,C,2015-01-01,486.9
INJ-10,D,2015-01-01,83.8
INJ-10,E,2015-01-01,37.3
INJ-10,A,2015-07-01,727.1
INJ-10,B,2015-07-01,291.8
INJ-10,C,2015-07-01,535.2
INJ-10,D,2015-07-01,96.7
INJ-10,E,2015-07-01,38.7
INJ-10,A,2016-01-01,765.8
INJ-10,B,2016-01-01,288
INJ-10,C,2016-01-01,475.9
INJ-10,D,2016-01-01,100.1
INJ-10,E,2016-01-01,37.7
INJ-10,A,2016-07-01,731.7
INJ-10,B,2016-07-01,265.9
INJ-10,C,2016-07-01,437.8
INJ-10,D,2016-07-01,90.4
INJ-10,E,2016-07-01,35.8
INJ-10,A,2017-01-01,723.8
INJ-10,B,2017-01-01,253.8
INJ-10,C,2017-01-01,420
INJ-10,D,2017-01-01,87.9
INJ-10,E,2017-01-01,39.5
INJ-10,A,2017-07-01,756.9
INJ-10,B,2017-07-01,251.7
INJ-10,C,2017-07-01,429.1
INJ-10,D,2017-07-01,86.8
INJ-10,E,2017-07-01,39
INJ-10,A,2018-01-01,668.8
INJ-10,B,2018-01-01,281.5
INJ-10,C,2018-01-01,463.7
INJ-10,D,2018-01-01,94.3
INJ-10,E,2018-01-01,44.1
INJ-10,A,2018-07-01,704.3
INJ-10,B,2018-07-01,268.5
INJ-10,C,2018-07-01,426.8
INJ-10,D,2018-07-01,87.7
INJ-10,E,2018-07-01,42.2
INJ-10,A,2019-01-01,682.8
INJ-10,B,2019-01-01,265.3
INJ-10,C,2019-01-01,443
INJ-10,D,2019-01-01,88.1
INJ-10,E,2019-01-01,42.4
INJ-10,A,2019-07-01,663.9
INJ-10,B,2019-07-01,253.9
INJ-10,C,2019-07-01,428.6
INJ-10,D,2019-07-01,89
INJ-10,E,2019-07-01,39.1
INJ-10,A,2020-01-01,634.3
INJ-10,B,2020-01-01,238
INJ-10,C,2020-01-01,408.3
INJ-10,D,2020-01-01,89.3
INJ-10,E,2020-01-01,43.7
INJ-10,A,2020-07-01,722.3
INJ-10,B,2020-07-01,254.8
INJ-10,C,2020-07-01,466.4
INJ-10,D,2020-07-01,94.9
INJ-10,E,2020-07-01,45.7
INJ-10,A,2021-01-01,734.5
INJ-10,B,2021-01-01,288.4
INJ-10,C,2021-01-01,466.2
INJ-10,D,2021-01-01,101.5
INJ-10,E,2021-01-01,47.7
INJ-10,A,2021-07-01,652
INJ-10,B,2021-07-01,277.1
INJ-10,C,2021-07-01,467.9
INJ-10,D,2021-07-01,115.4
INJ-10,E,2021-07-01,49.9
INJ-10,A,2022-01-01,684
INJ-10,B,2022-01-01,249.3
INJ-10,C,2022-01-01,453.7
INJ-10,D,2022-01-01,99.2
INJ-10,E,2022-01-01,46.4
INJ-10,A,2022-07-01,653.5
INJ-10,B,2022-07-01,247.3
INJ-10,C,2022-07-01,478.7
INJ-10,D,2022-07-01,107.8
INJ-10,E,2022-07-01,47
INJ-10,A,2023-01-01,571.5
INJ-10,B,2023-01-01,249.5
INJ-10,C,2023-01-01,449.6
INJ-10,D,2023-01-01,102.3
INJ-10,E,2023-01-01,44.5
INJ-10,A,2023-07-01,674.5
INJ-10,B,2023-07-01,228.9
INJ-10,C,2023-07-01,461.7
INJ-10,D,2023-07-01,99.7
INJ-10,E,2023-07-01,44.7
INJ-10,A,2024-01-01,704.8
INJ-10,B,2024-01-01,259
INJ-10,C,2024-01-01,469.3
INJ-10,D,2024-01-01,106.6
INJ-10,E,2024-01-01,46.1
INJ-10,A,2024-07-01,669.1
INJ-10,B,2024-07-01,260
INJ-10,C,2024-07-01,522.8
INJ-10,D,2024-07-01,113.6
INJ-10,E,2024-07-01,52.4
INJ-10,A,2025-01-01,650.2
INJ-10,B,2025-01-01,262.1
INJ-10,C,2025-01-01,497.5
INJ-10,D,2025-01-01,119.4
INJ-10,E,2025-01-01,43.2
INJ-10,A,2025-07-01,572.7
INJ-10,B,2025-07-01,236.1
INJ-10,C,2025-07-01,451.1
INJ-10,D,2025-07-01,103
INJ-10,E,2025-07-01,39.7
INJ-10,A,2026-01-01,642.7
INJ-10,B,2026-01-01,261.8
INJ-10,C,2026-01-01,467.6
INJ-10,D,2026-01-01,114
INJ-10,E,2026-01-01,45
INJ-10,A,2026-07-01,662.4
INJ-10,B,2026-07-01,279.9
INJ-10,C,2026-07-01,557.7
INJ-10,D,2026-07-01,113.9
INJ-10,E,2026-07-01,43.4
INJ-11,A,2011-07-01,387.5
INJ-11,B,2011-07-01,184.5
INJ-11,C,2011-07-01,334.3
INJ-11,D,2011-07-01,69.4
INJ-11,E,2011-07-01,27
INJ-11,A,2012-01-01,1200.7
INJ-11,B,2012-01-01,487.8
INJ-11,C,2012-01-01,963.7
INJ-11,D,2012-01-01,189.8
INJ-11,E,2012-01-01,74.7
INJ-11,A,2012-07-01,1215.1
INJ-11,B,2012-07-01,526.8
INJ-11,C,2012-07-01,948
INJ-11,D,2012-07-01,194.5
INJ-11,E,2012-07-01,74.5
INJ-11,A,2013-01-01,1226.9
INJ-11,B,2013-01-01,526.7
INJ-11,C,2013-01-01,850.1
INJ-11,D,2013-01-01,176.8
INJ-11,E,2013-01-01,69.3
INJ-11,A,2013-07-01,1304.7
INJ-11,B,2013-07-01,525.5
INJ-11,C,2013-07-01,957.6
INJ-11,D,2013-07-01,162.5
INJ-11,E,2013-07-01,69.8
INJ-11,A,2014-01-01,1279.8
INJ-11,B,2014-01-01,479.2
INJ-11,C,2014-01-01,859.6
INJ-11,D,2014-01-01,160
INJ-11,E,2014-01-01,69
INJ-11,A,2014-07-01,1295.8
INJ-11,B,2014-07-01,495.8
INJ-11,C,2014-07-01,868.9
INJ-11,D,2014-07-01,171.5
INJ-11,E,2014-07-01,65.3
INJ-11,A,2015-01-01,1249.7
INJ-11,B,2015-01-01,514.2
INJ-11,C,2015-01-01,945.4
INJ-11,D,2015-01-01,166.3
INJ-11,E,2015-01-01,68.1
INJ-11,A,2015-07-01,1314.1
INJ-11,B,2015-07-01,562.9
INJ-11,C,2015-07-01,911.8
INJ-11,D,2015-07-01,174.9
INJ-11,E,2015-07-01,67.7
INJ-11,A,2016-01-01,1397.1
INJ-11,B,2016-01-01,578.3
INJ-11,C,2016-01-01,900
INJ-11,D,2016-01-01,172
INJ-11,E,2016-01-01,77.9
INJ-11,A,2016-07-01,1230.1
INJ-11,B,2016-07-01,467.1
INJ-11,C,2016-07-01,730.7
INJ-11,D,2016-07-01,158.5
INJ-11,E,2016-07-01,67.2
INJ-11,A,2017-01-01,1411.9
INJ-11,B,2017-01-01,567.8
INJ-11,C,2017-01-01,833.1
INJ-11,D,2017-01-01,169.7
INJ-11,E,2017-01-01,77.4
INJ-11,A,2017-07-01,1471.5
INJ-11,B,2017-07-01,523
INJ-11,C,2017-07-01,816.3
INJ-11,D,2017-07-01,170.2
INJ-11,E,2017-07-01,76.4
INJ-11,A,2018-01-01,1496.5
INJ-11,B,2018-01-01,529.4
INJ-11,C,2018-01-01,880.4
INJ-11,D,2018-01-01,180.4
INJ-11,E,2018-01-01,77.6
INJ-11,A,2018-07-01,1307.7
INJ-11,B,2018-07-01,477.7
INJ-11,C,2018-07-01,783.1
INJ-11,D,2018-07-01,162.7
INJ-11,E,2018-07-01,73.4
INJ-11,A,2019-01-01,1329.7
INJ-11,B,2019-01-01,496.8
INJ-11,C,2019-01-01,827.2
INJ-11,D,2019-01-01,173.5
INJ-11,E,2019-01-01,79.6
INJ-11,A,2019-07-01,1264.2
INJ-11,B,2019-07-01,443.5
INJ-11,C,2019-07-01,770
INJ-11,D,2019-07-01,164.8
INJ-11,E,2019-07-01,74.5
INJ-11,A,2020-01-01,1366
INJ-11,B,2020-01-01,455.7
INJ-11,C,2020-01-01,770.7
INJ-11,D,2020-01-01,165.8
INJ-11,E,2020-01-01,78
INJ-11,A,2020-07-01,1514
INJ-11,B,2020-07-01,531.9
INJ-11,C,2020-07-01,995.4
INJ-11,D,2020-07-01,203.3
INJ-11,E,2020-07-01,93.6
INJ-11,A,2021-01-01,1390.2
INJ-11,B,2021-01-01,494.3
INJ-11,C,2021-01-01,802.2
INJ-11,D,2021-01-01,181.7
INJ-11,E,2021-01-01,85.9
INJ-11,A,2021-07-01,1321.4
INJ-11,B,2021-07-01,483.8
INJ-11,C,2021-07-01,931.2
INJ-11,D,2021-07-01,202.1
INJ-11,E,2021-07-01,84.3
INJ-11,A,2022-01-01,1301.6
INJ-11,B,2022-01-01,490.6
INJ-11,C,2022-01-01,903.7
INJ-11,D,2022-01-01,205.7
INJ-11,E,2022-01-01,87.4
INJ-11,A,2022-07-01,1236.4
INJ-11,B,2022-07-01,479.8
INJ-11,C,2022-07-01,816.8
INJ-11,D,2022-07-01,190.4
INJ-11,E,2022-07-01,90.6
INJ-11,A,2023-01-01,1247.5
INJ-11,B,2023-01-01,514.6
INJ-11,C,2023-01-01,921.6
INJ-11,D,2023-01-01,202.3
INJ-11,E,2023-01-01,96.2
INJ-11,A,2023-07-01,1204
INJ-11,B,2023-07-01,457.9
INJ-11,C,2023-07-01,873.7
INJ-11,D,2023-07-01,180.4
INJ-11,E,2023-07-01,82.5
INJ-11,A,2024-01-01,1200.2
INJ-11,B,2024-01-01,462.8
INJ-11,C,2024-01-01,923.7
INJ-11,D,2024-01-01,199.4
INJ-11,E,2024-01-01,92.4
INJ-11,A,2024-07-01,1312.4
INJ-11,B,2024-07-01,538.7
INJ-11,C,2024-07-01,1031.6
INJ-11,D,2024-07-01,223.4
INJ-11,E,2024-07-01,95.9
INJ-11,A,2025-01-01,1271.9
INJ-11,B,2025-01-01,529.1
INJ-11,C,2025-01-01,1040.4
INJ-11,D,2025-01-01,208.5
INJ-11,E,2025-01-01,90.2
INJ-11,A,2025-07-01,1294
INJ-11,B,2025-07-01,565
INJ-11,C,2025-07-01,1107.3
INJ-11,D,2025-07-01,220.4
INJ-11,E,2025-07-01,93.6
INJ-11,A,2026-01-01,1219.5
INJ-11,B,2026-01-01,510.6
INJ-11,C,2026-01-01,881.6
INJ-11,D,2026-01-01,192.9
INJ-11,E,2026-01-01,80.6
INJ-11,A,2026-07-01,1214.8
INJ-11,B,2026-07-01,480.2
INJ-11,C,2026-07-01,967.2
INJ-11,D,2026-07-01,210.6
INJ-11,E,2026-07-01,80.1
INJ-12,A,2007-07-01,647.3
INJ-12,B,2007-07-01,259.6
INJ-12,C,2007-07-01,326.3
INJ-12,D,2007-07-01,134.4
INJ-12,E,2007-07-01,94.7
INJ-12,A,2008-01-01,2330.7
INJ-12,B,2008-01-01,905.3
INJ-12,C,2008-01-01,1199.1
INJ-12,D,2008-01-01,464.1
INJ-12,E,2008-01-01,345.9
INJ-12,A,2008-07-01,2185.3
INJ-12,B,2008-07-01,804.2
INJ-12,C,2008-07-01,1109.1
INJ-12,D,2008-07-01,412.6
INJ-12,E,2008-07-01,337.4
INJ-12,A,2009-01-01,2296.6
INJ-12,B,2009-01-01,897.3
INJ-12,C,2009-01-01,1243.1
INJ-12,D,2009-01-01,425.7
INJ-12,E,2009-01-01,317.5
INJ-12,A,2009-07-01,1952.2
INJ-12,B,2009-07-01,759.5
INJ-12,C,2009-07-01,1028.9
INJ-12,D,2009-07-01,392
INJ-12,E,2009-07-01,282.9
INJ-12,A,2010-01-01,1958
INJ-12,B,2010-01-01,770.9
INJ-12,C,2010-01-01,1096.9
INJ-12,D,2010-01-01,423.4
INJ-12,E,2010-01-01,270.9
INJ-12,A,2010-07-01,2253.5
INJ-12,B,2010-07-01,1019.5
INJ-12,C,2010-07-01,1238.9
INJ-12,D,2010-07-01,446.6
INJ-12,E,2010-07-01,321.2
INJ-12,A,2011-01-01,2003.9
INJ-12,B,2011-01-01,814.7
INJ-12,C,2011-01-01,1060.5
INJ-12,D,2011-01-01,393.5
INJ-12,E,2011-01-01,264
INJ-12,A,2011-07-01,2034.7
INJ-12,B,2011-07-01,876
INJ-12,C,2011-07-01,1063.6
INJ-12,D,2011-07-01,383.8
INJ-12,E,2011-07-01,246.8
INJ-12,A,2012-01-01,2004.2
INJ-12,B,2012-01-01,834.7
INJ-12,C,2012-01-01,1052.8
INJ-12,D,2012-01-01,380.8
INJ-12,E,2012-01-01,246
INJ-12,A,2012-07-01,1980.8
INJ-12,B,2012-07-01,846.6
INJ-12,C,2012-07-01,1058.9
INJ-12,D,2012-07-01,371.5
INJ-12,E,2012-07-01,251.7
INJ-12,A,2013-01-01,2160.7
INJ-12,B,2013-01-01,972.3
INJ-12,C,2013-01-01,1156.5
INJ-12,D,2013-01-01,395.3
INJ-12,E,2013-01-01,273.9
INJ-12,A,2013-07-01,2032.6
INJ-12,B,2013-07-01,887.1
INJ-12,C,2013-07-01,1037.5
INJ-12,D,2013-07-01,362
INJ-12,E,2013-07-01,235.8
INJ-12,A,2014-01-01,2029.2
INJ-12,B,2014-01-01,888.9
INJ-12,C,2014-01-01,1022.5
INJ-12,D,2014-01-01,372
INJ-12,E,2014-01-01,261.2
INJ-12,A,2014-07-01,2065.4
INJ-12,B,2014-07-01,823.5
INJ-12,C,2014-07-01,1009.6
INJ-12,D,2014-07-01,342.2
INJ-12,E,2014-07-01,248.9
INJ-12,A,2015-01-01,2057.8
INJ-12,B,2015-01-01,759.9
INJ-12,C,2015-01-01,862.1
INJ-12,D,2015-01-01,306.1
INJ-12,E,2015-01-01,228.6
INJ-12,A,2015-07-01,2307.5
INJ-12,B,2015-07-01,841
INJ-12,C,2015-07-01,944.3
INJ-12,D,2015-07-01,357.4
INJ-12,E,2015-07-01,268.9
INJ-12,A,2016-01-01,2076.6
INJ-12,B,2016-01-01,853.5
INJ-12,C,2016-01-01,984.4
INJ-12,D,2016-01-01,314.9
INJ-12,E,2016-01-01,235.1
INJ-12,A,2016-07-01,2149
INJ-12,B,2016-07-01,795.6
INJ-12,C,2016-07-01,939.4
INJ-12,D,2016-07-01,323.3
INJ-12,E,2016-07-01,259.2
INJ-12,A,2017-01-01,2153
INJ-12,B,2017-01-01,789.5
INJ-12,C,2017-01-01,862.6
INJ-12,D,2017-01-01,304.9
INJ-12,E,2017-01-01,248.1
INJ-12,A,2017-07-01,2034.2
INJ-12,B,2017-07-01,781.2
INJ-12,C,2017-07-01,970.1
INJ-12,D,2017-07-01,318.6
INJ-12,E,2017-07-01,239.3
INJ-12,A,2018-01-01,2473.8
INJ-12,B,2018-01-01,899.8
INJ-12,C,2018-01-01,1060.8
INJ-12,D,2018-01-01,384.5
INJ-12,E,2018-01-01,285.7
INJ-12,A,2018-07-01,2214
INJ-12,B,2018-07-01,753.7
INJ-12,C,2018-07-01,910.6
INJ-12,D,2018-07-01,324.9
INJ-12,E,2018-07-01,252.9
INJ-12,A,2019-01-01,2261.3
INJ-12,B,2019-01-01,823
INJ-12,C,2019-01-01,888.7
INJ-12,D,2019-01-01,327.2
INJ-12,E,2019-01-01,276.5
INJ-12,A,2019-07-01,2031.1
INJ-12,B,2019-07-01,794.6
INJ-12,C,2019-07-01,956.2
INJ-12,D,2019-07-01,334.5
INJ-12,E,2019-07-01,273.7
INJ-12,A,2020-01-01,2072.6
INJ-12,B,2020-01-01,834.1
INJ-12,C,2020-01-01,900.8
INJ-12,D,2020-01-01,383.2
INJ-12,E,2020-01-01,286.9
INJ-12,A,2020-07-01,2116.1
INJ-12,B,2020-07-01,773.5
INJ-12,C,2020-07-01,977.4
INJ-12,D,2020-07-01,341.6
INJ-12,E,2020-07-01,263.5
INJ-12,A,2021-01-01,2195.1
INJ-12,B,2021-01-01,880.5
INJ-12,C,2021-01-01,981.2
INJ-12,D,2021-01-01,402.7
INJ-12,E,2021-01-01,314.9
INJ-12,A,2021-07-01,2264.2
INJ-12,B,2021-07-01,800.5
INJ-12,C,2021-07-01,1025.8
INJ-12,D,2021-07-01,420.3
INJ-12,E,2021-07-01,320.7
INJ-12,A,2022-01-01,1957
INJ-12,B,2022-01-01,704.5
INJ-12,C,2022-01-01,894.6
INJ-12,D,2022-01-01,357.7
INJ-12,E,2022-01-01,287
INJ-12,A,2022-07-01,2199.7
INJ-12,B,2022-07-01,863.3
INJ-12,C,2022-07-01,1053.2
INJ-12,D,2022-07-01,415.6
INJ-12,E,2022-07-01,325.9
INJ-12,A,2023-01-01,2284
INJ-12,B,2023-01-01,840.5
INJ-12,C,2023-01-01,1126.6
INJ-12,D,2023-01-01,453.1
INJ-12,E,2023-01-01,333.4
INJ-12,A,2023-07-01,1918.5
INJ-12,B,2023-07-01,771.1
INJ-12,C,2023-07-01,984.3
INJ-12,D,2023-07-01,374.3
INJ-12,E,2023-07-01,264.9
INJ-12,A,2024-01-01,2157.7
INJ-12,B,2024-01-01,834.2
INJ-12,C,2024-01-01,1148.6
INJ-12,D,2024-01-01,470.6
INJ-12,E,2024-01-01,323.6
INJ-12,A,2024-07-01,2175.6
INJ-12,B,2024-07-01,811.5
INJ-12,C,2024-07-01,1116.9
INJ-12,D,2024-07-01,390
INJ-12,E,2024-07-01,297.4
INJ-12,A,2025-01-01,1874.2
INJ-12,B,2025-01-01,852.1
INJ-12,C,2025-01-01,1085.3
INJ-12,D,2025-01-01,424.6
INJ-12,E,2025-01-01,324.6
INJ-12,A,2025-07-01,1845.3
INJ-12,B,2025-07-01,764.5
INJ-12,C,2025-07-01,1114.3
INJ-12,D,2025-07-01,406.9
INJ-12,E,2025-07-01,288.9
INJ-12,A,2026-01-01,1972.6
INJ-12,B,2026-01-01,771.2
INJ-12,C,2026-01-01,1067.2
INJ-12,D,2026-01-01,377.5
INJ-12,E,2026-01-01,298.9
INJ-12,A,2026-07-01,1926.7
INJ-12,B,2026-07-01,807.4
INJ-12,C,2026-07-01,1063.9
INJ-12,D,2026-07-01,411.4
INJ-12,E,2026-07-01,280.9
INJ-13,A,2016-07-01,342.4
INJ-13,B,2016-07-01,125.2
INJ-13,C,2016-07-01,190.9
INJ-13,D,2016-07-01,40.1
INJ-13,E,2016-07-01,17.2
INJ-13,A,2017-01-01,824.5
INJ-13,B,2017-01-01,343.9
INJ-13,C,2017-01-01,523.9
INJ-13,D,2017-01-01,107.4
INJ-13,E,2017-01-01,45.9
INJ-13,A,2017-07-01,880.9
INJ-13,B,2017-07-01,354
INJ-13,C,2017-07-01,558.1
INJ-13,D,2017-07-01,115.4
INJ-13,E,2017-07-01,50.1
INJ-13,A,2018-01-01,971.4
INJ-13,B,2018-01-01,388.6
INJ-13,C,2018-01-01,557.4
INJ-13,D,2018-01-01,121
INJ-13,E,2018-01-01,55.9
INJ-13,A,2018-07-01,943.2
INJ-13,B,2018-07-01,367.5
INJ-13,C,2018-07-01,573.2
INJ-13,D,2018-07-01,122.5
INJ-13,E,2018-07-01,59.4
INJ-13,A,2019-01-01,992.7
INJ-13,B,2019-01-01,348.4
INJ-13,C,2019-01-01,580.3
INJ-13,D,2019-01-01,114.4
INJ-13,E,2019-01-01,56.7
INJ-13,A,2019-07-01,912.1
INJ-13,B,2019-07-01,349.7
INJ-13,C,2019-07-01,545.6
INJ-13,D,2019-07-01,121
INJ-13,E,2019-07-01,57.3
INJ-13,A,2020-01-01,1009.4
INJ-13,B,2020-01-01,325.8
INJ-13,C,2020-01-01,608.6
INJ-13,D,2020-01-01,128.4
INJ-13,E,2020-01-01,57.8
INJ-13,A,2020-07-01,851.8
INJ-13,B,2020-07-01,326
INJ-13,C,2020-07-01,572.1
INJ-13,D,2020-07-01,129.1
INJ-13,E,2020-07-01,58.2
INJ-13,A,2021-01-01,875
INJ-13,B,2021-01-01,328.7
INJ-13,C,2021-01-01,602.5
INJ-13,D,2021-01-01,134
INJ-13,E,2021-01-01,56.6
INJ-13,A,2021-07-01,1019.5
INJ-13,B,2021-07-01,359
INJ-13,C,2021-07-01,649.7
INJ-13,D,2021-07-01,152.9
INJ-13,E,2021-07-01,64.8
INJ-13,A,2022-01-01,906.3
INJ-13,B,2022-01-01,362.4
INJ-13,C,2022-01-01,613.1
INJ-13,D,2022-01-01,138.7
INJ-13,E,2022-01-01,65.9
INJ-13,A,2022-07-01,942.7
INJ-13,B,2022-07-01,324.5
INJ-13,C,2022-07-01,609.9
INJ-13,D,2022-07-01,146.2
INJ-13,E,2022-07-01,63.9
INJ-13,A,2023-01-01,855.7
INJ-13,B,2023-01-01,343.5
INJ-13,C,2023-01-01,589.7
INJ-13,D,2023-01-01,149.2
INJ-13,E,2023-01-01,65.4
INJ-13,A,2023-07-01,881.9
INJ-13,B,2023-07-01,340.6
INJ-13,C,2023-07-01,621.3
INJ-13,D,2023-07-01,144.6
INJ-13,E,2023-07-01,62
INJ-13,A,2024-01-01,852.6
INJ-13,B,2024-01-01,320.8
INJ-13,C,2024-01-01,644.9
INJ-13,D,2024-01-01,129.1
INJ-13,E,2024-01-01,59.2
INJ-13,A,2024-07-01,752.9
INJ-13,B,2024-07-01,291
INJ-13,C,2024-07-01,578.1
INJ-13,D,2024-07-01,128.6
INJ-13,E,2024-07-01,53.9
INJ-13,A,2025-01-01,824.9
INJ-13,B,2025-01-01,325
INJ-13,C,2025-01-01,590.5
INJ-13,D,2025-01-01,137.3
INJ-13,E,2025-01-01,56.9
INJ-13,A,2025-07-01,822.4
INJ-13,B,2025-07-01,340
INJ-13,C,2025-07-01,637.4
INJ-13,D,2025-07-01,141.3
INJ-13,E,2025-07-01,58.6
INJ-13,A,2026-01-01,288.7
INJ-13,B,2026-01-01,125.1
INJ-13,C,2026-01-01,229.7
INJ-13,D,2026-01-01,47.6
INJ-13,E,2026-01-01,20.2
INJ-13,A,2026-07-01,312
INJ-13,B,2026-07-01,128.8
INJ-13,C,2026-07-01,230.7
INJ-13,D,2026-07-01,48.5
INJ-13,E,2026-07-01,19.5
INJ-14,A,2016-07-01,265.2
INJ-14,B,2016-07-01,96.9
INJ-14,C,2016-07-01,156.7
INJ-14,D,2016-07-01,32.5
INJ-14,E,2016-07-01,14.1
INJ-14,A,2017-01-01,922.1
INJ-14,B,2017-01-01,327.3
INJ-14,C,2017-01-01,522.8
INJ-14,D,2017-01-01,103.3
INJ-14,E,2017-01-01,47.2
INJ-14,A,2017-07-01,829.3
INJ-14,B,2017-07-01,321.3
INJ-14,C,2017-07-01,477.5
INJ-14,D,2017-07-01,103.9
INJ-14,E,2017-07-01,45.9
INJ-14,A,2018-01-01,806.3
INJ-14,B,2018-01-01,264.3
INJ-14,C,2018-01-01,515
INJ-14,D,2018-01-01,92
INJ-14,E,2018-01-01,44.7
INJ-14,A,2018-07-01,873.4
INJ-14,B,2018-07-01,309.5
INJ-14,C,2018-07-01,544.8
INJ-14,D,2018-07-01,113.5
INJ-14,E,2018-07-01,55.4
INJ-14,A,2019-01-01,775.7
INJ-14,B,2019-01-01,273.8
INJ-14,C,2019-01-01,470.4
INJ-14,D,2019-01-01,103.3
INJ-14,E,2019-01-01,43.1
INJ-14,A,2019-07-01,753.1
INJ-14,B,2019-07-01,300
INJ-14,C,2019-07-01,469.7
INJ-14,D,2019-07-01,94.2
INJ-14,E,2019-07-01,44.1
INJ-14,A,2020-01-01,809.1
INJ-14,B,2020-01-01,285.5
INJ-14,C,2020-01-01,495.2
INJ-14,D,2020-01-01,114.8
INJ-14,E,2020-01-01,50.5
INJ-14,A,2020-07-01,738.2
INJ-14,B,2020-07-01,274.3
INJ-14,C,2020-07-01,512.4
INJ-14,D,2020-07-01,105.1
INJ-14,E,2020-07-01,52.1
INJ-14,A,2021-01-01,793.7
INJ-14,B,2021-01-01,271.2
INJ-14,C,2021-01-01,507.9
INJ-14,D,2021-01-01,108
INJ-14,E,2021-01-01,54.3
INJ-14,A,2021-07-01,812.7
INJ-14,B,2021-07-01,311.1
INJ-14,C,2021-07-01,511.3
INJ-14,D,2021-07-01,125.2
INJ-14,E,2021-07-01,54.1
INJ-14,A,2022-01-01,759.4
INJ-14,B,2022-01-01,308
INJ-14,C,2022-01-01,513
INJ-14,D,2022-01-01,117.2
INJ-14,E,2022-01-01,53.6
INJ-14,A,2022-07-01,821.2
INJ-14,B,2022-07-01,316.3
INJ-14,C,2022-07-01,549.6
INJ-14,D,2022-07-01,131
INJ-14,E,2022-07-01,58.3
INJ-14,A,2023-01-01,733.6
INJ-14,B,2023-01-01,294.4
INJ-14,C,2023-01-01,511.5
INJ-14,D,2023-01-01,116.7
INJ-14,E,2023-01-01,53.7
INJ-14,A,2023-07-01,785.5
INJ-14,B,2023-07-01,314.4
INJ-14,C,2023-07-01,547.8
INJ-14,D,2023-07-01,122.6
INJ-14,E,2023-07-01,50.7
INJ-14,A,2024-01-01,751.4
INJ-14,B,2024-01-01,316.3
INJ-14,C,2024-01-01,566
INJ-14,D,2024-01-01,127
INJ-14,E,2024-01-01,55.1
INJ-14,A,2024-07-01,735.3
INJ-14,B,2024-07-01,324.1
INJ-14,C,2024-07-01,560.1
INJ-14,D,2024-07-01,119.8
INJ-14,E,2024-07-01,49.4
INJ-14,A,2025-01-01,820
INJ-14,B,2025-01-01,318.7
INJ-14,C,2025-01-01,585.3
INJ-14,D,2025-01-01,133.7
INJ-14,E,2025-01-01,51
INJ-14,A,2025-07-01,752.6
INJ-14,B,2025-07-01,307.8
INJ-14,C,2025-07-01,547.7
INJ-14,D,2025-07-01,123.8
INJ-14,E,2025-07-01,49.7
INJ-14,A,2026-01-01,797.5
INJ-14,B,2026-01-01,317.5
INJ-14,C,2026-01-01,643.1
INJ-14,D,2026-01-01,127.5
INJ-14,E,2026-01-01,54.7
INJ-14,A,2026-07-01,762.3
INJ-14,B,2026-07-01,294.2
INJ-14,C,2026-07-01,621.3
INJ-14,D,2026-07-01,125.5
INJ-14,E,2026-07-01,49.7
INJ-15,A,2016-01-01,173.7
INJ-15,B,2016-01-01,60.7
INJ-15,C,2016-01-01,111.4
INJ-15,D,2016-01-01,20
INJ-15,E,2016-01-01,9
INJ-15,A,2016-07-01,1036.8
INJ-15,B,2016-07-01,384.4
INJ-15,C,2016-07-01,660.4
INJ-15,D,2016-07-01,135.3
INJ-15,E,2016-07-01,56.5
INJ-15,A,2017-01-01,1020.7
INJ-15,B,2017-01-01,388.5
INJ-15,C,2017-01-01,644.8
INJ-15,D,2017-01-01,123.6
INJ-15,E,2017-01-01,54.8
INJ-15,A,2017-07-01,1093.5
INJ-15,B,2017-07-01,406.9
INJ-15,C,2017-07-01,661.1
INJ-15,D,2017-07-01,124.5
INJ-15,E,2017-07-01,56.9
INJ-15,A,2018-01-01,1072.8
INJ-15,B,2018-01-01,371.1
INJ-15,C,2018-01-01,607
INJ-15,D,2018-01-01,134.3
INJ-15,E,2018-01-01,58.4
INJ-15,A,2018-07-01,988.2
INJ-15,B,2018-07-01,370.1
INJ-15,C,2018-07-01,579.9
INJ-15,D,2018-07-01,133.6
INJ-15,E,2018-07-01,56.5
INJ-15,A,2019-01-01,1041.4
INJ-15,B,2019-01-01,384.8
INJ-15,C,2019-01-01,642.5
INJ-15,D,2019-01-01,131.1
INJ-15,E,2019-01-01,62
INJ-15,A,2019-07-01,1062.5
INJ-15,B,2019-07-01,368.5
INJ-15,C,2019-07-01,611.7
INJ-15,D,2019-07-01,135.6
INJ-15,E,2019-07-01,60
INJ-15,A,2020-01-01,984.3
INJ-15,B,2020-01-01,342
INJ-15,C,2020-01-01,594.3
INJ-15,D,2020-01-01,125.2
INJ-15,E,2020-01-01,60.5
INJ-15,A,2020-07-01,1099.7
INJ-15,B,2020-07-01,400.9
INJ-15,C,2020-07-01,697.3
INJ-15,D,2020-07-01,156
INJ-15,E,2020-07-01,69.9
INJ-15,A,2021-01-01,988.4
INJ-15,B,2021-01-01,384.5
INJ-15,C,2021-01-01,668.4
INJ-15,D,2021-01-01,150.1
INJ-15,E,2021-01-01,70.4
INJ-15,A,2021-07-01,1027.8
INJ-15,B,2021-07-01,356.4
INJ-15,C,2021-07-01,698.3
INJ-15,D,2021-07-01,155.7
INJ-15,E,2021-07-01,67.7
INJ-15,A,2022-01-01,983.7
INJ-15,B,2022-01-01,355.1
INJ-15,C,2022-01-01,632.9
INJ-15,D,2022-01-01,159.1
INJ-15,E,2022-01-01,63.4
INJ-15,A,2022-07-01,954.7
INJ-15,B,2022-07-01,357.5
INJ-15,C,2022-07-01,660.4
INJ-15,D,2022-07-01,142.4
INJ-15,E,2022-07-01,65.2
INJ-15,A,2023-01-01,950.7
INJ-15,B,2023-01-01,338.8
INJ-15,C,2023-01-01,710.7
INJ-15,D,2023-01-01,148.2
INJ-15,E,2023-01-01,66.9
INJ-15,A,2023-07-01,915.6
INJ-15,B,2023-07-01,387
INJ-15,C,2023-07-01,732.9
INJ-15,D,2023-07-01,160.4
INJ-15,E,2023-07-01,67
INJ-15,A,2024-01-01,934.8
INJ-15,B,2024-01-01,343.6
INJ-15,C,2024-01-01,692.2
INJ-15,D,2024-01-01,155.7
INJ-15,E,2024-01-01,65
INJ-15,A,2024-07-01,919.6
INJ-15,B,2024-07-01,376.7
INJ-15,C,2024-07-01,804.8
INJ-15,D,2024-07-01,154.4
INJ-15,E,2024-07-01,66.3
INJ-15,A,2025-01-01,990.7
INJ-15,B,2025-01-01,411.5
INJ-15,C,2025-01-01,764.2
INJ-15,D,2025-01-01,164.5
INJ-15,E,2025-01-01,67.2
INJ-15,A,2025-07-01,966.5
INJ-15,B,2025-07-01,392.1
INJ-15,C,2025-07-01,729.3
INJ-15,D,2025-07-01,159.3
INJ-15,E,2025-07-01,63.1
INJ-15,A,2026-01-01,871.8
INJ-15,B,2026-01-01,358.9
INJ-15,C,2026-01-01,705.1
INJ-15,D,2026-01-01,142.2
INJ-15,E,2026-01-01,56.3
INJ-15,A,2026-07-01,993.4
INJ-15,B,2026-07-01,417
INJ-15,C,2026-07-01,799.4
INJ-15,D,2026-07-01,165.3
INJ-15,E,2026-07-01,63.6
