ORGUNIT,FIELD,WELL,UNIT,intervalo_id,top_ft,base_ft,estado_apertura,h_net_ft,kabs_md,phi,sw_las,kh_md_ft,area_ac,ooip_stb,rf,eur_stb,np_total_pozo_stb,np_ooip_ratio,sw_actual,bsw_inicial_pct,qo_inicial_bopd,qw_inicial_bwpd,qf_inicial_bfpd,qa_resultado
DEMO-OU,Demo Field,PRD-07,B,INT001,5210,5240,cerrado,26,90,0.23,0.33,2340,31,860300,0.18,130100,2389477,0.08,0.41,90,150,1350,1500,OK
DEMO-OU,Demo Field,PRD-07,C,INT002,5262,5283,abierto,18,60,0.22,0.32,1080,31,578200,0.18,39500,2389477,0.31,0.66,95.7,40,900,940,OK
DEMO-OU,Demo Field,PRD-08,D,INT001,5410,5426,cerrado,14,25,0.2,0.36,350,28,347600,0.18,56300,2281561,0.05,0.4,85,60,340,400,Corrected: Sw from offset well
DEMO-OU,Demo Field,PRD-11,E,INT003,5520,5530,cerrado,9,12,0.19,0.38,108,26,190900,0.18,31600,1422693,0.04,0.42,75,25,75,100,Corrected: kh capped at P90
DEMO-OU,Demo Field,PRD-12,B,INT001,5196,5221,parcial,22,70,0.23,0.34,1540,35,809600,0.18,110800,2656023,0.12,0.47,88.9,95,760,855,OK
DEMO-OU,Demo Field,PRD-12,A,INT002,5120,5154,abierto,30,130,0.25,0.31,3900,35,1254600,0.18,36100,2656023,0.42,0.74,98.5,18,1180,1198,OK
DEMO-OU,Demo Field,PRD-13,C,INT001,5280,5303,cerrado,20,55,0.22,0.33,1100,30,612600,0.18,94800,2480509,0.07,0.43,88,120,880,1000,OK
DEMO-OU,Demo Field,PRD-19,B,INT001,5225,5239,cerrado,12,20,0.21,0.35,240,18,204200,0.18,20600,2156588,0.22,0.58,97,30,970,1000,OK
DEMO-OU,Demo Field,PRD-24,A,INT001,5130,5162,abierto,28,140,0.25,0.3,3920,22,746700,0.18,13400,662728,0.45,0.78,99.2,12,1450,1462,OK
DEMO-OU,Demo Satellite,SAT-01,B,INT001,4820,4848,cerrado,24,120,0.24,0.3,2880,48,1340600,0.18,212400,597679,0.06,0.38,58,210,290,500,OK
DEMO-OU,Demo Satellite,SAT-01,C,INT002,4880,4898,abierto,16,80,0.22,0.33,1280,48,784100,0.18,73400,597679,0.24,0.55,82.5,70,330,400,OK
DEMO-OU,Demo Satellite,SAT-01,A,INT003,4705,4726,cerrado,18,110,0.24,0.31,1980,48,991100,0.18,160600,597679,0.05,0.37,53.3,140,160,300,OK
DEMO-OU,Demo Satellite,SAT-01,A,INT004,4745,4759,cerrado,12,45,0.21,0.36,540,48,536200,0.18,81100,597679,0.08,0.44,72.5,55,145,200,OK
DEMO-OU,Demo Satellite,SAT-01,C,INT005,4925,4948,parcial,20,70,0.22,0.33,1400,48,980200,0.18,137600,597679,0.11,0.46,77.5,90,310,400,OK
DEMO-OU,Demo Satellite,SAT-01,D,INT006,4990,5002,cerrado,10,20,0.19,0.39,200,48,385400,0.18,63800,597679,0.04,0.43,66.7,30,60,90,Corrected: Sw from offset well
DEMO-OU,Demo Satellite,SAT-03,B,INT001,4790,4811,cerrado,18,40,0.21,0.36,720,40,670300,0.18,98900,380644,0.09,0.44,71.7,85,215,300,OK
DEMO-OU,Demo Satellite,SAT-04,A,INT001,4710,4740,abierto,26,150,0.24,0.29,3900,44,1350300,0.18,106900,532824,0.28,0.6,90,60,540,600,OK
DEMO-OU,Demo Satellite,SAT-06,C,INT001,4905,4921,cerrado,14,35,0.2,0.37,490,52,635400,0.18,107500,346161,0.03,0.39,56,110,140,250,OK
