ORGUNIT,FIELD,WELL,UNIT,intervalo_id,escenario,mes,qoi_bopd,qwi_bwpd,qo_perfil_bopd,qw_perfil_bwpd,qf_perfil_bfpd,b,di_por_mes
DEMO-OU,Demo Field,PRD-07,B,INT001,Bajo,1,50,950,50,950,1000,0.6,0.06
DEMO-OU,Demo Field,PRD-07,B,INT001,Bajo,2,50,950,47.1,952.9,1000,0.6,0.06
DEMO-OU,Demo Field,PRD-07,B,INT001,Bajo,3,50,950,44.5,955.5,1000,0.6,0.06
DEMO-OU,Demo Field,PRD-07,B,INT001,Bajo,4,50,950,42.1,957.9,1000,0.6,0.06
DEMO-OU,Demo Field,PRD-07,B,INT001,Bajo,5,50,950,40,960,1000,0.6,0.06
DEMO-OU,Demo Field,PRD-07,B,INT001,Bajo,6,50,950,37.9,962.1,1000,0.6,0.06
DEMO-OU,Demo Field,PRD-07,B,INT001,Bajo,7,50,950,36.1,963.9,1000,0.6,0.06
DEMO-OU,Demo Field,PRD-07,B,INT001,Bajo,8,50,950,34.4,965.6,1000,0.6,0.06
DEMO-OU,Demo Field,PRD-07,B,INT001,Bajo,9,50,950,32.8,967.2,1000,0.6,0.06
DEMO-OU,Demo Field,PRD-07,B,INT001,Bajo,10,50,950,31.3,968.7,1000,0.6,0.06
DEMO-OU,Demo Field,PRD-07,B,INT001,Bajo,11,50,950,30,970,1000,0.6,0.06
DEMO-OU,Demo Field,PRD-07,B,INT001,Bajo,12,50,950,28.7,971.3,1000,0.6,0.06
DEMO-OU,Demo Field,PRD-07,B,INT001,Bajo,13,50,950,27.5,972.5,1000,0.6,0.06
DEMO-OU,Demo Field,PRD-07,B,INT001,Bajo,14,50,950,26.4,973.6,1000,0.6,0.06
DEMO-OU,Demo Field,PRD-07,B,INT001,Bajo,15,50,950,25.3,974.7,1000,0.6,0.06
DEMO-OU,Demo Field,PRD-07,B,INT001,Bajo,16,50,950,24.3,975.7,1000,0.6,0.06
DEMO-OU,Demo Field,PRD-07,B,INT001,Bajo,17,50,950,23.4,976.6,1000,0.6,0.06
DEMO-OU,Demo Field,PRD-07,B,INT001,Bajo,18,50,950,22.6,977.4,1000,0.6,0.06
DEMO-OU,Demo Field,PRD-07,B,INT001,Bajo,19,50,950,21.7,978.3,1000,0.6,0.06
DEMO-OU,Demo Field,PRD-07,B,INT001,Bajo,20,50,950,21,979,1000,0.6,0.06
DEMO-OU,Demo Field,PRD-07,B,INT001,Bajo,21,50,950,20.2,979.8,1000,0.6,0.06
DEMO-OU,Demo Field,PRD-07,B,INT001,Bajo,22,50,950,19.6,980.4,1000,0.6,0.06
DEMO-OU,Demo Field,PRD-07,B,INT001,Bajo,23,50,950,18.9,981.1,1000,0.6,0.06
DEMO-OU,Demo Field,PRD-07,B,INT001,Bajo,24,50,950,18.3,981.7,1000,0.6,0.06
DEMO-OU,Demo Field,PRD-07,B,INT001,Bajo,25,50,950,17.7,982.3,1000,0.6,0.06
DEMO-OU,Demo Field,PRD-07,B,INT001,Bajo,26,50,950,17.2,982.8,1000,0.6,0.06
DEMO-OU,Demo Field,PRD-07,B,INT001,Bajo,27,50,950,16.6,983.4,1000,0.6,0.06
DEMO-OU,Demo Field,PRD-07,B,INT001,Bajo,28,50,950,16.1,983.9,1000,0.6,0.06
DEMO-OU,Demo Field,PRD-07,B,INT001,Bajo,29,50,950,15.6,984.4,1000,0.6,0.06
DEMO-OU,Demo Field,PRD-07,B,INT001,Bajo,30,50,950,15.2,984.8,1000,0.6,0.06
DEMO-OU,Demo Field,PRD-07,B,INT001,Bajo,31,50,950,14.8,985.2,1000,0.6,0.06
DEMO-OU,Demo Field,PRD-07,B,INT001,Bajo,32,50,950,14.3,985.7,1000,0.6,0.06
DEMO-OU,Demo Field,PRD-07,B,INT001,Bajo,33,50,950,13.9,986.1,1000,0.6,0.06
DEMO-OU,Demo Field,PRD-07,B,INT001,Bajo,34,50,950,13.6,986.4,1000,0.6,0.06
DEMO-OU,Demo Field,PRD-07,B,INT001,Bajo,35,50,950,13.2,986.8,1000,0.6,0.06
DEMO-OU,Demo Field,PRD-07,B,INT001,Bajo,36,50,950,12.8,987.2,1000,0.6,0.06
DEMO-OU,Demo Field,PRD-07,B,INT001,Base,1,150,1350,150,1350,1500,0.5,0.045
DEMO-OU,Demo Field,PRD-07,B,INT001,Base,2,150,1350,143.5,1356.5,1500,0.5,0.045
DEMO-OU,Demo Field,PRD-07,B,INT001,Base,3,150,1350,137.4,1362.6,1500,0.5,0.045
DEMO-OU,Demo Field,PRD-07,B,INT001,Base,4,150,1350,131.6,1368.4,1500,0.5,0.045
DEMO-OU,Demo Field,PRD-07,B,INT001,Base,5,150,1350,126.3,1373.7,1500,0.5,0.045
DEMO-OU,Demo Field,PRD-07,B,INT001,Base,6,150,1350,121.2,1378.8,1500,0.5,0.045
DEMO-OU,Demo Field,PRD-07,B,INT001,Base,7,150,1350,116.4,1383.6,1500,0.5,0.045
DEMO-OU,Demo Field,PRD-07,B,INT001,Base,8,150,1350,112,1388,1500,0.5,0.045
DEMO-OU,Demo Field,PRD-07,B,INT001,Base,9,150,1350,107.7,1392.3,1500,0.5,0.045
DEMO-OU,Demo Field,PRD-07,B,INT001,Base,10,150,1350,103.7,1396.3,1500,0.5,0.045
DEMO-OU,Demo Field,PRD-07,B,INT001,Base,11,150,1350,100,1400,1500,0.5,0.045
DEMO-OU,Demo Field,PRD-07,B,INT001,Base,12,150,1350,96.4,1403.6,1500,0.5,0.045
DEMO-OU,Demo Field,PRD-07,B,INT001,Base,13,150,1350,93,1407,1500,0.5,0.045
DEMO-OU,Demo Field,PRD-07,B,INT001,Base,14,150,1350,89.8,1410.2,1500,0.5,0.045
DEMO-OU,Demo Field,PRD-07,B,INT001,Base,15,150,1350,86.7,1413.3,1500,0.5,0.045
DEMO-OU,Demo Field,PRD-07,B,INT001,Base,16,150,1350,83.9,1416.1,1500,0.5,0.045
DEMO-OU,Demo Field,PRD-07,B,INT001,Base,17,150,1350,81.1,1418.9,1500,0.5,0.045
DEMO-OU,Demo Field,PRD-07,B,INT001,Base,18,150,1350,78.5,1421.5,1500,0.5,0.045
DEMO-OU,Demo Field,PRD-07,B,INT001,Base,19,150,1350,76,1424,1500,0.5,0.045
DEMO-OU,Demo Field,PRD-07,B,INT001,Base,20,150,1350,73.6,1426.4,1500,0.5,0.045
DEMO-OU,Demo Field,PRD-07,B,INT001,Base,21,150,1350,71.3,1428.7,1500,0.5,0.045
DEMO-OU,Demo Field,PRD-07,B,INT001,Base,22,150,1350,69.2,1430.8,1500,0.5,0.045
DEMO-OU,Demo Field,PRD-07,B,INT001,Base,23,150,1350,67.1,1432.9,1500,0.5,0.045
DEMO-OU,Demo Field,PRD-07,B,INT001,Base,24,150,1350,65.1,1434.9,1500,0.5,0.045
DEMO-OU,Demo Field,PRD-07,B,INT001,Base,25,150,1350,63.2,1436.8,1500,0.5,0.045
DEMO-OU,Demo Field,PRD-07,B,INT001,Base,26,150,1350,61.4,1438.6,1500,0.5,0.045
DEMO-OU,Demo Field,PRD-07,B,INT001,Base,27,150,1350,59.7,1440.3,1500,0.5,0.045
DEMO-OU,Demo Field,PRD-07,B,INT001,Base,28,150,1350,58,1442,1500,0.5,0.045
DEMO-OU,Demo Field,PRD-07,B,INT001,Base,29,150,1350,56.5,1443.5,1500,0.5,0.045
DEMO-OU,Demo Field,PRD-07,B,INT001,Base,30,150,1350,54.9,1445.1,1500,0.5,0.045
DEMO-OU,Demo Field,PRD-07,B,INT001,Base,31,150,1350,53.5,1446.5,1500,0.5,0.045
DEMO-OU,Demo Field,PRD-07,B,INT001,Base,32,150,1350,52.1,1447.9,1500,0.5,0.045
DEMO-OU,Demo Field,PRD-07,B,INT001,Base,33,150,1350,50.7,1449.3,1500,0.5,0.045
DEMO-OU,Demo Field,PRD-07,B,INT001,Base,34,150,1350,49.4,1450.6,1500,0.5,0.045
DEMO-OU,Demo Field,PRD-07,B,INT001,Base,35,150,1350,48.2,1451.8,1500,0.5,0.045
DEMO-OU,Demo Field,PRD-07,B,INT001,Base,36,150,1350,46.9,1453.1,1500,0.5,0.045
DEMO-OU,Demo Field,PRD-07,B,INT001,Alto,1,300,1700,300,1700,2000,0.4,0.035
DEMO-OU,Demo Field,PRD-07,B,INT001,Alto,2,300,1700,289.8,1710.2,2000,0.4,0.035
DEMO-OU,Demo Field,PRD-07,B,INT001,Alto,3,300,1700,280,1720,2000,0.4,0.035
DEMO-OU,Demo Field,PRD-07,B,INT001,Alto,4,300,1700,270.7,1729.3,2000,0.4,0.035
DEMO-OU,Demo Field,PRD-07,B,INT001,Alto,5,300,1700,261.8,1738.2,2000,0.4,0.035
DEMO-OU,Demo Field,PRD-07,B,INT001,Alto,6,300,1700,253.3,1746.7,2000,0.4,0.035
DEMO-OU,Demo Field,PRD-07,B,INT001,Alto,7,300,1700,245.2,1754.8,2000,0.4,0.035
DEMO-OU,Demo Field,PRD-07,B,INT001,Alto,8,300,1700,237.5,1762.5,2000,0.4,0.035
DEMO-OU,Demo Field,PRD-07,B,INT001,Alto,9,300,1700,230.1,1769.9,2000,0.4,0.035
DEMO-OU,Demo Field,PRD-07,B,INT001,Alto,10,300,1700,223,1777,2000,0.4,0.035
DEMO-OU,Demo Field,PRD-07,B,INT001,Alto,11,300,1700,216.2,1783.8,2000,0.4,0.035
DEMO-OU,Demo Field,PRD-07,B,INT001,Alto,12,300,1700,209.7,1790.3,2000,0.4,0.035
DEMO-OU,Demo Field,PRD-07,B,INT001,Alto,13,300,1700,203.5,1796.5,2000,0.4,0.035
DEMO-OU,Demo Field,PRD-07,B,INT001,Alto,14,300,1700,197.5,1802.5,2000,0.4,0.035
DEMO-OU,Demo Field,PRD-07,B,INT001,Alto,15,300,1700,191.8,1808.2,2000,0.4,0.035
DEMO-OU,Demo Field,PRD-07,B,INT001,Alto,16,300,1700,186.3,1813.7,2000,0.4,0.035
DEMO-OU,Demo Field,PRD-07,B,INT001,Alto,17,300,1700,181,1819,2000,0.4,0.035
DEMO-OU,Demo Field,PRD-07,B,INT001,Alto,18,300,1700,175.9,1824.1,2000,0.4,0.035
DEMO-OU,Demo Field,PRD-07,B,INT001,Alto,19,300,1700,171,1829,2000,0.4,0.035
DEMO-OU,Demo Field,PRD-07,B,INT001,Alto,20,300,1700,166.4,1833.6,2000,0.4,0.035
DEMO-OU,Demo Field,PRD-07,B,INT001,Alto,21,300,1700,161.8,1838.2,2000,0.4,0.035
DEMO-OU,Demo Field,PRD-07,B,INT001,Alto,22,300,1700,157.5,1842.5,2000,0.4,0.035
DEMO-OU,Demo Field,PRD-07,B,INT001,Alto,23,300,1700,153.3,1846.7,2000,0.4,0.035
DEMO-OU,Demo Field,PRD-07,B,INT001,Alto,24,300,1700,149.3,1850.7,2000,0.4,0.035
DEMO-OU,Demo Field,PRD-07,B,INT001,Alto,25,300,1700,145.4,1854.6,2000,0.4,0.035
DEMO-OU,Demo Field,PRD-07,B,INT001,Alto,26,300,1700,141.7,1858.3,2000,0.4,0.035
DEMO-OU,Demo Field,PRD-07,B,INT001,Alto,27,300,1700,138.1,1861.9,2000,0.4,0.035
DEMO-OU,Demo Field,PRD-07,B,INT001,Alto,28,300,1700,134.6,1865.4,2000,0.4,0.035
DEMO-OU,Demo Field,PRD-07,B,INT001,Alto,29,300,1700,131.2,1868.8,2000,0.4,0.035
DEMO-OU,Demo Field,PRD-07,B,INT001,Alto,30,300,1700,128,1872,2000,0.4,0.035
DEMO-OU,Demo Field,PRD-07,B,INT001,Alto,31,300,1700,124.9,1875.1,2000,0.4,0.035
DEMO-OU,Demo Field,PRD-07,B,INT001,Alto,32,300,1700,121.8,1878.2,2000,0.4,0.035
DEMO-OU,Demo Field,PRD-07,B,INT001,Alto,33,300,1700,118.9,1881.1,2000,0.4,0.035
DEMO-OU,Demo Field,PRD-07,B,INT001,Alto,34,300,1700,116.1,1883.9,2000,0.4,0.035
DEMO-OU,Demo Field,PRD-07,B,INT001,Alto,35,300,1700,113.3,1886.7,2000,0.4,0.035
DEMO-OU,Demo Field,PRD-07,B,INT001,Alto,36,300,1700,110.7,1889.3,2000,0.4,0.035
DEMO-OU,Demo Field,PRD-08,D,INT001,Bajo,1,20,247,20,247,267,0.6,0.06
DEMO-OU,Demo Field,PRD-08,D,INT001,Bajo,2,20,247,18.9,248.1,267,0.6,0.06
DEMO-OU,Demo Field,PRD-08,D,INT001,Bajo,3,20,247,17.8,249.2,267,0.6,0.06
DEMO-OU,Demo Field,PRD-08,D,INT001,Bajo,4,20,247,16.9,250.1,267,0.6,0.06
DEMO-OU,Demo Field,PRD-08,D,INT001,Bajo,5,20,247,16,251,267,0.6,0.06
DEMO-OU,Demo Field,PRD-08,D,INT001,Bajo,6,20,247,15.2,251.8,267,0.6,0.06
DEMO-OU,Demo Field,PRD-08,D,INT001,Bajo,7,20,247,14.4,252.6,267,0.6,0.06
DEMO-OU,Demo Field,PRD-08,D,INT001,Bajo,8,20,247,13.8,253.2,267,0.6,0.06
DEMO-OU,Demo Field,PRD-08,D,INT001,Bajo,9,20,247,13.1,253.9,267,0.6,0.06
DEMO-OU,Demo Field,PRD-08,D,INT001,Bajo,10,20,247,12.5,254.5,267,0.6,0.06
DEMO-OU,Demo Field,PRD-08,D,INT001,Bajo,11,20,247,12,255,267,0.6,0.06
DEMO-OU,Demo Field,PRD-08,D,INT001,Bajo,12,20,247,11.5,255.5,267,0.6,0.06
DEMO-OU,Demo Field,PRD-08,D,INT001,Bajo,13,20,247,11,256,267,0.6,0.06
DEMO-OU,Demo Field,PRD-08,D,INT001,Bajo,14,20,247,10.5,256.5,267,0.6,0.06
DEMO-OU,Demo Field,PRD-08,D,INT001,Bajo,15,20,247,10.1,256.9,267,0.6,0.06
DEMO-OU,Demo Field,PRD-08,D,INT001,Bajo,16,20,247,9.7,257.3,267,0.6,0.06
DEMO-OU,Demo Field,PRD-08,D,INT001,Bajo,17,20,247,9.4,257.6,267,0.6,0.06
DEMO-OU,Demo Field,PRD-08,D,INT001,Bajo,18,20,247,9,258,267,0.6,0.06
DEMO-OU,Demo Field,PRD-08,D,INT001,Bajo,19,20,247,8.7,258.3,267,0.6,0.06
DEMO-OU,Demo Field,PRD-08,D,INT001,Bajo,20,20,247,8.4,258.6,267,0.6,0.06
DEMO-OU,Demo Field,PRD-08,D,INT001,Bajo,21,20,247,8.1,258.9,267,0.6,0.06
DEMO-OU,Demo Field,PRD-08,D,INT001,Bajo,22,20,247,7.8,259.2,267,0.6,0.06
DEMO-OU,Demo Field,PRD-08,D,INT001,Bajo,23,20,247,7.6,259.4,267,0.6,0.06
DEMO-OU,Demo Field,PRD-08,D,INT001,Bajo,24,20,247,7.3,259.7,267,0.6,0.06
DEMO-OU,Demo Field,PRD-08,D,INT001,Bajo,25,20,247,7.1,259.9,267,0.6,0.06
DEMO-OU,Demo Field,PRD-08,D,INT001,Bajo,26,20,247,6.9,260.1,267,0.6,0.06
DEMO-OU,Demo Field,PRD-08,D,INT001,Bajo,27,20,247,6.7,260.3,267,0.6,0.06
DEMO-OU,Demo Field,PRD-08,D,INT001,Bajo,28,20,247,6.4,260.6,267,0.6,0.06
DEMO-OU,Demo Field,PRD-08,D,INT001,Bajo,29,20,247,6.3,260.7,267,0.6,0.06
DEMO-OU,Demo Field,PRD-08,D,INT001,Bajo,30,20,247,6.1,260.9,267,0.6,0.06
DEMO-OU,Demo Field,PRD-08,D,INT001,Bajo,31,20,247,5.9,261.1,267,0.6,0.06
DEMO-OU,Demo Field,PRD-08,D,INT001,Bajo,32,20,247,5.7,261.3,267,0.6,0.06
DEMO-OU,Demo Field,PRD-08,D,INT001,Bajo,33,20,247,5.6,261.4,267,0.6,0.06
DEMO-OU,Demo Field,PRD-08,D,INT001,Bajo,34,20,247,5.4,261.6,267,0.6,0.06
DEMO-OU,Demo Field,PRD-08,D,INT001,Bajo,35,20,247,5.3,261.7,267,0.6,0.06
DEMO-OU,Demo Field,PRD-08,D,INT001,Bajo,36,20,247,5.1,261.9,267,0.6,0.06
DEMO-OU,Demo Field,PRD-08,D,INT001,Base,1,60,340,60,340,400,0.5,0.045
DEMO-OU,Demo Field,PRD-08,D,INT001,Base,2,60,340,57.4,342.6,400,0.5,0.045
DEMO-OU,Demo Field,PRD-08,D,INT001,Base,3,60,340,54.9,345.1,400,0.5,0.045
DEMO-OU,Demo Field,PRD-08,D,INT001,Base,4,60,340,52.7,347.3,400,0.5,0.045
DEMO-OU,Demo Field,PRD-08,D,INT001,Base,5,60,340,50.5,349.5,400,0.5,0.045
DEMO-OU,Demo Field,PRD-08,D,INT001,Base,6,60,340,48.5,351.5,400,0.5,0.045
DEMO-OU,Demo Field,PRD-08,D,INT001,Base,7,60,340,46.6,353.4,400,0.5,0.045
DEMO-OU,Demo Field,PRD-08,D,INT001,Base,8,60,340,44.8,355.2,400,0.5,0.045
DEMO-OU,Demo Field,PRD-08,D,INT001,Base,9,60,340,43.1,356.9,400,0.5,0.045
DEMO-OU,Demo Field,PRD-08,D,INT001,Base,10,60,340,41.5,358.5,400,0.5,0.045
DEMO-OU,Demo Field,PRD-08,D,INT001,Base,11,60,340,40,360,400,0.5,0.045
DEMO-OU,Demo Field,PRD-08,D,INT001,Base,12,60,340,38.6,361.4,400,0.5,0.045
DEMO-OU,Demo Field,PRD-08,D,INT001,Base,13,60,340,37.2,362.8,400,0.5,0.045
DEMO-OU,Demo Field,PRD-08,D,INT001,Base,14,60,340,35.9,364.1,400,0.5,0.045
DEMO-OU,Demo Field,PRD-08,D,INT001,Base,15,60,340,34.7,365.3,400,0.5,0.045
DEMO-OU,Demo Field,PRD-08,D,INT001,Base,16,60,340,33.5,366.5,400,0.5,0.045
DEMO-OU,Demo Field,PRD-08,D,INT001,Base,17,60,340,32.4,367.6,400,0.5,0.045
DEMO-OU,Demo Field,PRD-08,D,INT001,Base,18,60,340,31.4,368.6,400,0.5,0.045
DEMO-OU,Demo Field,PRD-08,D,INT001,Base,19,60,340,30.4,369.6,400,0.5,0.045
DEMO-OU,Demo Field,PRD-08,D,INT001,Base,20,60,340,29.4,370.6,400,0.5,0.045
DEMO-OU,Demo Field,PRD-08,D,INT001,Base,21,60,340,28.5,371.5,400,0.5,0.045
DEMO-OU,Demo Field,PRD-08,D,INT001,Base,22,60,340,27.7,372.3,400,0.5,0.045
DEMO-OU,Demo Field,PRD-08,D,INT001,Base,23,60,340,26.8,373.2,400,0.5,0.045
DEMO-OU,Demo Field,PRD-08,D,INT001,Base,24,60,340,26.1,373.9,400,0.5,0.045
DEMO-OU,Demo Field,PRD-08,D,INT001,Base,25,60,340,25.3,374.7,400,0.5,0.045
DEMO-OU,Demo Field,PRD-08,D,INT001,Base,26,60,340,24.6,375.4,400,0.5,0.045
DEMO-OU,Demo Field,PRD-08,D,INT001,Base,27,60,340,23.9,376.1,400,0.5,0.045
DEMO-OU,Demo Field,PRD-08,D,INT001,Base,28,60,340,23.2,376.8,400,0.5,0.045
DEMO-OU,Demo Field,PRD-08,D,INT001,Base,29,60,340,22.6,377.4,400,0.5,0.045
DEMO-OU,Demo Field,PRD-08,D,INT001,Base,30,60,340,22,378,400,0.5,0.045
DEMO-OU,Demo Field,PRD-08,D,INT001,Base,31,60,340,21.4,378.6,400,0.5,0.045
DEMO-OU,Demo Field,PRD-08,D,INT001,Base,32,60,340,20.8,379.2,400,0.5,0.045
DEMO-OU,Demo Field,PRD-08,D,INT001,Base,33,60,340,20.3,379.7,400,0.5,0.045
DEMO-OU,Demo Field,PRD-08,D,INT001,Base,34,60,340,19.8,380.2,400,0.5,0.045
DEMO-OU,Demo Field,PRD-08,D,INT001,Base,35,60,340,19.3,380.7,400,0.5,0.045
DEMO-OU,Demo Field,PRD-08,D,INT001,Base,36,60,340,18.8,381.2,400,0.5,0.045
DEMO-OU,Demo Field,PRD-08,D,INT001,Alto,1,120,413,120,413,533,0.4,0.035
DEMO-OU,Demo Field,PRD-08,D,INT001,Alto,2,120,413,115.9,417.1,533,0.4,0.035
DEMO-OU,Demo Field,PRD-08,D,INT001,Alto,3,120,413,112,421,533,0.4,0.035
DEMO-OU,Demo Field,PRD-08,D,INT001,Alto,4,120,413,108.3,424.7,533,0.4,0.035
DEMO-OU,Demo Field,PRD-08,D,INT001,Alto,5,120,413,104.7,428.3,533,0.4,0.035
DEMO-OU,Demo Field,PRD-08,D,INT001,Alto,6,120,413,101.3,431.7,533,0.4,0.035
DEMO-OU,Demo Field,PRD-08,D,INT001,Alto,7,120,413,98.1,434.9,533,0.4,0.035
DEMO-OU,Demo Field,PRD-08,D,INT001,Alto,8,120,413,95,438,533,0.4,0.035
DEMO-OU,Demo Field,PRD-08,D,INT001,Alto,9,120,413,92,441,533,0.4,0.035
DEMO-OU,Demo Field,PRD-08,D,INT001,Alto,10,120,413,89.2,443.8,533,0.4,0.035
DEMO-OU,Demo Field,PRD-08,D,INT001,Alto,11,120,413,86.5,446.5,533,0.4,0.035
DEMO-OU,Demo Field,PRD-08,D,INT001,Alto,12,120,413,83.9,449.1,533,0.4,0.035
DEMO-OU,Demo Field,PRD-08,D,INT001,Alto,13,120,413,81.4,451.6,533,0.4,0.035
DEMO-OU,Demo Field,PRD-08,D,INT001,Alto,14,120,413,79,454,533,0.4,0.035
DEMO-OU,Demo Field,PRD-08,D,INT001,Alto,15,120,413,76.7,456.3,533,0.4,0.035
DEMO-OU,Demo Field,PRD-08,D,INT001,Alto,16,120,413,74.5,458.5,533,0.4,0.035
DEMO-OU,Demo Field,PRD-08,D,INT001,Alto,17,120,413,72.4,460.6,533,0.4,0.035
DEMO-OU,Demo Field,PRD-08,D,INT001,Alto,18,120,413,70.4,462.6,533,0.4,0.035
DEMO-OU,Demo Field,PRD-08,D,INT001,Alto,19,120,413,68.4,464.6,533,0.4,0.035
DEMO-OU,Demo Field,PRD-08,D,INT001,Alto,20,120,413,66.5,466.5,533,0.4,0.035
DEMO-OU,Demo Field,PRD-08,D,INT001,Alto,21,120,413,64.7,468.3,533,0.4,0.035
DEMO-OU,Demo Field,PRD-08,D,INT001,Alto,22,120,413,63,470,533,0.4,0.035
DEMO-OU,Demo Field,PRD-08,D,INT001,Alto,23,120,413,61.3,471.7,533,0.4,0.035
DEMO-OU,Demo Field,PRD-08,D,INT001,Alto,24,120,413,59.7,473.3,533,0.4,0.035
DEMO-OU,Demo Field,PRD-08,D,INT001,Alto,25,120,413,58.2,474.8,533,0.4,0.035
DEMO-OU,Demo Field,PRD-08,D,INT001,Alto,26,120,413,56.7,476.3,533,0.4,0.035
DEMO-OU,Demo Field,PRD-08,D,INT001,Alto,27,120,413,55.2,477.8,533,0.4,0.035
DEMO-OU,Demo Field,PRD-08,D,INT001,Alto,28,120,413,53.8,479.2,533,0.4,0.035
DEMO-OU,Demo Field,PRD-08,D,INT001,Alto,29,120,413,52.5,480.5,533,0.4,0.035
DEMO-OU,Demo Field,PRD-08,D,INT001,Alto,30,120,413,51.2,481.8,533,0.4,0.035
DEMO-OU,Demo Field,PRD-08,D,INT001,Alto,31,120,413,49.9,483.1,533,0.4,0.035
DEMO-OU,Demo Field,PRD-08,D,INT001,Alto,32,120,413,48.7,484.3,533,0.4,0.035
DEMO-OU,Demo Field,PRD-08,D,INT001,Alto,33,120,413,47.6,485.4,533,0.4,0.035
DEMO-OU,Demo Field,PRD-08,D,INT001,Alto,34,120,413,46.4,486.6,533,0.4,0.035
DEMO-OU,Demo Field,PRD-08,D,INT001,Alto,35,120,413,45.3,487.7,533,0.4,0.035
DEMO-OU,Demo Field,PRD-08,D,INT001,Alto,36,120,413,44.3,488.7,533,0.4,0.035
DEMO-OU,Demo Field,PRD-11,E,INT003,Bajo,1,8.3,58.7,8.3,58.7,67,0.6,0.06
DEMO-OU,Demo Field,PRD-11,E,INT003,Bajo,2,8.3,58.7,7.8,59.2,67,0.6,0.06
DEMO-OU,Demo Field,PRD-11,E,INT003,Bajo,3,8.3,58.7,7.4,59.6,67,0.6,0.06
DEMO-OU,Demo Field,PRD-11,E,INT003,Bajo,4,8.3,58.7,7,60,67,0.6,0.06
DEMO-OU,Demo Field,PRD-11,E,INT003,Bajo,5,8.3,58.7,6.6,60.4,67,0.6,0.06
DEMO-OU,Demo Field,PRD-11,E,INT003,Bajo,6,8.3,58.7,6.3,60.7,67,0.6,0.06
DEMO-OU,Demo Field,PRD-11,E,INT003,Bajo,7,8.3,58.7,6,61,67,0.6,0.06
DEMO-OU,Demo Field,PRD-11,E,INT003,Bajo,8,8.3,58.7,5.7,61.3,67,0.6,0.06
DEMO-OU,Demo Field,PRD-11,E,INT003,Bajo,9,8.3,58.7,5.4,61.6,67,0.6,0.06
DEMO-OU,Demo Field,PRD-11,E,INT003,Bajo,10,8.3,58.7,5.2,61.8,67,0.6,0.06
DEMO-OU,Demo Field,PRD-11,E,INT003,Bajo,11,8.3,58.7,5,62,67,0.6,0.06
DEMO-OU,Demo Field,PRD-11,E,INT003,Bajo,12,8.3,58.7,4.8,62.2,67,0.6,0.06
DEMO-OU,Demo Field,PRD-11,E,INT003,Bajo,13,8.3,58.7,4.6,62.4,67,0.6,0.06
DEMO-OU,Demo Field,PRD-11,E,INT003,Bajo,14,8.3,58.7,4.4,62.6,67,0.6,0.06
DEMO-OU,Demo Field,PRD-11,E,INT003,Bajo,15,8.3,58.7,4.2,62.8,67,0.6,0.06
DEMO-OU,Demo Field,PRD-11,E,INT003,Bajo,16,8.3,58.7,4,63,67,0.6,0.06
DEMO-OU,Demo Field,PRD-11,E,INT003,Bajo,17,8.3,58.7,3.9,63.1,67,0.6,0.06
DEMO-OU,Demo Field,PRD-11,E,INT003,Bajo,18,8.3,58.7,3.7,63.3,67,0.6,0.06
DEMO-OU,Demo Field,PRD-11,E,INT003,Bajo,19,8.3,58.7,3.6,63.4,67,0.6,0.06
DEMO-OU,Demo Field,PRD-11,E,INT003,Bajo,20,8.3,58.7,3.5,63.5,67,0.6,0.06
DEMO-OU,Demo Field,PRD-11,E,INT003,Bajo,21,8.3,58.7,3.4,63.6,67,0.6,0.06
DEMO-OU,Demo Field,PRD-11,E,INT003,Bajo,22,8.3,58.7,3.2,63.8,67,0.6,0.06
DEMO-OU,Demo Field,PRD-11,E,INT003,Bajo,23,8.3,58.7,3.1,63.9,67,0.6,0.06
DEMO-OU,Demo Field,PRD-11,E,INT003,Bajo,24,8.3,58.7,3,64,67,0.6,0.06
DEMO-OU,Demo Field,PRD-11,E,INT003,Bajo,25,8.3,58.7,2.9,64.1,67,0.6,0.06
DEMO-OU,Demo Field,PRD-11,E,INT003,Bajo,26,8.3,58.7,2.8,64.2,67,0.6,0.06
DEMO-OU,Demo Field,PRD-11,E,INT003,Bajo,27,8.3,58.7,2.8,64.2,67,0.6,0.06
DEMO-OU,Demo Field,PRD-11,E,INT003,Bajo,28,8.3,58.7,2.7,64.3,67,0.6,0.06
DEMO-OU,Demo Field,PRD-11,E,INT003,Bajo,29,8.3,58.7,2.6,64.4,67,0.6,0.06
DEMO-OU,Demo Field,PRD-11,E,INT003,Bajo,30,8.3,58.7,2.5,64.5,67,0.6,0.06
DEMO-OU,Demo Field,PRD-11,E,INT003,Bajo,31,8.3,58.7,2.4,64.6,67,0.6,0.06
DEMO-OU,Demo Field,PRD-11,E,INT003,Bajo,32,8.3,58.7,2.4,64.6,67,0.6,0.06
DEMO-OU,Demo Field,PRD-11,E,INT003,Bajo,33,8.3,58.7,2.3,64.7,67,0.6,0.06
DEMO-OU,Demo Field,PRD-11,E,INT003,Bajo,34,8.3,58.7,2.3,64.7,67,0.6,0.06
DEMO-OU,Demo Field,PRD-11,E,INT003,Bajo,35,8.3,58.7,2.2,64.8,67,0.6,0.06
DEMO-OU,Demo Field,PRD-11,E,INT003,Bajo,36,8.3,58.7,2.1,64.9,67,0.6,0.06
DEMO-OU,Demo Field,PRD-11,E,INT003,Base,1,25,75,25,75,100,0.5,0.045
DEMO-OU,Demo Field,PRD-11,E,INT003,Base,2,25,75,23.9,76.1,100,0.5,0.045
DEMO-OU,Demo Field,PRD-11,E,INT003,Base,3,25,75,22.9,77.1,100,0.5,0.045
DEMO-OU,Demo Field,PRD-11,E,INT003,Base,4,25,75,21.9,78.1,100,0.5,0.045
DEMO-OU,Demo Field,PRD-11,E,INT003,Base,5,25,75,21,79,100,0.5,0.045
DEMO-OU,Demo Field,PRD-11,E,INT003,Base,6,25,75,20.2,79.8,100,0.5,0.045
DEMO-OU,Demo Field,PRD-11,E,INT003,Base,7,25,75,19.4,80.6,100,0.5,0.045
DEMO-OU,Demo Field,PRD-11,E,INT003,Base,8,25,75,18.7,81.3,100,0.5,0.045
DEMO-OU,Demo Field,PRD-11,E,INT003,Base,9,25,75,18,82,100,0.5,0.045
DEMO-OU,Demo Field,PRD-11,E,INT003,Base,10,25,75,17.3,82.7,100,0.5,0.045
DEMO-OU,Demo Field,PRD-11,E,INT003,Base,11,25,75,16.7,83.3,100,0.5,0.045
DEMO-OU,Demo Field,PRD-11,E,INT003,Base,12,25,75,16.1,83.9,100,0.5,0.045
DEMO-OU,Demo Field,PRD-11,E,INT003,Base,13,25,75,15.5,84.5,100,0.5,0.045
DEMO-OU,Demo Field,PRD-11,E,INT003,Base,14,25,75,15,85,100,0.5,0.045
DEMO-OU,Demo Field,PRD-11,E,INT003,Base,15,25,75,14.5,85.5,100,0.5,0.045
DEMO-OU,Demo Field,PRD-11,E,INT003,Base,16,25,75,14,86,100,0.5,0.045
DEMO-OU,Demo Field,PRD-11,E,INT003,Base,17,25,75,13.5,86.5,100,0.5,0.045
DEMO-OU,Demo Field,PRD-11,E,INT003,Base,18,25,75,13.1,86.9,100,0.5,0.045
DEMO-OU,Demo Field,PRD-11,E,INT003,Base,19,25,75,12.7,87.3,100,0.5,0.045
DEMO-OU,Demo Field,PRD-11,E,INT003,Base,20,25,75,12.3,87.7,100,0.5,0.045
DEMO-OU,Demo Field,PRD-11,E,INT003,Base,21,25,75,11.9,88.1,100,0.5,0.045
DEMO-OU,Demo Field,PRD-11,E,INT003,Base,22,25,75,11.5,88.5,100,0.5,0.045
DEMO-OU,Demo Field,PRD-11,E,INT003,Base,23,25,75,11.2,88.8,100,0.5,0.045
DEMO-OU,Demo Field,PRD-11,E,INT003,Base,24,25,75,10.9,89.1,100,0.5,0.045
DEMO-OU,Demo Field,PRD-11,E,INT003,Base,25,25,75,10.5,89.5,100,0.5,0.045
DEMO-OU,Demo Field,PRD-11,E,INT003,Base,26,25,75,10.2,89.8,100,0.5,0.045
DEMO-OU,Demo Field,PRD-11,E,INT003,Base,27,25,75,10,90,100,0.5,0.045
DEMO-OU,Demo Field,PRD-11,E,INT003,Base,28,25,75,9.7,90.3,100,0.5,0.045
DEMO-OU,Demo Field,PRD-11,E,INT003,Base,29,25,75,9.4,90.6,100,0.5,0.045
DEMO-OU,Demo Field,PRD-11,E,INT003,Base,30,25,75,9.2,90.8,100,0.5,0.045
DEMO-OU,Demo Field,PRD-11,E,INT003,Base,31,25,75,8.9,91.1,100,0.5,0.045
DEMO-OU,Demo Field,PRD-11,E,INT003,Base,32,25,75,8.7,91.3,100,0.5,0.045
DEMO-OU,Demo Field,PRD-11,E,INT003,Base,33,25,75,8.5,91.5,100,0.5,0.045
DEMO-OU,Demo Field,PRD-11,E,INT003,Base,34,25,75,8.2,91.8,100,0.5,0.045
DEMO-OU,Demo Field,PRD-11,E,INT003,Base,35,25,75,8,92,100,0.5,0.045
DEMO-OU,Demo Field,PRD-11,E,INT003,Base,36,25,75,7.8,92.2,100,0.5,0.045
DEMO-OU,Demo Field,PRD-11,E,INT003,Alto,1,50,83,50,83,133,0.4,0.035
DEMO-OU,Demo Field,PRD-11,E,INT003,Alto,2,50,83,48.3,84.7,133,0.4,0.035
DEMO-OU,Demo Field,PRD-11,E,INT003,Alto,3,50,83,46.7,86.3,133,0.4,0.035
DEMO-OU,Demo Field,PRD-11,E,INT003,Alto,4,50,83,45.1,87.9,133,0.4,0.035
DEMO-OU,Demo Field,PRD-11,E,INT003,Alto,5,50,83,43.6,89.4,133,0.4,0.035
DEMO-OU,Demo Field,PRD-11,E,INT003,Alto,6,50,83,42.2,90.8,133,0.4,0.035
DEMO-OU,Demo Field,PRD-11,E,INT003,Alto,7,50,83,40.9,92.1,133,0.4,0.035
DEMO-OU,Demo Field,PRD-11,E,INT003,Alto,8,50,83,39.6,93.4,133,0.4,0.035
DEMO-OU,Demo Field,PRD-11,E,INT003,Alto,9,50,83,38.3,94.7,133,0.4,0.035
DEMO-OU,Demo Field,PRD-11,E,INT003,Alto,10,50,83,37.2,95.8,133,0.4,0.035
DEMO-OU,Demo Field,PRD-11,E,INT003,Alto,11,50,83,36,97,133,0.4,0.035
DEMO-OU,Demo Field,PRD-11,E,INT003,Alto,12,50,83,35,98,133,0.4,0.035
DEMO-OU,Demo Field,PRD-11,E,INT003,Alto,13,50,83,33.9,99.1,133,0.4,0.035
DEMO-OU,Demo Field,PRD-11,E,INT003,Alto,14,50,83,32.9,100.1,133,0.4,0.035
DEMO-OU,Demo Field,PRD-11,E,INT003,Alto,15,50,83,32,101,133,0.4,0.035
DEMO-OU,Demo Field,PRD-11,E,INT003,Alto,16,50,83,31,102,133,0.4,0.035
DEMO-OU,Demo Field,PRD-11,E,INT003,Alto,17,50,83,30.2,102.8,133,0.4,0.035
DEMO-OU,Demo Field,PRD-11,E,INT003,Alto,18,50,83,29.3,103.7,133,0.4,0.035
DEMO-OU,Demo Field,PRD-11,E,INT003,Alto,19,50,83,28.5,104.5,133,0.4,0.035
DEMO-OU,Demo Field,PRD-11,E,INT003,Alto,20,50,83,27.7,105.3,133,0.4,0.035
DEMO-OU,Demo Field,PRD-11,E,INT003,Alto,21,50,83,27,106,133,0.4,0.035
DEMO-OU,Demo Field,PRD-11,E,INT003,Alto,22,50,83,26.3,106.7,133,0.4,0.035
DEMO-OU,Demo Field,PRD-11,E,INT003,Alto,23,50,83,25.6,107.4,133,0.4,0.035
DEMO-OU,Demo Field,PRD-11,E,INT003,Alto,24,50,83,24.9,108.1,133,0.4,0.035
DEMO-OU,Demo Field,PRD-11,E,INT003,Alto,25,50,83,24.2,108.8,133,0.4,0.035
DEMO-OU,Demo Field,PRD-11,E,INT003,Alto,26,50,83,23.6,109.4,133,0.4,0.035
DEMO-OU,Demo Field,PRD-11,E,INT003,Alto,27,50,83,23,110,133,0.4,0.035
DEMO-OU,Demo Field,PRD-11,E,INT003,Alto,28,50,83,22.4,110.6,133,0.4,0.035
DEMO-OU,Demo Field,PRD-11,E,INT003,Alto,29,50,83,21.9,111.1,133,0.4,0.035
DEMO-OU,Demo Field,PRD-11,E,INT003,Alto,30,50,83,21.3,111.7,133,0.4,0.035
DEMO-OU,Demo Field,PRD-11,E,INT003,Alto,31,50,83,20.8,112.2,133,0.4,0.035
DEMO-OU,Demo Field,PRD-11,E,INT003,Alto,32,50,83,20.3,112.7,133,0.4,0.035
DEMO-OU,Demo Field,PRD-11,E,INT003,Alto,33,50,83,19.8,113.2,133,0.4,0.035
DEMO-OU,Demo Field,PRD-11,E,INT003,Alto,34,50,83,19.3,113.7,133,0.4,0.035
DEMO-OU,Demo Field,PRD-11,E,INT003,Alto,35,50,83,18.9,114.1,133,0.4,0.035
DEMO-OU,Demo Field,PRD-11,E,INT003,Alto,36,50,83,18.5,114.5,133,0.4,0.035
DEMO-OU,Demo Field,PRD-12,B,INT001,Bajo,1,31.7,538.3,31.7,538.3,570,0.6,0.06
DEMO-OU,Demo Field,PRD-12,B,INT001,Bajo,2,31.7,538.3,29.9,540.1,570,0.6,0.06
DEMO-OU,Demo Field,PRD-12,B,INT001,Bajo,3,31.7,538.3,28.2,541.8,570,0.6,0.06
DEMO-OU,Demo Field,PRD-12,B,INT001,Bajo,4,31.7,538.3,26.7,543.3,570,0.6,0.06
DEMO-OU,Demo Field,PRD-12,B,INT001,Bajo,5,31.7,538.3,25.3,544.7,570,0.6,0.06
DEMO-OU,Demo Field,PRD-12,B,INT001,Bajo,6,31.7,538.3,24.1,545.9,570,0.6,0.06
DEMO-OU,Demo Field,PRD-12,B,INT001,Bajo,7,31.7,538.3,22.9,547.1,570,0.6,0.06
DEMO-OU,Demo Field,PRD-12,B,INT001,Bajo,8,31.7,538.3,21.8,548.2,570,0.6,0.06
DEMO-OU,Demo Field,PRD-12,B,INT001,Bajo,9,31.7,538.3,20.8,549.2,570,0.6,0.06
DEMO-OU,Demo Field,PRD-12,B,INT001,Bajo,10,31.7,538.3,19.9,550.1,570,0.6,0.06
DEMO-OU,Demo Field,PRD-12,B,INT001,Bajo,11,31.7,538.3,19,551,570,0.6,0.06
DEMO-OU,Demo Field,PRD-12,B,INT001,Bajo,12,31.7,538.3,18.2,551.8,570,0.6,0.06
DEMO-OU,Demo Field,PRD-12,B,INT001,Bajo,13,31.7,538.3,17.4,552.6,570,0.6,0.06
DEMO-OU,Demo Field,PRD-12,B,INT001,Bajo,14,31.7,538.3,16.7,553.3,570,0.6,0.06
DEMO-OU,Demo Field,PRD-12,B,INT001,Bajo,15,31.7,538.3,16.1,553.9,570,0.6,0.06
DEMO-OU,Demo Field,PRD-12,B,INT001,Bajo,16,31.7,538.3,15.4,554.6,570,0.6,0.06
DEMO-OU,Demo Field,PRD-12,B,INT001,Bajo,17,31.7,538.3,14.9,555.1,570,0.6,0.06
DEMO-OU,Demo Field,PRD-12,B,INT001,Bajo,18,31.7,538.3,14.3,555.7,570,0.6,0.06
DEMO-OU,Demo Field,PRD-12,B,INT001,Bajo,19,31.7,538.3,13.8,556.2,570,0.6,0.06
DEMO-OU,Demo Field,PRD-12,B,INT001,Bajo,20,31.7,538.3,13.3,556.7,570,0.6,0.06
DEMO-OU,Demo Field,PRD-12,B,INT001,Bajo,21,31.7,538.3,12.8,557.2,570,0.6,0.06
DEMO-OU,Demo Field,PRD-12,B,INT001,Bajo,22,31.7,538.3,12.4,557.6,570,0.6,0.06
DEMO-OU,Demo Field,PRD-12,B,INT001,Bajo,23,31.7,538.3,12,558,570,0.6,0.06
DEMO-OU,Demo Field,PRD-12,B,INT001,Bajo,24,31.7,538.3,11.6,558.4,570,0.6,0.06
DEMO-OU,Demo Field,PRD-12,B,INT001,Bajo,25,31.7,538.3,11.2,558.8,570,0.6,0.06
DEMO-OU,Demo Field,PRD-12,B,INT001,Bajo,26,31.7,538.3,10.9,559.1,570,0.6,0.06
DEMO-OU,Demo Field,PRD-12,B,INT001,Bajo,27,31.7,538.3,10.5,559.5,570,0.6,0.06
DEMO-OU,Demo Field,PRD-12,B,INT001,Bajo,28,31.7,538.3,10.2,559.8,570,0.6,0.06
DEMO-OU,Demo Field,PRD-12,B,INT001,Bajo,29,31.7,538.3,9.9,560.1,570,0.6,0.06
DEMO-OU,Demo Field,PRD-12,B,INT001,Bajo,30,31.7,538.3,9.6,560.4,570,0.6,0.06
DEMO-OU,Demo Field,PRD-12,B,INT001,Bajo,31,31.7,538.3,9.4,560.6,570,0.6,0.06
DEMO-OU,Demo Field,PRD-12,B,INT001,Bajo,32,31.7,538.3,9.1,560.9,570,0.6,0.06
DEMO-OU,Demo Field,PRD-12,B,INT001,Bajo,33,31.7,538.3,8.8,561.2,570,0.6,0.06
DEMO-OU,Demo Field,PRD-12,B,INT001,Bajo,34,31.7,538.3,8.6,561.4,570,0.6,0.06
DEMO-OU,Demo Field,PRD-12,B,INT001,Bajo,35,31.7,538.3,8.4,561.6,570,0.6,0.06
DEMO-OU,Demo Field,PRD-12,B,INT001,Bajo,36,31.7,538.3,8.1,561.9,570,0.6,0.06
DEMO-OU,Demo Field,PRD-12,B,INT001,Base,1,95,760,95,760,855,0.5,0.045
DEMO-OU,Demo Field,PRD-12,B,INT001,Base,2,95,760,90.9,764.1,855,0.5,0.045
DEMO-OU,Demo Field,PRD-12,B,INT001,Base,3,95,760,87,768,855,0.5,0.045
DEMO-OU,Demo Field,PRD-12,B,INT001,Base,4,95,760,83.4,771.6,855,0.5,0.045
DEMO-OU,Demo Field,PRD-12,B,INT001,Base,5,95,760,80,775,855,0.5,0.045
DEMO-OU,Demo Field,PRD-12,B,INT001,Base,6,95,760,76.8,778.2,855,0.5,0.045
DEMO-OU,Demo Field,PRD-12,B,INT001,Base,7,95,760,73.7,781.3,855,0.5,0.045
DEMO-OU,Demo Field,PRD-12,B,INT001,Base,8,95,760,70.9,784.1,855,0.5,0.045
DEMO-OU,Demo Field,PRD-12,B,INT001,Base,9,95,760,68.2,786.8,855,0.5,0.045
DEMO-OU,Demo Field,PRD-12,B,INT001,Base,10,95,760,65.7,789.3,855,0.5,0.045
DEMO-OU,Demo Field,PRD-12,B,INT001,Base,11,95,760,63.3,791.7,855,0.5,0.045
DEMO-OU,Demo Field,PRD-12,B,INT001,Base,12,95,760,61,794,855,0.5,0.045
DEMO-OU,Demo Field,PRD-12,B,INT001,Base,13,95,760,58.9,796.1,855,0.5,0.045
DEMO-OU,Demo Field,PRD-12,B,INT001,Base,14,95,760,56.9,798.1,855,0.5,0.045
DEMO-OU,Demo Field,PRD-12,B,INT001,Base,15,95,760,54.9,800.1,855,0.5,0.045
DEMO-OU,Demo Field,PRD-12,B,INT001,Base,16,95,760,53.1,801.9,855,0.5,0.045
DEMO-OU,Demo Field,PRD-12,B,INT001,Base,17,95,760,51.4,803.6,855,0.5,0.045
DEMO-OU,Demo Field,PRD-12,B,INT001,Base,18,95,760,49.7,805.3,855,0.5,0.045
DEMO-OU,Demo Field,PRD-12,B,INT001,Base,19,95,760,48.1,806.9,855,0.5,0.045
DEMO-OU,Demo Field,PRD-12,B,INT001,Base,20,95,760,46.6,808.4,855,0.5,0.045
DEMO-OU,Demo Field,PRD-12,B,INT001,Base,21,95,760,45.2,809.8,855,0.5,0.045
DEMO-OU,Demo Field,PRD-12,B,INT001,Base,22,95,760,43.8,811.2,855,0.5,0.045
DEMO-OU,Demo Field,PRD-12,B,INT001,Base,23,95,760,42.5,812.5,855,0.5,0.045
DEMO-OU,Demo Field,PRD-12,B,INT001,Base,24,95,760,41.3,813.7,855,0.5,0.045
DEMO-OU,Demo Field,PRD-12,B,INT001,Base,25,95,760,40.1,814.9,855,0.5,0.045
DEMO-OU,Demo Field,PRD-12,B,INT001,Base,26,95,760,38.9,816.1,855,0.5,0.045
DEMO-OU,Demo Field,PRD-12,B,INT001,Base,27,95,760,37.8,817.2,855,0.5,0.045
DEMO-OU,Demo Field,PRD-12,B,INT001,Base,28,95,760,36.8,818.2,855,0.5,0.045
DEMO-OU,Demo Field,PRD-12,B,INT001,Base,29,95,760,35.8,819.2,855,0.5,0.045
DEMO-OU,Demo Field,PRD-12,B,INT001,Base,30,95,760,34.8,820.2,855,0.5,0.045
DEMO-OU,Demo Field,PRD-12,B,INT001,Base,31,95,760,33.9,821.1,855,0.5,0.045
DEMO-OU,Demo Field,PRD-12,B,INT001,Base,32,95,760,33,822,855,0.5,0.045
DEMO-OU,Demo Field,PRD-12,B,INT001,Base,33,95,760,32.1,822.9,855,0.5,0.045
DEMO-OU,Demo Field,PRD-12,B,INT001,Base,34,95,760,31.3,823.7,855,0.5,0.045
DEMO-OU,Demo Field,PRD-12,B,INT001,Base,35,95,760,30.5,824.5,855,0.5,0.045
DEMO-OU,Demo Field,PRD-12,B,INT001,Base,36,95,760,29.7,825.3,855,0.5,0.045
DEMO-OU,Demo Field,PRD-12,B,INT001,Alto,1,190,950,190,950,1140,0.4,0.035
DEMO-OU,Demo Field,PRD-12,B,INT001,Alto,2,190,950,183.5,956.5,1140,0.4,0.035
DEMO-OU,Demo Field,PRD-12,B,INT001,Alto,3,190,950,177.3,962.7,1140,0.4,0.035
DEMO-OU,Demo Field,PRD-12,B,INT001,Alto,4,190,950,171.4,968.6,1140,0.4,0.035
DEMO-OU,Demo Field,PRD-12,B,INT001,Alto,5,190,950,165.8,974.2,1140,0.4,0.035
DEMO-OU,Demo Field,PRD-12,B,INT001,Alto,6,190,950,160.4,979.6,1140,0.4,0.035
DEMO-OU,Demo Field,PRD-12,B,INT001,Alto,7,190,950,155.3,984.7,1140,0.4,0.035
DEMO-OU,Demo Field,PRD-12,B,INT001,Alto,8,190,950,150.4,989.6,1140,0.4,0.035
DEMO-OU,Demo Field,PRD-12,B,INT001,Alto,9,190,950,145.7,994.3,1140,0.4,0.035
DEMO-OU,Demo Field,PRD-12,B,INT001,Alto,10,190,950,141.2,998.8,1140,0.4,0.035
DEMO-OU,Demo Field,PRD-12,B,INT001,Alto,11,190,950,136.9,1003.1,1140,0.4,0.035
DEMO-OU,Demo Field,PRD-12,B,INT001,Alto,12,190,950,132.8,1007.2,1140,0.4,0.035
DEMO-OU,Demo Field,PRD-12,B,INT001,Alto,13,190,950,128.9,1011.1,1140,0.4,0.035
DEMO-OU,Demo Field,PRD-12,B,INT001,Alto,14,190,950,125.1,1014.9,1140,0.4,0.035
DEMO-OU,Demo Field,PRD-12,B,INT001,Alto,15,190,950,121.5,1018.5,1140,0.4,0.035
DEMO-OU,Demo Field,PRD-12,B,INT001,Alto,16,190,950,118,1022,1140,0.4,0.035
DEMO-OU,Demo Field,PRD-12,B,INT001,Alto,17,190,950,114.6,1025.4,1140,0.4,0.035
DEMO-OU,Demo Field,PRD-12,B,INT001,Alto,18,190,950,111.4,1028.6,1140,0.4,0.035
DEMO-OU,Demo Field,PRD-12,B,INT001,Alto,19,190,950,108.3,1031.7,1140,0.4,0.035
DEMO-OU,Demo Field,PRD-12,B,INT001,Alto,20,190,950,105.4,1034.6,1140,0.4,0.035
DEMO-OU,Demo Field,PRD-12,B,INT001,Alto,21,190,950,102.5,1037.5,1140,0.4,0.035
DEMO-OU,Demo Field,PRD-12,B,INT001,Alto,22,190,950,99.8,1040.2,1140,0.4,0.035
DEMO-OU,Demo Field,PRD-12,B,INT001,Alto,23,190,950,97.1,1042.9,1140,0.4,0.035
DEMO-OU,Demo Field,PRD-12,B,INT001,Alto,24,190,950,94.6,1045.4,1140,0.4,0.035
DEMO-OU,Demo Field,PRD-12,B,INT001,Alto,25,190,950,92.1,1047.9,1140,0.4,0.035
DEMO-OU,Demo Field,PRD-12,B,INT001,Alto,26,190,950,89.7,1050.3,1140,0.4,0.035
DEMO-OU,Demo Field,PRD-12,B,INT001,Alto,27,190,950,87.4,1052.6,1140,0.4,0.035
DEMO-OU,Demo Field,PRD-12,B,INT001,Alto,28,190,950,85.2,1054.8,1140,0.4,0.035
DEMO-OU,Demo Field,PRD-12,B,INT001,Alto,29,190,950,83.1,1056.9,1140,0.4,0.035
DEMO-OU,Demo Field,PRD-12,B,INT001,Alto,30,190,950,81.1,1058.9,1140,0.4,0.035
DEMO-OU,Demo Field,PRD-12,B,INT001,Alto,31,190,950,79.1,1060.9,1140,0.4,0.035
DEMO-OU,Demo Field,PRD-12,B,INT001,Alto,32,190,950,77.2,1062.8,1140,0.4,0.035
DEMO-OU,Demo Field,PRD-12,B,INT001,Alto,33,190,950,75.3,1064.7,1140,0.4,0.035
DEMO-OU,Demo Field,PRD-12,B,INT001,Alto,34,190,950,73.5,1066.5,1140,0.4,0.035
DEMO-OU,Demo Field,PRD-12,B,INT001,Alto,35,190,950,71.8,1068.2,1140,0.4,0.035
DEMO-OU,Demo Field,PRD-12,B,INT001,Alto,36,190,950,70.1,1069.9,1140,0.4,0.035
DEMO-OU,Demo Field,PRD-13,C,INT001,Bajo,1,40,627,40,627,667,0.6,0.06
DEMO-OU,Demo Field,PRD-13,C,INT001,Bajo,2,40,627,37.7,629.3,667,0.6,0.06
DEMO-OU,Demo Field,PRD-13,C,INT001,Bajo,3,40,627,35.6,631.4,667,0.6,0.06
DEMO-OU,Demo Field,PRD-13,C,INT001,Bajo,4,40,627,33.7,633.3,667,0.6,0.06
DEMO-OU,Demo Field,PRD-13,C,INT001,Bajo,5,40,627,32,635,667,0.6,0.06
DEMO-OU,Demo Field,PRD-13,C,INT001,Bajo,6,40,627,30.4,636.6,667,0.6,0.06
DEMO-OU,Demo Field,PRD-13,C,INT001,Bajo,7,40,627,28.9,638.1,667,0.6,0.06
DEMO-OU,Demo Field,PRD-13,C,INT001,Bajo,8,40,627,27.5,639.5,667,0.6,0.06
DEMO-OU,Demo Field,PRD-13,C,INT001,Bajo,9,40,627,26.2,640.8,667,0.6,0.06
DEMO-OU,Demo Field,PRD-13,C,INT001,Bajo,10,40,627,25.1,641.9,667,0.6,0.06
DEMO-OU,Demo Field,PRD-13,C,INT001,Bajo,11,40,627,24,643,667,0.6,0.06
DEMO-OU,Demo Field,PRD-13,C,INT001,Bajo,12,40,627,22.9,644.1,667,0.6,0.06
DEMO-OU,Demo Field,PRD-13,C,INT001,Bajo,13,40,627,22,645,667,0.6,0.06
DEMO-OU,Demo Field,PRD-13,C,INT001,Bajo,14,40,627,21.1,645.9,667,0.6,0.06
DEMO-OU,Demo Field,PRD-13,C,INT001,Bajo,15,40,627,20.3,646.7,667,0.6,0.06
DEMO-OU,Demo Field,PRD-13,C,INT001,Bajo,16,40,627,19.5,647.5,667,0.6,0.06
DEMO-OU,Demo Field,PRD-13,C,INT001,Bajo,17,40,627,18.7,648.3,667,0.6,0.06
DEMO-OU,Demo Field,PRD-13,C,INT001,Bajo,18,40,627,18,649,667,0.6,0.06
DEMO-OU,Demo Field,PRD-13,C,INT001,Bajo,19,40,627,17.4,649.6,667,0.6,0.06
DEMO-OU,Demo Field,PRD-13,C,INT001,Bajo,20,40,627,16.8,650.2,667,0.6,0.06
DEMO-OU,Demo Field,PRD-13,C,INT001,Bajo,21,40,627,16.2,650.8,667,0.6,0.06
DEMO-OU,Demo Field,PRD-13,C,INT001,Bajo,22,40,627,15.7,651.3,667,0.6,0.06
DEMO-OU,Demo Field,PRD-13,C,INT001,Bajo,23,40,627,15.1,651.9,667,0.6,0.06
DEMO-OU,Demo Field,PRD-13,C,INT001,Bajo,24,40,627,14.6,652.4,667,0.6,0.06
DEMO-OU,Demo Field,PRD-13,C,INT001,Bajo,25,40,627,14.2,652.8,667,0.6,0.06
DEMO-OU,Demo Field,PRD-13,C,INT001,Bajo,26,40,627,13.7,653.3,667,0.6,0.06
DEMO-OU,Demo Field,PRD-13,C,INT001,Bajo,27,40,627,13.3,653.7,667,0.6,0.06
DEMO-OU,Demo Field,PRD-13,C,INT001,Bajo,28,40,627,12.9,654.1,667,0.6,0.06
DEMO-OU,Demo Field,PRD-13,C,INT001,Bajo,29,40,627,12.5,654.5,667,0.6,0.06
DEMO-OU,Demo Field,PRD-13,C,INT001,Bajo,30,40,627,12.2,654.8,667,0.6,0.06
DEMO-OU,Demo Field,PRD-13,C,INT001,Bajo,31,40,627,11.8,655.2,667,0.6,0.06
DEMO-OU,Demo Field,PRD-13,C,INT001,Bajo,32,40,627,11.5,655.5,667,0.6,0.06
DEMO-OU,Demo Field,PRD-13,C,INT001,Bajo,33,40,627,11.2,655.8,667,0.6,0.06
DEMO-OU,Demo Field,PRD-13,C,INT001,Bajo,34,40,627,10.8,656.2,667,0.6,0.06
DEMO-OU,Demo Field,PRD-13,C,INT001,Bajo,35,40,627,10.6,656.4,667,0.6,0.06
DEMO-OU,Demo Field,PRD-13,C,INT001,Bajo,36,40,627,10.3,656.7,667,0.6,0.06
DEMO-OU,Demo Field,PRD-13,C,INT001,Base,1,120,880,120,880,1000,0.5,0.045
DEMO-OU,Demo Field,PRD-13,C,INT001,Base,2,120,880,114.8,885.2,1000,0.5,0.045
DEMO-OU,Demo Field,PRD-13,C,INT001,Base,3,120,880,109.9,890.1,1000,0.5,0.045
DEMO-OU,Demo Field,PRD-13,C,INT001,Base,4,120,880,105.3,894.7,1000,0.5,0.045
DEMO-OU,Demo Field,PRD-13,C,INT001,Base,5,120,880,101,899,1000,0.5,0.045
DEMO-OU,Demo Field,PRD-13,C,INT001,Base,6,120,880,97,903,1000,0.5,0.045
DEMO-OU,Demo Field,PRD-13,C,INT001,Base,7,120,880,93.2,906.8,1000,0.5,0.045
DEMO-OU,Demo Field,PRD-13,C,INT001,Base,8,120,880,89.6,910.4,1000,0.5,0.045
DEMO-OU,Demo Field,PRD-13,C,INT001,Base,9,120,880,86.2,913.8,1000,0.5,0.045
DEMO-OU,Demo Field,PRD-13,C,INT001,Base,10,120,880,83,917,1000,0.5,0.045
DEMO-OU,Demo Field,PRD-13,C,INT001,Base,11,120,880,80,920,1000,0.5,0.045
DEMO-OU,Demo Field,PRD-13,C,INT001,Base,12,120,880,77.1,922.9,1000,0.5,0.045
DEMO-OU,Demo Field,PRD-13,C,INT001,Base,13,120,880,74.4,925.6,1000,0.5,0.045
DEMO-OU,Demo Field,PRD-13,C,INT001,Base,14,120,880,71.8,928.2,1000,0.5,0.045
DEMO-OU,Demo Field,PRD-13,C,INT001,Base,15,120,880,69.4,930.6,1000,0.5,0.045
DEMO-OU,Demo Field,PRD-13,C,INT001,Base,16,120,880,67.1,932.9,1000,0.5,0.045
DEMO-OU,Demo Field,PRD-13,C,INT001,Base,17,120,880,64.9,935.1,1000,0.5,0.045
DEMO-OU,Demo Field,PRD-13,C,INT001,Base,18,120,880,62.8,937.2,1000,0.5,0.045
DEMO-OU,Demo Field,PRD-13,C,INT001,Base,19,120,880,60.8,939.2,1000,0.5,0.045
DEMO-OU,Demo Field,PRD-13,C,INT001,Base,20,120,880,58.9,941.1,1000,0.5,0.045
DEMO-OU,Demo Field,PRD-13,C,INT001,Base,21,120,880,57.1,942.9,1000,0.5,0.045
DEMO-OU,Demo Field,PRD-13,C,INT001,Base,22,120,880,55.3,944.7,1000,0.5,0.045
DEMO-OU,Demo Field,PRD-13,C,INT001,Base,23,120,880,53.7,946.3,1000,0.5,0.045
DEMO-OU,Demo Field,PRD-13,C,INT001,Base,24,120,880,52.1,947.9,1000,0.5,0.045
DEMO-OU,Demo Field,PRD-13,C,INT001,Base,25,120,880,50.6,949.4,1000,0.5,0.045
DEMO-OU,Demo Field,PRD-13,C,INT001,Base,26,120,880,49.2,950.8,1000,0.5,0.045
DEMO-OU,Demo Field,PRD-13,C,INT001,Base,27,120,880,47.8,952.2,1000,0.5,0.045
DEMO-OU,Demo Field,PRD-13,C,INT001,Base,28,120,880,46.4,953.6,1000,0.5,0.045
DEMO-OU,Demo Field,PRD-13,C,INT001,Base,29,120,880,45.2,954.8,1000,0.5,0.045
DEMO-OU,Demo Field,PRD-13,C,INT001,Base,30,120,880,43.9,956.1,1000,0.5,0.045
DEMO-OU,Demo Field,PRD-13,C,INT001,Base,31,120,880,42.8,957.2,1000,0.5,0.045
DEMO-OU,Demo Field,PRD-13,C,INT001,Base,32,120,880,41.6,958.4,1000,0.5,0.045
DEMO-OU,Demo Field,PRD-13,C,INT001,Base,33,120,880,40.6,959.4,1000,0.5,0.045
DEMO-OU,Demo Field,PRD-13,C,INT001,Base,34,120,880,39.5,960.5,1000,0.5,0.045
DEMO-OU,Demo Field,PRD-13,C,INT001,Base,35,120,880,38.5,961.5,1000,0.5,0.045
DEMO-OU,Demo Field,PRD-13,C,INT001,Base,36,120,880,37.6,962.4,1000,0.5,0.045
DEMO-OU,Demo Field,PRD-13,C,INT001,Alto,1,240,1093,240,1093,1333,0.4,0.035
DEMO-OU,Demo Field,PRD-13,C,INT001,Alto,2,240,1093,231.8,1101.2,1333,0.4,0.035
DEMO-OU,Demo Field,PRD-13,C,INT001,Alto,3,240,1093,224,1109,1333,0.4,0.035
DEMO-OU,Demo Field,PRD-13,C,INT001,Alto,4,240,1093,216.5,1116.5,1333,0.4,0.035
DEMO-OU,Demo Field,PRD-13,C,INT001,Alto,5,240,1093,209.4,1123.6,1333,0.4,0.035
DEMO-OU,Demo Field,PRD-13,C,INT001,Alto,6,240,1093,202.7,1130.3,1333,0.4,0.035
DEMO-OU,Demo Field,PRD-13,C,INT001,Alto,7,240,1093,196.2,1136.8,1333,0.4,0.035
DEMO-OU,Demo Field,PRD-13,C,INT001,Alto,8,240,1093,190,1143,1333,0.4,0.035
DEMO-OU,Demo Field,PRD-13,C,INT001,Alto,9,240,1093,184.1,1148.9,1333,0.4,0.035
DEMO-OU,Demo Field,PRD-13,C,INT001,Alto,10,240,1093,178.4,1154.6,1333,0.4,0.035
DEMO-OU,Demo Field,PRD-13,C,INT001,Alto,11,240,1093,173,1160,1333,0.4,0.035
DEMO-OU,Demo Field,PRD-13,C,INT001,Alto,12,240,1093,167.8,1165.2,1333,0.4,0.035
DEMO-OU,Demo Field,PRD-13,C,INT001,Alto,13,240,1093,162.8,1170.2,1333,0.4,0.035
DEMO-OU,Demo Field,PRD-13,C,INT001,Alto,14,240,1093,158,1175,1333,0.4,0.035
DEMO-OU,Demo Field,PRD-13,C,INT001,Alto,15,240,1093,153.4,1179.6,1333,0.4,0.035
DEMO-OU,Demo Field,PRD-13,C,INT001,Alto,16,240,1093,149,1184,1333,0.4,0.035
DEMO-OU,Demo Field,PRD-13,C,INT001,Alto,17,240,1093,144.8,1188.2,1333,0.4,0.035
DEMO-OU,Demo Field,PRD-13,C,INT001,Alto,18,240,1093,140.7,1192.3,1333,0.4,0.035
DEMO-OU,Demo Field,PRD-13,C,INT001,Alto,19,240,1093,136.8,1196.2,1333,0.4,0.035
DEMO-OU,Demo Field,PRD-13,C,INT001,Alto,20,240,1093,133.1,1199.9,1333,0.4,0.035
DEMO-OU,Demo Field,PRD-13,C,INT001,Alto,21,240,1093,129.5,1203.5,1333,0.4,0.035
DEMO-OU,Demo Field,PRD-13,C,INT001,Alto,22,240,1093,126,1207,1333,0.4,0.035
DEMO-OU,Demo Field,PRD-13,C,INT001,Alto,23,240,1093,122.7,1210.3,1333,0.4,0.035
DEMO-OU,Demo Field,PRD-13,C,INT001,Alto,24,240,1093,119.4,1213.6,1333,0.4,0.035
DEMO-OU,Demo Field,PRD-13,C,INT001,Alto,25,240,1093,116.3,1216.7,1333,0.4,0.035
DEMO-OU,Demo Field,PRD-13,C,INT001,Alto,26,240,1093,113.3,1219.7,1333,0.4,0.035
DEMO-OU,Demo Field,PRD-13,C,INT001,Alto,27,240,1093,110.5,1222.5,1333,0.4,0.035
DEMO-OU,Demo Field,PRD-13,C,INT001,Alto,28,240,1093,107.7,1225.3,1333,0.4,0.035
DEMO-OU,Demo Field,PRD-13,C,INT001,Alto,29,240,1093,105,1228,1333,0.4,0.035
DEMO-OU,Demo Field,PRD-13,C,INT001,Alto,30,240,1093,102.4,1230.6,1333,0.4,0.035
DEMO-OU,Demo Field,PRD-13,C,INT001,Alto,31,240,1093,99.9,1233.1,1333,0.4,0.035
DEMO-OU,Demo Field,PRD-13,C,INT001,Alto,32,240,1093,97.5,1235.5,1333,0.4,0.035
DEMO-OU,Demo Field,PRD-13,C,INT001,Alto,33,240,1093,95.1,1237.9,1333,0.4,0.035
DEMO-OU,Demo Field,PRD-13,C,INT001,Alto,34,240,1093,92.9,1240.1,1333,0.4,0.035
DEMO-OU,Demo Field,PRD-13,C,INT001,Alto,35,240,1093,90.7,1242.3,1333,0.4,0.035
DEMO-OU,Demo Field,PRD-13,C,INT001,Alto,36,240,1093,88.6,1244.4,1333,0.4,0.035
DEMO-OU,Demo Field,PRD-19,B,INT001,Bajo,1,10,657,10,657,667,0.6,0.06
DEMO-OU,Demo Field,PRD-19,B,INT001,Bajo,2,10,657,9.4,657.6,667,0.6,0.06
DEMO-OU,Demo Field,PRD-19,B,INT001,Bajo,3,10,657,8.9,658.1,667,0.6,0.06
DEMO-OU,Demo Field,PRD-19,B,INT001,Bajo,4,10,657,8.4,658.6,667,0.6,0.06
DEMO-OU,Demo Field,PRD-19,B,INT001,Bajo,5,10,657,8,659,667,0.6,0.06
DEMO-OU,Demo Field,PRD-19,B,INT001,Bajo,6,10,657,7.6,659.4,667,0.6,0.06
DEMO-OU,Demo Field,PRD-19,B,INT001,Bajo,7,10,657,7.2,659.8,667,0.6,0.06
DEMO-OU,Demo Field,PRD-19,B,INT001,Bajo,8,10,657,6.9,660.1,667,0.6,0.06
DEMO-OU,Demo Field,PRD-19,B,INT001,Bajo,9,10,657,6.6,660.4,667,0.6,0.06
DEMO-OU,Demo Field,PRD-19,B,INT001,Bajo,10,10,657,6.3,660.7,667,0.6,0.06
DEMO-OU,Demo Field,PRD-19,B,INT001,Bajo,11,10,657,6,661,667,0.6,0.06
DEMO-OU,Demo Field,PRD-19,B,INT001,Bajo,12,10,657,5.7,661.3,667,0.6,0.06
DEMO-OU,Demo Field,PRD-19,B,INT001,Bajo,13,10,657,5.5,661.5,667,0.6,0.06
DEMO-OU,Demo Field,PRD-19,B,INT001,Bajo,14,10,657,5.3,661.7,667,0.6,0.06
DEMO-OU,Demo Field,PRD-19,B,INT001,Bajo,15,10,657,5.1,661.9,667,0.6,0.06
DEMO-OU,Demo Field,PRD-19,B,INT001,Bajo,16,10,657,4.9,662.1,667,0.6,0.06
DEMO-OU,Demo Field,PRD-19,B,INT001,Bajo,17,10,657,4.7,662.3,667,0.6,0.06
DEMO-OU,Demo Field,PRD-19,B,INT001,Bajo,18,10,657,4.5,662.5,667,0.6,0.06
DEMO-OU,Demo Field,PRD-19,B,INT001,Bajo,19,10,657,4.3,662.7,667,0.6,0.06
DEMO-OU,Demo Field,PRD-19,B,INT001,Bajo,20,10,657,4.2,662.8,667,0.6,0.06
DEMO-OU,Demo Field,PRD-19,B,INT001,Bajo,21,10,657,4,663,667,0.6,0.06
DEMO-OU,Demo Field,PRD-19,B,INT001,Bajo,22,10,657,3.9,663.1,667,0.6,0.06
DEMO-OU,Demo Field,PRD-19,B,INT001,Bajo,23,10,657,3.8,663.2,667,0.6,0.06
DEMO-OU,Demo Field,PRD-19,B,INT001,Bajo,24,10,657,3.7,663.3,667,0.6,0.06
DEMO-OU,Demo Field,PRD-19,B,INT001,Bajo,25,10,657,3.5,663.5,667,0.6,0.06
DEMO-OU,Demo Field,PRD-19,B,INT001,Bajo,26,10,657,3.4,663.6,667,0.6,0.06
DEMO-OU,Demo Field,PRD-19,B,INT001,Bajo,27,10,657,3.3,663.7,667,0.6,0.06
DEMO-OU,Demo Field,PRD-19,B,INT001,Bajo,28,10,657,3.2,663.8,667,0.6,0.06
DEMO-OU,Demo Field,PRD-19,B,INT001,Bajo,29,10,657,3.1,663.9,667,0.6,0.06
DEMO-OU,Demo Field,PRD-19,B,INT001,Bajo,30,10,657,3,664,667,0.6,0.06
DEMO-OU,Demo Field,PRD-19,B,INT001,Bajo,31,10,657,3,664,667,0.6,0.06
DEMO-OU,Demo Field,PRD-19,B,INT001,Bajo,32,10,657,2.9,664.1,667,0.6,0.06
DEMO-OU,Demo Field,PRD-19,B,INT001,Bajo,33,10,657,2.8,664.2,667,0.6,0.06
DEMO-OU,Demo Field,PRD-19,B,INT001,Bajo,34,10,657,2.7,664.3,667,0.6,0.06
DEMO-OU,Demo Field,PRD-19,B,INT001,Bajo,35,10,657,2.6,664.4,667,0.6,0.06
DEMO-OU,Demo Field,PRD-19,B,INT001,Bajo,36,10,657,2.6,664.4,667,0.6,0.06
DEMO-OU,Demo Field,PRD-19,B,INT001,Base,1,30,970,30,970,1000,0.5,0.045
DEMO-OU,Demo Field,PRD-19,B,INT001,Base,2,30,970,28.7,971.3,1000,0.5,0.045
DEMO-OU,Demo Field,PRD-19,B,INT001,Base,3,30,970,27.5,972.5,1000,0.5,0.045
DEMO-OU,Demo Field,PRD-19,B,INT001,Base,4,30,970,26.3,973.7,1000,0.5,0.045
DEMO-OU,Demo Field,PRD-19,B,INT001,Base,5,30,970,25.3,974.7,1000,0.5,0.045
DEMO-OU,Demo Field,PRD-19,B,INT001,Base,6,30,970,24.2,975.8,1000,0.5,0.045
DEMO-OU,Demo Field,PRD-19,B,INT001,Base,7,30,970,23.3,976.7,1000,0.5,0.045
DEMO-OU,Demo Field,PRD-19,B,INT001,Base,8,30,970,22.4,977.6,1000,0.5,0.045
DEMO-OU,Demo Field,PRD-19,B,INT001,Base,9,30,970,21.5,978.5,1000,0.5,0.045
DEMO-OU,Demo Field,PRD-19,B,INT001,Base,10,30,970,20.7,979.3,1000,0.5,0.045
DEMO-OU,Demo Field,PRD-19,B,INT001,Base,11,30,970,20,980,1000,0.5,0.045
DEMO-OU,Demo Field,PRD-19,B,INT001,Base,12,30,970,19.3,980.7,1000,0.5,0.045
DEMO-OU,Demo Field,PRD-19,B,INT001,Base,13,30,970,18.6,981.4,1000,0.5,0.045
DEMO-OU,Demo Field,PRD-19,B,INT001,Base,14,30,970,18,982,1000,0.5,0.045
DEMO-OU,Demo Field,PRD-19,B,INT001,Base,15,30,970,17.3,982.7,1000,0.5,0.045
DEMO-OU,Demo Field,PRD-19,B,INT001,Base,16,30,970,16.8,983.2,1000,0.5,0.045
DEMO-OU,Demo Field,PRD-19,B,INT001,Base,17,30,970,16.2,983.8,1000,0.5,0.045
DEMO-OU,Demo Field,PRD-19,B,INT001,Base,18,30,970,15.7,984.3,1000,0.5,0.045
DEMO-OU,Demo Field,PRD-19,B,INT001,Base,19,30,970,15.2,984.8,1000,0.5,0.045
DEMO-OU,Demo Field,PRD-19,B,INT001,Base,20,30,970,14.7,985.3,1000,0.5,0.045
DEMO-OU,Demo Field,PRD-19,B,INT001,Base,21,30,970,14.3,985.7,1000,0.5,0.045
DEMO-OU,Demo Field,PRD-19,B,INT001,Base,22,30,970,13.8,986.2,1000,0.5,0.045
DEMO-OU,Demo Field,PRD-19,B,INT001,Base,23,30,970,13.4,986.6,1000,0.5,0.045
DEMO-OU,Demo Field,PRD-19,B,INT001,Base,24,30,970,13,987,1000,0.5,0.045
DEMO-OU,Demo Field,PRD-19,B,INT001,Base,25,30,970,12.6,987.4,1000,0.5,0.045
DEMO-OU,Demo Field,PRD-19,B,INT001,Base,26,30,970,12.3,987.7,1000,0.5,0.045
DEMO-OU,Demo Field,PRD-19,B,INT001,Base,27,30,970,11.9,988.1,1000,0.5,0.045
DEMO-OU,Demo Field,PRD-19,B,INT001,Base,28,30,970,11.6,988.4,1000,0.5,0.045
DEMO-OU,Demo Field,PRD-19,B,INT001,Base,29,30,970,11.3,988.7,1000,0.5,0.045
DEMO-OU,Demo Field,PRD-19,B,INT001,Base,30,30,970,11,989,1000,0.5,0.045
DEMO-OU,Demo Field,PRD-19,B,INT001,Base,31,30,970,10.7,989.3,1000,0.5,0.045
DEMO-OU,Demo Field,PRD-19,B,INT001,Base,32,30,970,10.4,989.6,1000,0.5,0.045
DEMO-OU,Demo Field,PRD-19,B,INT001,Base,33,30,970,10.1,989.9,1000,0.5,0.045
DEMO-OU,Demo Field,PRD-19,B,INT001,Base,34,30,970,9.9,990.1,1000,0.5,0.045
DEMO-OU,Demo Field,PRD-19,B,INT001,Base,35,30,970,9.6,990.4,1000,0.5,0.045
DEMO-OU,Demo Field,PRD-19,B,INT001,Base,36,30,970,9.4,990.6,1000,0.5,0.045
DEMO-OU,Demo Field,PRD-19,B,INT001,Alto,1,60,1273,60,1273,1333,0.4,0.035
DEMO-OU,Demo Field,PRD-19,B,INT001,Alto,2,60,1273,58,1275,1333,0.4,0.035
DEMO-OU,Demo Field,PRD-19,B,INT001,Alto,3,60,1273,56,1277,1333,0.4,0.035
DEMO-OU,Demo Field,PRD-19,B,INT001,Alto,4,60,1273,54.1,1278.9,1333,0.4,0.035
DEMO-OU,Demo Field,PRD-19,B,INT001,Alto,5,60,1273,52.4,1280.6,1333,0.4,0.035
DEMO-OU,Demo Field,PRD-19,B,INT001,Alto,6,60,1273,50.7,1282.3,1333,0.4,0.035
DEMO-OU,Demo Field,PRD-19,B,INT001,Alto,7,60,1273,49,1284,1333,0.4,0.035
DEMO-OU,Demo Field,PRD-19,B,INT001,Alto,8,60,1273,47.5,1285.5,1333,0.4,0.035
DEMO-OU,Demo Field,PRD-19,B,INT001,Alto,9,60,1273,46,1287,1333,0.4,0.035
DEMO-OU,Demo Field,PRD-19,B,INT001,Alto,10,60,1273,44.6,1288.4,1333,0.4,0.035
DEMO-OU,Demo Field,PRD-19,B,INT001,Alto,11,60,1273,43.2,1289.8,1333,0.4,0.035
DEMO-OU,Demo Field,PRD-19,B,INT001,Alto,12,60,1273,41.9,1291.1,1333,0.4,0.035
DEMO-OU,Demo Field,PRD-19,B,INT001,Alto,13,60,1273,40.7,1292.3,1333,0.4,0.035
DEMO-OU,Demo Field,PRD-19,B,INT001,Alto,14,60,1273,39.5,1293.5,1333,0.4,0.035
DEMO-OU,Demo Field,PRD-19,B,INT001,Alto,15,60,1273,38.4,1294.6,1333,0.4,0.035
DEMO-OU,Demo Field,PRD-19,B,INT001,Alto,16,60,1273,37.3,1295.7,1333,0.4,0.035
DEMO-OU,Demo Field,PRD-19,B,INT001,Alto,17,60,1273,36.2,1296.8,1333,0.4,0.035
DEMO-OU,Demo Field,PRD-19,B,INT001,Alto,18,60,1273,35.2,1297.8,1333,0.4,0.035
DEMO-OU,Demo Field,PRD-19,B,INT001,Alto,19,60,1273,34.2,1298.8,1333,0.4,0.035
DEMO-OU,Demo Field,PRD-19,B,INT001,Alto,20,60,1273,33.3,1299.7,1333,0.4,0.035
DEMO-OU,Demo Field,PRD-19,B,INT001,Alto,21,60,1273,32.4,1300.6,1333,0.4,0.035
DEMO-OU,Demo Field,PRD-19,B,INT001,Alto,22,60,1273,31.5,1301.5,1333,0.4,0.035
DEMO-OU,Demo Field,PRD-19,B,INT001,Alto,23,60,1273,30.7,1302.3,1333,0.4,0.035
DEMO-OU,Demo Field,PRD-19,B,INT001,Alto,24,60,1273,29.9,1303.1,1333,0.4,0.035
DEMO-OU,Demo Field,PRD-19,B,INT001,Alto,25,60,1273,29.1,1303.9,1333,0.4,0.035
DEMO-OU,Demo Field,PRD-19,B,INT001,Alto,26,60,1273,28.3,1304.7,1333,0.4,0.035
DEMO-OU,Demo Field,PRD-19,B,INT001,Alto,27,60,1273,27.6,1305.4,1333,0.4,0.035
DEMO-OU,Demo Field,PRD-19,B,INT001,Alto,28,60,1273,26.9,1306.1,1333,0.4,0.035
DEMO-OU,Demo Field,PRD-19,B,INT001,Alto,29,60,1273,26.2,1306.8,1333,0.4,0.035
DEMO-OU,Demo Field,PRD-19,B,INT001,Alto,30,60,1273,25.6,1307.4,1333,0.4,0.035
DEMO-OU,Demo Field,PRD-19,B,INT001,Alto,31,60,1273,25,1308,1333,0.4,0.035
DEMO-OU,Demo Field,PRD-19,B,INT001,Alto,32,60,1273,24.4,1308.6,1333,0.4,0.035
DEMO-OU,Demo Field,PRD-19,B,INT001,Alto,33,60,1273,23.8,1309.2,1333,0.4,0.035
DEMO-OU,Demo Field,PRD-19,B,INT001,Alto,34,60,1273,23.2,1309.8,1333,0.4,0.035
DEMO-OU,Demo Field,PRD-19,B,INT001,Alto,35,60,1273,22.7,1310.3,1333,0.4,0.035
DEMO-OU,Demo Field,PRD-19,B,INT001,Alto,36,60,1273,22.1,1310.9,1333,0.4,0.035
DEMO-OU,Demo Satellite,SAT-01,B,INT001,Bajo,1,70,263,70,263,333,0.6,0.06
DEMO-OU,Demo Satellite,SAT-01,B,INT001,Bajo,2,70,263,66,267,333,0.6,0.06
DEMO-OU,Demo Satellite,SAT-01,B,INT001,Bajo,3,70,263,62.3,270.7,333,0.6,0.06
DEMO-OU,Demo Satellite,SAT-01,B,INT001,Bajo,4,70,263,59,274,333,0.6,0.06
DEMO-OU,Demo Satellite,SAT-01,B,INT001,Bajo,5,70,263,55.9,277.1,333,0.6,0.06
DEMO-OU,Demo Satellite,SAT-01,B,INT001,Bajo,6,70,263,53.1,279.9,333,0.6,0.06
DEMO-OU,Demo Satellite,SAT-01,B,INT001,Bajo,7,70,263,50.5,282.5,333,0.6,0.06
DEMO-OU,Demo Satellite,SAT-01,B,INT001,Bajo,8,70,263,48.1,284.9,333,0.6,0.06
DEMO-OU,Demo Satellite,SAT-01,B,INT001,Bajo,9,70,263,45.9,287.1,333,0.6,0.06
DEMO-OU,Demo Satellite,SAT-01,B,INT001,Bajo,10,70,263,43.8,289.2,333,0.6,0.06
DEMO-OU,Demo Satellite,SAT-01,B,INT001,Bajo,11,70,263,41.9,291.1,333,0.6,0.06
DEMO-OU,Demo Satellite,SAT-01,B,INT001,Bajo,12,70,263,40.1,292.9,333,0.6,0.06
DEMO-OU,Demo Satellite,SAT-01,B,INT001,Bajo,13,70,263,38.5,294.5,333,0.6,0.06
DEMO-OU,Demo Satellite,SAT-01,B,INT001,Bajo,14,70,263,36.9,296.1,333,0.6,0.06
DEMO-OU,Demo Satellite,SAT-01,B,INT001,Bajo,15,70,263,35.5,297.5,333,0.6,0.06
DEMO-OU,Demo Satellite,SAT-01,B,INT001,Bajo,16,70,263,34.1,298.9,333,0.6,0.06
DEMO-OU,Demo Satellite,SAT-01,B,INT001,Bajo,17,70,263,32.8,300.2,333,0.6,0.06
DEMO-OU,Demo Satellite,SAT-01,B,INT001,Bajo,18,70,263,31.6,301.4,333,0.6,0.06
DEMO-OU,Demo Satellite,SAT-01,B,INT001,Bajo,19,70,263,30.4,302.6,333,0.6,0.06
DEMO-OU,Demo Satellite,SAT-01,B,INT001,Bajo,20,70,263,29.4,303.6,333,0.6,0.06
DEMO-OU,Demo Satellite,SAT-01,B,INT001,Bajo,21,70,263,28.3,304.7,333,0.6,0.06
DEMO-OU,Demo Satellite,SAT-01,B,INT001,Bajo,22,70,263,27.4,305.6,333,0.6,0.06
DEMO-OU,Demo Satellite,SAT-01,B,INT001,Bajo,23,70,263,26.5,306.5,333,0.6,0.06
DEMO-OU,Demo Satellite,SAT-01,B,INT001,Bajo,24,70,263,25.6,307.4,333,0.6,0.06
DEMO-OU,Demo Satellite,SAT-01,B,INT001,Bajo,25,70,263,24.8,308.2,333,0.6,0.06
DEMO-OU,Demo Satellite,SAT-01,B,INT001,Bajo,26,70,263,24,309,333,0.6,0.06
DEMO-OU,Demo Satellite,SAT-01,B,INT001,Bajo,27,70,263,23.3,309.7,333,0.6,0.06
DEMO-OU,Demo Satellite,SAT-01,B,INT001,Bajo,28,70,263,22.6,310.4,333,0.6,0.06
DEMO-OU,Demo Satellite,SAT-01,B,INT001,Bajo,29,70,263,21.9,311.1,333,0.6,0.06
DEMO-OU,Demo Satellite,SAT-01,B,INT001,Bajo,30,70,263,21.3,311.7,333,0.6,0.06
DEMO-OU,Demo Satellite,SAT-01,B,INT001,Bajo,31,70,263,20.7,312.3,333,0.6,0.06
DEMO-OU,Demo Satellite,SAT-01,B,INT001,Bajo,32,70,263,20.1,312.9,333,0.6,0.06
DEMO-OU,Demo Satellite,SAT-01,B,INT001,Bajo,33,70,263,19.5,313.5,333,0.6,0.06
DEMO-OU,Demo Satellite,SAT-01,B,INT001,Bajo,34,70,263,19,314,333,0.6,0.06
DEMO-OU,Demo Satellite,SAT-01,B,INT001,Bajo,35,70,263,18.5,314.5,333,0.6,0.06
DEMO-OU,Demo Satellite,SAT-01,B,INT001,Bajo,36,70,263,18,315,333,0.6,0.06
DEMO-OU,Demo Satellite,SAT-01,B,INT001,Base,1,210,290,210,290,500,0.5,0.045
DEMO-OU,Demo Satellite,SAT-01,B,INT001,Base,2,210,290,200.9,299.1,500,0.5,0.045
DEMO-OU,Demo Satellite,SAT-01,B,INT001,Base,3,210,290,192.3,307.7,500,0.5,0.045
DEMO-OU,Demo Satellite,SAT-01,B,INT001,Base,4,210,290,184.3,315.7,500,0.5,0.045
DEMO-OU,Demo Satellite,SAT-01,B,INT001,Base,5,210,290,176.8,323.2,500,0.5,0.045
DEMO-OU,Demo Satellite,SAT-01,B,INT001,Base,6,210,290,169.7,330.3,500,0.5,0.045
DEMO-OU,Demo Satellite,SAT-01,B,INT001,Base,7,210,290,163,337,500,0.5,0.045
DEMO-OU,Demo Satellite,SAT-01,B,INT001,Base,8,210,290,156.7,343.3,500,0.5,0.045
DEMO-OU,Demo Satellite,SAT-01,B,INT001,Base,9,210,290,150.8,349.2,500,0.5,0.045
DEMO-OU,Demo Satellite,SAT-01,B,INT001,Base,10,210,290,145.2,354.8,500,0.5,0.045
DEMO-OU,Demo Satellite,SAT-01,B,INT001,Base,11,210,290,139.9,360.1,500,0.5,0.045
DEMO-OU,Demo Satellite,SAT-01,B,INT001,Base,12,210,290,134.9,365.1,500,0.5,0.045
DEMO-OU,Demo Satellite,SAT-01,B,INT001,Base,13,210,290,130.2,369.8,500,0.5,0.045
DEMO-OU,Demo Satellite,SAT-01,B,INT001,Base,14,210,290,125.7,374.3,500,0.5,0.045
DEMO-OU,Demo Satellite,SAT-01,B,INT001,Base,15,210,290,121.4,378.6,500,0.5,0.045
DEMO-OU,Demo Satellite,SAT-01,B,INT001,Base,16,210,290,117.4,382.6,500,0.5,0.045
DEMO-OU,Demo Satellite,SAT-01,B,INT001,Base,17,210,290,113.5,386.5,500,0.5,0.045
DEMO-OU,Demo Satellite,SAT-01,B,INT001,Base,18,210,290,109.9,390.1,500,0.5,0.045
DEMO-OU,Demo Satellite,SAT-01,B,INT001,Base,19,210,290,106.4,393.6,500,0.5,0.045
DEMO-OU,Demo Satellite,SAT-01,B,INT001,Base,20,210,290,103.1,396.9,500,0.5,0.045
DEMO-OU,Demo Satellite,SAT-01,B,INT001,Base,21,210,290,99.9,400.1,500,0.5,0.045
DEMO-OU,Demo Satellite,SAT-01,B,INT001,Base,22,210,290,96.9,403.1,500,0.5,0.045
DEMO-OU,Demo Satellite,SAT-01,B,INT001,Base,23,210,290,94,406,500,0.5,0.045
DEMO-OU,Demo Satellite,SAT-01,B,INT001,Base,24,210,290,91.2,408.8,500,0.5,0.045
DEMO-OU,Demo Satellite,SAT-01,B,INT001,Base,25,210,290,88.5,411.5,500,0.5,0.045
DEMO-OU,Demo Satellite,SAT-01,B,INT001,Base,26,210,290,86,414,500,0.5,0.045
DEMO-OU,Demo Satellite,SAT-01,B,INT001,Base,27,210,290,83.6,416.4,500,0.5,0.045
DEMO-OU,Demo Satellite,SAT-01,B,INT001,Base,28,210,290,81.3,418.7,500,0.5,0.045
DEMO-OU,Demo Satellite,SAT-01,B,INT001,Base,29,210,290,79,421,500,0.5,0.045
DEMO-OU,Demo Satellite,SAT-01,B,INT001,Base,30,210,290,76.9,423.1,500,0.5,0.045
DEMO-OU,Demo Satellite,SAT-01,B,INT001,Base,31,210,290,74.8,425.2,500,0.5,0.045
DEMO-OU,Demo Satellite,SAT-01,B,INT001,Base,32,210,290,72.9,427.1,500,0.5,0.045
DEMO-OU,Demo Satellite,SAT-01,B,INT001,Base,33,210,290,71,429,500,0.5,0.045
DEMO-OU,Demo Satellite,SAT-01,B,INT001,Base,34,210,290,69.2,430.8,500,0.5,0.045
DEMO-OU,Demo Satellite,SAT-01,B,INT001,Base,35,210,290,67.4,432.6,500,0.5,0.045
DEMO-OU,Demo Satellite,SAT-01,B,INT001,Base,36,210,290,65.7,434.3,500,0.5,0.045
DEMO-OU,Demo Satellite,SAT-01,B,INT001,Alto,1,420,247,420,247,667,0.4,0.035
DEMO-OU,Demo Satellite,SAT-01,B,INT001,Alto,2,420,247,405.7,261.3,667,0.4,0.035
DEMO-OU,Demo Satellite,SAT-01,B,INT001,Alto,3,420,247,392,275,667,0.4,0.035
DEMO-OU,Demo Satellite,SAT-01,B,INT001,Alto,4,420,247,378.9,288.1,667,0.4,0.035
DEMO-OU,Demo Satellite,SAT-01,B,INT001,Alto,5,420,247,366.5,300.5,667,0.4,0.035
DEMO-OU,Demo Satellite,SAT-01,B,INT001,Alto,6,420,247,354.6,312.4,667,0.4,0.035
DEMO-OU,Demo Satellite,SAT-01,B,INT001,Alto,7,420,247,343.3,323.7,667,0.4,0.035
DEMO-OU,Demo Satellite,SAT-01,B,INT001,Alto,8,420,247,332.5,334.5,667,0.4,0.035
DEMO-OU,Demo Satellite,SAT-01,B,INT001,Alto,9,420,247,322.1,344.9,667,0.4,0.035
DEMO-OU,Demo Satellite,SAT-01,B,INT001,Alto,10,420,247,312.2,354.8,667,0.4,0.035
DEMO-OU,Demo Satellite,SAT-01,B,INT001,Alto,11,420,247,302.7,364.3,667,0.4,0.035
DEMO-OU,Demo Satellite,SAT-01,B,INT001,Alto,12,420,247,293.6,373.4,667,0.4,0.035
DEMO-OU,Demo Satellite,SAT-01,B,INT001,Alto,13,420,247,284.9,382.1,667,0.4,0.035
DEMO-OU,Demo Satellite,SAT-01,B,INT001,Alto,14,420,247,276.5,390.5,667,0.4,0.035
DEMO-OU,Demo Satellite,SAT-01,B,INT001,Alto,15,420,247,268.5,398.5,667,0.4,0.035
DEMO-OU,Demo Satellite,SAT-01,B,INT001,Alto,16,420,247,260.8,406.2,667,0.4,0.035
DEMO-OU,Demo Satellite,SAT-01,B,INT001,Alto,17,420,247,253.4,413.6,667,0.4,0.035
DEMO-OU,Demo Satellite,SAT-01,B,INT001,Alto,18,420,247,246.3,420.7,667,0.4,0.035
DEMO-OU,Demo Satellite,SAT-01,B,INT001,Alto,19,420,247,239.5,427.5,667,0.4,0.035
DEMO-OU,Demo Satellite,SAT-01,B,INT001,Alto,20,420,247,232.9,434.1,667,0.4,0.035
DEMO-OU,Demo Satellite,SAT-01,B,INT001,Alto,21,420,247,226.6,440.4,667,0.4,0.035
DEMO-OU,Demo Satellite,SAT-01,B,INT001,Alto,22,420,247,220.5,446.5,667,0.4,0.035
DEMO-OU,Demo Satellite,SAT-01,B,INT001,Alto,23,420,247,214.6,452.4,667,0.4,0.035
DEMO-OU,Demo Satellite,SAT-01,B,INT001,Alto,24,420,247,209,458,667,0.4,0.035
DEMO-OU,Demo Satellite,SAT-01,B,INT001,Alto,25,420,247,203.6,463.4,667,0.4,0.035
DEMO-OU,Demo Satellite,SAT-01,B,INT001,Alto,26,420,247,198.3,468.7,667,0.4,0.035
DEMO-OU,Demo Satellite,SAT-01,B,INT001,Alto,27,420,247,193.3,473.7,667,0.4,0.035
DEMO-OU,Demo Satellite,SAT-01,B,INT001,Alto,28,420,247,188.4,478.6,667,0.4,0.035
DEMO-OU,Demo Satellite,SAT-01,B,INT001,Alto,29,420,247,183.7,483.3,667,0.4,0.035
DEMO-OU,Demo Satellite,SAT-01,B,INT001,Alto,30,420,247,179.2,487.8,667,0.4,0.035
DEMO-OU,Demo Satellite,SAT-01,B,INT001,Alto,31,420,247,174.8,492.2,667,0.4,0.035
DEMO-OU,Demo Satellite,SAT-01,B,INT001,Alto,32,420,247,170.6,496.4,667,0.4,0.035
DEMO-OU,Demo Satellite,SAT-01,B,INT001,Alto,33,420,247,166.5,500.5,667,0.4,0.035
DEMO-OU,Demo Satellite,SAT-01,B,INT001,Alto,34,420,247,162.5,504.5,667,0.4,0.035
DEMO-OU,Demo Satellite,SAT-01,B,INT001,Alto,35,420,247,158.7,508.3,667,0.4,0.035
DEMO-OU,Demo Satellite,SAT-01,B,INT001,Alto,36,420,247,155,512,667,0.4,0.035
DEMO-OU,Demo Satellite,SAT-03,B,INT001,Bajo,1,28.3,171.7,28.3,171.7,200,0.6,0.06
DEMO-OU,Demo Satellite,SAT-03,B,INT001,Bajo,2,28.3,171.7,26.7,173.3,200,0.6,0.06
DEMO-OU,Demo Satellite,SAT-03,B,INT001,Bajo,3,28.3,171.7,25.2,174.8,200,0.6,0.06
DEMO-OU,Demo Satellite,SAT-03,B,INT001,Bajo,4,28.3,171.7,23.9,176.1,200,0.6,0.06
DEMO-OU,Demo Satellite,SAT-03,B,INT001,Bajo,5,28.3,171.7,22.6,177.4,200,0.6,0.06
DEMO-OU,Demo Satellite,SAT-03,B,INT001,Bajo,6,28.3,171.7,21.5,178.5,200,0.6,0.06
DEMO-OU,Demo Satellite,SAT-03,B,INT001,Bajo,7,28.3,171.7,20.4,179.6,200,0.6,0.06
DEMO-OU,Demo Satellite,SAT-03,B,INT001,Bajo,8,28.3,171.7,19.5,180.5,200,0.6,0.06
DEMO-OU,Demo Satellite,SAT-03,B,INT001,Bajo,9,28.3,171.7,18.6,181.4,200,0.6,0.06
DEMO-OU,Demo Satellite,SAT-03,B,INT001,Bajo,10,28.3,171.7,17.7,182.3,200,0.6,0.06
DEMO-OU,Demo Satellite,SAT-03,B,INT001,Bajo,11,28.3,171.7,17,183,200,0.6,0.06
DEMO-OU,Demo Satellite,SAT-03,B,INT001,Bajo,12,28.3,171.7,16.2,183.8,200,0.6,0.06
DEMO-OU,Demo Satellite,SAT-03,B,INT001,Bajo,13,28.3,171.7,15.6,184.4,200,0.6,0.06
DEMO-OU,Demo Satellite,SAT-03,B,INT001,Bajo,14,28.3,171.7,14.9,185.1,200,0.6,0.06
DEMO-OU,Demo Satellite,SAT-03,B,INT001,Bajo,15,28.3,171.7,14.3,185.7,200,0.6,0.06
DEMO-OU,Demo Satellite,SAT-03,B,INT001,Bajo,16,28.3,171.7,13.8,186.2,200,0.6,0.06
DEMO-OU,Demo Satellite,SAT-03,B,INT001,Bajo,17,28.3,171.7,13.3,186.7,200,0.6,0.06
DEMO-OU,Demo Satellite,SAT-03,B,INT001,Bajo,18,28.3,171.7,12.8,187.2,200,0.6,0.06
DEMO-OU,Demo Satellite,SAT-03,B,INT001,Bajo,19,28.3,171.7,12.3,187.7,200,0.6,0.06
DEMO-OU,Demo Satellite,SAT-03,B,INT001,Bajo,20,28.3,171.7,11.9,188.1,200,0.6,0.06
DEMO-OU,Demo Satellite,SAT-03,B,INT001,Bajo,21,28.3,171.7,11.5,188.5,200,0.6,0.06
DEMO-OU,Demo Satellite,SAT-03,B,INT001,Bajo,22,28.3,171.7,11.1,188.9,200,0.6,0.06
DEMO-OU,Demo Satellite,SAT-03,B,INT001,Bajo,23,28.3,171.7,10.7,189.3,200,0.6,0.06
DEMO-OU,Demo Satellite,SAT-03,B,INT001,Bajo,24,28.3,171.7,10.4,189.6,200,0.6,0.06
DEMO-OU,Demo Satellite,SAT-03,B,INT001,Bajo,25,28.3,171.7,10,190,200,0.6,0.06
DEMO-OU,Demo Satellite,SAT-03,B,INT001,Bajo,26,28.3,171.7,9.7,190.3,200,0.6,0.06
DEMO-OU,Demo Satellite,SAT-03,B,INT001,Bajo,27,28.3,171.7,9.4,190.6,200,0.6,0.06
DEMO-OU,Demo Satellite,SAT-03,B,INT001,Bajo,28,28.3,171.7,9.1,190.9,200,0.6,0.06
DEMO-OU,Demo Satellite,SAT-03,B,INT001,Bajo,29,28.3,171.7,8.9,191.1,200,0.6,0.06
DEMO-OU,Demo Satellite,SAT-03,B,INT001,Bajo,30,28.3,171.7,8.6,191.4,200,0.6,0.06
DEMO-OU,Demo Satellite,SAT-03,B,INT001,Bajo,31,28.3,171.7,8.3,191.7,200,0.6,0.06
DEMO-OU,Demo Satellite,SAT-03,B,INT001,Bajo,32,28.3,171.7,8.1,191.9,200,0.6,0.06
DEMO-OU,Demo Satellite,SAT-03,B,INT001,Bajo,33,28.3,171.7,7.9,192.1,200,0.6,0.06
DEMO-OU,Demo Satellite,SAT-03,B,INT001,Bajo,34,28.3,171.7,7.7,192.3,200,0.6,0.06
DEMO-OU,Demo Satellite,SAT-03,B,INT001,Bajo,35,28.3,171.7,7.5,192.5,200,0.6,0.06
DEMO-OU,Demo Satellite,SAT-03,B,INT001,Bajo,36,28.3,171.7,7.3,192.7,200,0.6,0.06
DEMO-OU,Demo Satellite,SAT-03,B,INT001,Base,1,85,215,85,215,300,0.5,0.045
DEMO-OU,Demo Satellite,SAT-03,B,INT001,Base,2,85,215,81.3,218.7,300,0.5,0.045
DEMO-OU,Demo Satellite,SAT-03,B,INT001,Base,3,85,215,77.8,222.2,300,0.5,0.045
DEMO-OU,Demo Satellite,SAT-03,B,INT001,Base,4,85,215,74.6,225.4,300,0.5,0.045
DEMO-OU,Demo Satellite,SAT-03,B,INT001,Base,5,85,215,71.5,228.5,300,0.5,0.045
DEMO-OU,Demo Satellite,SAT-03,B,INT001,Base,6,85,215,68.7,231.3,300,0.5,0.045
DEMO-OU,Demo Satellite,SAT-03,B,INT001,Base,7,85,215,66,234,300,0.5,0.045
DEMO-OU,Demo Satellite,SAT-03,B,INT001,Base,8,85,215,63.4,236.6,300,0.5,0.045
DEMO-OU,Demo Satellite,SAT-03,B,INT001,Base,9,85,215,61,239,300,0.5,0.045
DEMO-OU,Demo Satellite,SAT-03,B,INT001,Base,10,85,215,58.8,241.2,300,0.5,0.045
DEMO-OU,Demo Satellite,SAT-03,B,INT001,Base,11,85,215,56.6,243.4,300,0.5,0.045
DEMO-OU,Demo Satellite,SAT-03,B,INT001,Base,12,85,215,54.6,245.4,300,0.5,0.045
DEMO-OU,Demo Satellite,SAT-03,B,INT001,Base,13,85,215,52.7,247.3,300,0.5,0.045
DEMO-OU,Demo Satellite,SAT-03,B,INT001,Base,14,85,215,50.9,249.1,300,0.5,0.045
DEMO-OU,Demo Satellite,SAT-03,B,INT001,Base,15,85,215,49.2,250.8,300,0.5,0.045
DEMO-OU,Demo Satellite,SAT-03,B,INT001,Base,16,85,215,47.5,252.5,300,0.5,0.045
DEMO-OU,Demo Satellite,SAT-03,B,INT001,Base,17,85,215,46,254,300,0.5,0.045
DEMO-OU,Demo Satellite,SAT-03,B,INT001,Base,18,85,215,44.5,255.5,300,0.5,0.045
DEMO-OU,Demo Satellite,SAT-03,B,INT001,Base,19,85,215,43.1,256.9,300,0.5,0.045
DEMO-OU,Demo Satellite,SAT-03,B,INT001,Base,20,85,215,41.7,258.3,300,0.5,0.045
DEMO-OU,Demo Satellite,SAT-03,B,INT001,Base,21,85,215,40.4,259.6,300,0.5,0.045
DEMO-OU,Demo Satellite,SAT-03,B,INT001,Base,22,85,215,39.2,260.8,300,0.5,0.045
DEMO-OU,Demo Satellite,SAT-03,B,INT001,Base,23,85,215,38,262,300,0.5,0.045
DEMO-OU,Demo Satellite,SAT-03,B,INT001,Base,24,85,215,36.9,263.1,300,0.5,0.045
DEMO-OU,Demo Satellite,SAT-03,B,INT001,Base,25,85,215,35.8,264.2,300,0.5,0.045
DEMO-OU,Demo Satellite,SAT-03,B,INT001,Base,26,85,215,34.8,265.2,300,0.5,0.045
DEMO-OU,Demo Satellite,SAT-03,B,INT001,Base,27,85,215,33.8,266.2,300,0.5,0.045
DEMO-OU,Demo Satellite,SAT-03,B,INT001,Base,28,85,215,32.9,267.1,300,0.5,0.045
DEMO-OU,Demo Satellite,SAT-03,B,INT001,Base,29,85,215,32,268,300,0.5,0.045
DEMO-OU,Demo Satellite,SAT-03,B,INT001,Base,30,85,215,31.1,268.9,300,0.5,0.045
DEMO-OU,Demo Satellite,SAT-03,B,INT001,Base,31,85,215,30.3,269.7,300,0.5,0.045
DEMO-OU,Demo Satellite,SAT-03,B,INT001,Base,32,85,215,29.5,270.5,300,0.5,0.045
DEMO-OU,Demo Satellite,SAT-03,B,INT001,Base,33,85,215,28.7,271.3,300,0.5,0.045
DEMO-OU,Demo Satellite,SAT-03,B,INT001,Base,34,85,215,28,272,300,0.5,0.045
DEMO-OU,Demo Satellite,SAT-03,B,INT001,Base,35,85,215,27.3,272.7,300,0.5,0.045
DEMO-OU,Demo Satellite,SAT-03,B,INT001,Base,36,85,215,26.6,273.4,300,0.5,0.045
DEMO-OU,Demo Satellite,SAT-03,B,INT001,Alto,1,170,230,170,230,400,0.4,0.035
DEMO-OU,Demo Satellite,SAT-03,B,INT001,Alto,2,170,230,164.2,235.8,400,0.4,0.035
DEMO-OU,Demo Satellite,SAT-03,B,INT001,Alto,3,170,230,158.7,241.3,400,0.4,0.035
DEMO-OU,Demo Satellite,SAT-03,B,INT001,Alto,4,170,230,153.4,246.6,400,0.4,0.035
DEMO-OU,Demo Satellite,SAT-03,B,INT001,Alto,5,170,230,148.4,251.6,400,0.4,0.035
DEMO-OU,Demo Satellite,SAT-03,B,INT001,Alto,6,170,230,143.5,256.5,400,0.4,0.035
DEMO-OU,Demo Satellite,SAT-03,B,INT001,Alto,7,170,230,139,261,400,0.4,0.035
DEMO-OU,Demo Satellite,SAT-03,B,INT001,Alto,8,170,230,134.6,265.4,400,0.4,0.035
DEMO-OU,Demo Satellite,SAT-03,B,INT001,Alto,9,170,230,130.4,269.6,400,0.4,0.035
DEMO-OU,Demo Satellite,SAT-03,B,INT001,Alto,10,170,230,126.4,273.6,400,0.4,0.035
DEMO-OU,Demo Satellite,SAT-03,B,INT001,Alto,11,170,230,122.5,277.5,400,0.4,0.035
DEMO-OU,Demo Satellite,SAT-03,B,INT001,Alto,12,170,230,118.8,281.2,400,0.4,0.035
DEMO-OU,Demo Satellite,SAT-03,B,INT001,Alto,13,170,230,115.3,284.7,400,0.4,0.035
DEMO-OU,Demo Satellite,SAT-03,B,INT001,Alto,14,170,230,111.9,288.1,400,0.4,0.035
DEMO-OU,Demo Satellite,SAT-03,B,INT001,Alto,15,170,230,108.7,291.3,400,0.4,0.035
DEMO-OU,Demo Satellite,SAT-03,B,INT001,Alto,16,170,230,105.6,294.4,400,0.4,0.035
DEMO-OU,Demo Satellite,SAT-03,B,INT001,Alto,17,170,230,102.6,297.4,400,0.4,0.035
DEMO-OU,Demo Satellite,SAT-03,B,INT001,Alto,18,170,230,99.7,300.3,400,0.4,0.035
DEMO-OU,Demo Satellite,SAT-03,B,INT001,Alto,19,170,230,96.9,303.1,400,0.4,0.035
DEMO-OU,Demo Satellite,SAT-03,B,INT001,Alto,20,170,230,94.3,305.7,400,0.4,0.035
DEMO-OU,Demo Satellite,SAT-03,B,INT001,Alto,21,170,230,91.7,308.3,400,0.4,0.035
DEMO-OU,Demo Satellite,SAT-03,B,INT001,Alto,22,170,230,89.3,310.7,400,0.4,0.035
DEMO-OU,Demo Satellite,SAT-03,B,INT001,Alto,23,170,230,86.9,313.1,400,0.4,0.035
DEMO-OU,Demo Satellite,SAT-03,B,INT001,Alto,24,170,230,84.6,315.4,400,0.4,0.035
DEMO-OU,Demo Satellite,SAT-03,B,INT001,Alto,25,170,230,82.4,317.6,400,0.4,0.035
DEMO-OU,Demo Satellite,SAT-03,B,INT001,Alto,26,170,230,80.3,319.7,400,0.4,0.035
DEMO-OU,Demo Satellite,SAT-03,B,INT001,Alto,27,170,230,78.2,321.8,400,0.4,0.035
DEMO-OU,Demo Satellite,SAT-03,B,INT001,Alto,28,170,230,76.3,323.7,400,0.4,0.035
DEMO-OU,Demo Satellite,SAT-03,B,INT001,Alto,29,170,230,74.4,325.6,400,0.4,0.035
DEMO-OU,Demo Satellite,SAT-03,B,INT001,Alto,30,170,230,72.5,327.5,400,0.4,0.035
DEMO-OU,Demo Satellite,SAT-03,B,INT001,Alto,31,170,230,70.8,329.2,400,0.4,0.035
DEMO-OU,Demo Satellite,SAT-03,B,INT001,Alto,32,170,230,69,331,400,0.4,0.035
DEMO-OU,Demo Satellite,SAT-03,B,INT001,Alto,33,170,230,67.4,332.6,400,0.4,0.035
DEMO-OU,Demo Satellite,SAT-03,B,INT001,Alto,34,170,230,65.8,334.2,400,0.4,0.035
DEMO-OU,Demo Satellite,SAT-03,B,INT001,Alto,35,170,230,64.2,335.8,400,0.4,0.035
DEMO-OU,Demo Satellite,SAT-03,B,INT001,Alto,36,170,230,62.7,337.3,400,0.4,0.035
DEMO-OU,Demo Satellite,SAT-06,C,INT001,Bajo,1,36.7,130.3,36.7,130.3,167,0.6,0.06
DEMO-OU,Demo Satellite,SAT-06,C,INT001,Bajo,2,36.7,130.3,34.6,132.4,167,0.6,0.06
DEMO-OU,Demo Satellite,SAT-06,C,INT001,Bajo,3,36.7,130.3,32.7,134.3,167,0.6,0.06
DEMO-OU,Demo Satellite,SAT-06,C,INT001,Bajo,4,36.7,130.3,30.9,136.1,167,0.6,0.06
DEMO-OU,Demo Satellite,SAT-06,C,INT001,Bajo,5,36.7,130.3,29.3,137.7,167,0.6,0.06
DEMO-OU,Demo Satellite,SAT-06,C,INT001,Bajo,6,36.7,130.3,27.9,139.1,167,0.6,0.06
DEMO-OU,Demo Satellite,SAT-06,C,INT001,Bajo,7,36.7,130.3,26.5,140.5,167,0.6,0.06
DEMO-OU,Demo Satellite,SAT-06,C,INT001,Bajo,8,36.7,130.3,25.2,141.8,167,0.6,0.06
DEMO-OU,Demo Satellite,SAT-06,C,INT001,Bajo,9,36.7,130.3,24.1,142.9,167,0.6,0.06
DEMO-OU,Demo Satellite,SAT-06,C,INT001,Bajo,10,36.7,130.3,23,144,167,0.6,0.06
DEMO-OU,Demo Satellite,SAT-06,C,INT001,Bajo,11,36.7,130.3,22,145,167,0.6,0.06
DEMO-OU,Demo Satellite,SAT-06,C,INT001,Bajo,12,36.7,130.3,21,146,167,0.6,0.06
DEMO-OU,Demo Satellite,SAT-06,C,INT001,Bajo,13,36.7,130.3,20.2,146.8,167,0.6,0.06
DEMO-OU,Demo Satellite,SAT-06,C,INT001,Bajo,14,36.7,130.3,19.4,147.6,167,0.6,0.06
DEMO-OU,Demo Satellite,SAT-06,C,INT001,Bajo,15,36.7,130.3,18.6,148.4,167,0.6,0.06
DEMO-OU,Demo Satellite,SAT-06,C,INT001,Bajo,16,36.7,130.3,17.9,149.1,167,0.6,0.06
DEMO-OU,Demo Satellite,SAT-06,C,INT001,Bajo,17,36.7,130.3,17.2,149.8,167,0.6,0.06
DEMO-OU,Demo Satellite,SAT-06,C,INT001,Bajo,18,36.7,130.3,16.6,150.4,167,0.6,0.06
DEMO-OU,Demo Satellite,SAT-06,C,INT001,Bajo,19,36.7,130.3,16,151,167,0.6,0.06
DEMO-OU,Demo Satellite,SAT-06,C,INT001,Bajo,20,36.7,130.3,15.4,151.6,167,0.6,0.06
DEMO-OU,Demo Satellite,SAT-06,C,INT001,Bajo,21,36.7,130.3,14.9,152.1,167,0.6,0.06
DEMO-OU,Demo Satellite,SAT-06,C,INT001,Bajo,22,36.7,130.3,14.4,152.6,167,0.6,0.06
DEMO-OU,Demo Satellite,SAT-06,C,INT001,Bajo,23,36.7,130.3,13.9,153.1,167,0.6,0.06
DEMO-OU,Demo Satellite,SAT-06,C,INT001,Bajo,24,36.7,130.3,13.4,153.6,167,0.6,0.06
DEMO-OU,Demo Satellite,SAT-06,C,INT001,Bajo,25,36.7,130.3,13,154,167,0.6,0.06
DEMO-OU,Demo Satellite,SAT-06,C,INT001,Bajo,26,36.7,130.3,12.6,154.4,167,0.6,0.06
DEMO-OU,Demo Satellite,SAT-06,C,INT001,Bajo,27,36.7,130.3,12.2,154.8,167,0.6,0.06
DEMO-OU,Demo Satellite,SAT-06,C,INT001,Bajo,28,36.7,130.3,11.8,155.2,167,0.6,0.06
DEMO-OU,Demo Satellite,SAT-06,C,INT001,Bajo,29,36.7,130.3,11.5,155.5,167,0.6,0.06
DEMO-OU,Demo Satellite,SAT-06,C,INT001,Bajo,30,36.7,130.3,11.1,155.9,167,0.6,0.06
DEMO-OU,Demo Satellite,SAT-06,C,INT001,Bajo,31,36.7,130.3,10.8,156.2,167,0.6,0.06
DEMO-OU,Demo Satellite,SAT-06,C,INT001,Bajo,32,36.7,130.3,10.5,156.5,167,0.6,0.06
DEMO-OU,Demo Satellite,SAT-06,C,INT001,Bajo,33,36.7,130.3,10.2,156.8,167,0.6,0.06
DEMO-OU,Demo Satellite,SAT-06,C,INT001,Bajo,34,36.7,130.3,10,157,167,0.6,0.06
DEMO-OU,Demo Satellite,SAT-06,C,INT001,Bajo,35,36.7,130.3,9.7,157.3,167,0.6,0.06
DEMO-OU,Demo Satellite,SAT-06,C,INT001,Bajo,36,36.7,130.3,9.4,157.6,167,0.6,0.06
DEMO-OU,Demo Satellite,SAT-06,C,INT001,Base,1,110,140,110,140,250,0.5,0.045
DEMO-OU,Demo Satellite,SAT-06,C,INT001,Base,2,110,140,105.2,144.8,250,0.5,0.045
DEMO-OU,Demo Satellite,SAT-06,C,INT001,Base,3,110,140,100.7,149.3,250,0.5,0.045
DEMO-OU,Demo Satellite,SAT-06,C,INT001,Base,4,110,140,96.5,153.5,250,0.5,0.045
DEMO-OU,Demo Satellite,SAT-06,C,INT001,Base,5,110,140,92.6,157.4,250,0.5,0.045
DEMO-OU,Demo Satellite,SAT-06,C,INT001,Base,6,110,140,88.9,161.1,250,0.5,0.045
DEMO-OU,Demo Satellite,SAT-06,C,INT001,Base,7,110,140,85.4,164.6,250,0.5,0.045
DEMO-OU,Demo Satellite,SAT-06,C,INT001,Base,8,110,140,82.1,167.9,250,0.5,0.045
DEMO-OU,Demo Satellite,SAT-06,C,INT001,Base,9,110,140,79,171,250,0.5,0.045
DEMO-OU,Demo Satellite,SAT-06,C,INT001,Base,10,110,140,76.1,173.9,250,0.5,0.045
DEMO-OU,Demo Satellite,SAT-06,C,INT001,Base,11,110,140,73.3,176.7,250,0.5,0.045
DEMO-OU,Demo Satellite,SAT-06,C,INT001,Base,12,110,140,70.7,179.3,250,0.5,0.045
DEMO-OU,Demo Satellite,SAT-06,C,INT001,Base,13,110,140,68.2,181.8,250,0.5,0.045
DEMO-OU,Demo Satellite,SAT-06,C,INT001,Base,14,110,140,65.8,184.2,250,0.5,0.045
DEMO-OU,Demo Satellite,SAT-06,C,INT001,Base,15,110,140,63.6,186.4,250,0.5,0.045
DEMO-OU,Demo Satellite,SAT-06,C,INT001,Base,16,110,140,61.5,188.5,250,0.5,0.045
DEMO-OU,Demo Satellite,SAT-06,C,INT001,Base,17,110,140,59.5,190.5,250,0.5,0.045
DEMO-OU,Demo Satellite,SAT-06,C,INT001,Base,18,110,140,57.6,192.4,250,0.5,0.045
DEMO-OU,Demo Satellite,SAT-06,C,INT001,Base,19,110,140,55.7,194.3,250,0.5,0.045
DEMO-OU,Demo Satellite,SAT-06,C,INT001,Base,20,110,140,54,196,250,0.5,0.045
DEMO-OU,Demo Satellite,SAT-06,C,INT001,Base,21,110,140,52.3,197.7,250,0.5,0.045
DEMO-OU,Demo Satellite,SAT-06,C,INT001,Base,22,110,140,50.7,199.3,250,0.5,0.045
DEMO-OU,Demo Satellite,SAT-06,C,INT001,Base,23,110,140,49.2,200.8,250,0.5,0.045
DEMO-OU,Demo Satellite,SAT-06,C,INT001,Base,24,110,140,47.8,202.2,250,0.5,0.045
DEMO-OU,Demo Satellite,SAT-06,C,INT001,Base,25,110,140,46.4,203.6,250,0.5,0.045
DEMO-OU,Demo Satellite,SAT-06,C,INT001,Base,26,110,140,45.1,204.9,250,0.5,0.045
DEMO-OU,Demo Satellite,SAT-06,C,INT001,Base,27,110,140,43.8,206.2,250,0.5,0.045
DEMO-OU,Demo Satellite,SAT-06,C,INT001,Base,28,110,140,42.6,207.4,250,0.5,0.045
DEMO-OU,Demo Satellite,SAT-06,C,INT001,Base,29,110,140,41.4,208.6,250,0.5,0.045
DEMO-OU,Demo Satellite,SAT-06,C,INT001,Base,30,110,140,40.3,209.7,250,0.5,0.045
DEMO-OU,Demo Satellite,SAT-06,C,INT001,Base,31,110,140,39.2,210.8,250,0.5,0.045
DEMO-OU,Demo Satellite,SAT-06,C,INT001,Base,32,110,140,38.2,211.8,250,0.5,0.045
DEMO-OU,Demo Satellite,SAT-06,C,INT001,Base,33,110,140,37.2,212.8,250,0.5,0.045
DEMO-OU,Demo Satellite,SAT-06,C,INT001,Base,34,110,140,36.2,213.8,250,0.5,0.045
DEMO-OU,Demo Satellite,SAT-06,C,INT001,Base,35,110,140,35.3,214.7,250,0.5,0.045
DEMO-OU,Demo Satellite,SAT-06,C,INT001,Base,36,110,140,34.4,215.6,250,0.5,0.045
DEMO-OU,Demo Satellite,SAT-06,C,INT001,Alto,1,220,113,220,113,333,0.4,0.035
DEMO-OU,Demo Satellite,SAT-06,C,INT001,Alto,2,220,113,212.5,120.5,333,0.4,0.035
DEMO-OU,Demo Satellite,SAT-06,C,INT001,Alto,3,220,113,205.3,127.7,333,0.4,0.035
DEMO-OU,Demo Satellite,SAT-06,C,INT001,Alto,4,220,113,198.5,134.5,333,0.4,0.035
DEMO-OU,Demo Satellite,SAT-06,C,INT001,Alto,5,220,113,192,141,333,0.4,0.035
DEMO-OU,Demo Satellite,SAT-06,C,INT001,Alto,6,220,113,185.8,147.2,333,0.4,0.035
DEMO-OU,Demo Satellite,SAT-06,C,INT001,Alto,7,220,113,179.8,153.2,333,0.4,0.035
DEMO-OU,Demo Satellite,SAT-06,C,INT001,Alto,8,220,113,174.1,158.9,333,0.4,0.035
DEMO-OU,Demo Satellite,SAT-06,C,INT001,Alto,9,220,113,168.7,164.3,333,0.4,0.035
DEMO-OU,Demo Satellite,SAT-06,C,INT001,Alto,10,220,113,163.5,169.5,333,0.4,0.035
DEMO-OU,Demo Satellite,SAT-06,C,INT001,Alto,11,220,113,158.5,174.5,333,0.4,0.035
DEMO-OU,Demo Satellite,SAT-06,C,INT001,Alto,12,220,113,153.8,179.2,333,0.4,0.035
DEMO-OU,Demo Satellite,SAT-06,C,INT001,Alto,13,220,113,149.2,183.8,333,0.4,0.035
DEMO-OU,Demo Satellite,SAT-06,C,INT001,Alto,14,220,113,144.8,188.2,333,0.4,0.035
DEMO-OU,Demo Satellite,SAT-06,C,INT001,Alto,15,220,113,140.6,192.4,333,0.4,0.035
DEMO-OU,Demo Satellite,SAT-06,C,INT001,Alto,16,220,113,136.6,196.4,333,0.4,0.035
DEMO-OU,Demo Satellite,SAT-06,C,INT001,Alto,17,220,113,132.7,200.3,333,0.4,0.035
DEMO-OU,Demo Satellite,SAT-06,C,INT001,Alto,18,220,113,129,204,333,0.4,0.035
DEMO-OU,Demo Satellite,SAT-06,C,INT001,Alto,19,220,113,125.4,207.6,333,0.4,0.035
DEMO-OU,Demo Satellite,SAT-06,C,INT001,Alto,20,220,113,122,211,333,0.4,0.035
DEMO-OU,Demo Satellite,SAT-06,C,INT001,Alto,21,220,113,118.7,214.3,333,0.4,0.035
DEMO-OU,Demo Satellite,SAT-06,C,INT001,Alto,22,220,113,115.5,217.5,333,0.4,0.035
DEMO-OU,Demo Satellite,SAT-06,C,INT001,Alto,23,220,113,112.4,220.6,333,0.4,0.035
DEMO-OU,Demo Satellite,SAT-06,C,INT001,Alto,24,220,113,109.5,223.5,333,0.4,0.035
DEMO-OU,Demo Satellite,SAT-06,C,INT001,Alto,25,220,113,106.6,226.4,333,0.4,0.035
DEMO-OU,Demo Satellite,SAT-06,C,INT001,Alto,26,220,113,103.9,229.1,333,0.4,0.035
DEMO-OU,Demo Satellite,SAT-06,C,INT001,Alto,27,220,113,101.2,231.8,333,0.4,0.035
DEMO-OU,Demo Satellite,SAT-06,C,INT001,Alto,28,220,113,98.7,234.3,333,0.4,0.035
DEMO-OU,Demo Satellite,SAT-06,C,INT001,Alto,29,220,113,96.2,236.8,333,0.4,0.035
DEMO-OU,Demo Satellite,SAT-06,C,INT001,Alto,30,220,113,93.9,239.1,333,0.4,0.035
DEMO-OU,Demo Satellite,SAT-06,C,INT001,Alto,31,220,113,91.6,241.4,333,0.4,0.035
DEMO-OU,Demo Satellite,SAT-06,C,INT001,Alto,32,220,113,89.3,243.7,333,0.4,0.035
DEMO-OU,Demo Satellite,SAT-06,C,INT001,Alto,33,220,113,87.2,245.8,333,0.4,0.035
DEMO-OU,Demo Satellite,SAT-06,C,INT001,Alto,34,220,113,85.1,247.9,333,0.4,0.035
DEMO-OU,Demo Satellite,SAT-06,C,INT001,Alto,35,220,113,83.1,249.9,333,0.4,0.035
DEMO-OU,Demo Satellite,SAT-06,C,INT001,Alto,36,220,113,81.2,251.8,333,0.4,0.035
