well,sand,net_pay,porosity,sw,permeability
INJ-01,A,34.9,0.251,0.229,215
INJ-01,B,21.8,0.223,0.27,271
INJ-01,C,10,0.174,0.313,111
INJ-02,A,31.5,0.249,0.233,228
INJ-02,B,25.3,0.203,0.275,329
INJ-02,C,13,0.191,0.3,210
INJ-03,A,32,0.247,0.238,136
INJ-03,B,18.3,0.214,0.257,186
INJ-03,C,9.8,0.191,0.299,109
INJ-04,A,25,0.237,0.234,158
INJ-04,B,23.5,0.197,0.271,100
INJ-04,C,10.1,0.176,0.321,212
INJ-05,A,31,0.23,0.243,477
INJ-05,B,20.9,0.208,0.281,158
INJ-05,C,12.5,0.188,0.31,92
INJ-06,A,29.7,0.238,0.25,144
INJ-06,B,23.2,0.206,0.274,144
INJ-06,C,9.7,0.169,0.302,168
INJ-07,A,28.3,0.248,0.234,509
INJ-07,B,18.5,0.212,0.26,201
INJ-07,C,11.8,0.182,0.301,137
INJ-08,A,28.4,0.226,0.23,206
INJ-08,B,22.1,0.195,0.28,169
INJ-08,C,15,0.169,0.306,163
INJ-09,A,20.5,0.247,0.229,547
INJ-09,B,23,0.205,0.274,273
INJ-09,C,12.5,0.177,0.296,223
INJ-10,A,21.8,0.245,0.245,327
INJ-10,B,20.2,0.219,0.27,215
INJ-10,C,13.5,0.169,0.304,171
INJ-11,A,25.2,0.256,0.248,274
INJ-11,B,22.8,0.21,0.267,205
INJ-11,C,9.7,0.171,0.324,121
INJ-12,A,23,0.227,0.233,128
INJ-12,B,21.3,0.222,0.262,263
INJ-12,C,14.4,0.184,0.319,217
INJ-13,A,31.6,0.223,0.238,240
INJ-13,B,18.9,0.205,0.26,141
INJ-13,C,13.3,0.172,0.31,144
INJ-14,A,24.5,0.252,0.24,413
INJ-14,B,20.3,0.206,0.261,188
INJ-14,C,14.5,0.176,0.298,156
INJ-15,A,27.7,0.242,0.244,398
INJ-15,B,21.4,0.22,0.263,139
INJ-15,C,13.6,0.168,0.305,118
INJ-16,A,28.3,0.249,0.238,303
INJ-16,B,18.6,0.207,0.264,200
INJ-16,C,15.2,0.187,0.3,197
PRD-01,A,21.6,0.253,0.237,244
PRD-01,B,17.8,0.212,0.278,104
PRD-01,C,11.6,0.187,0.295,223
PRD-02,A,19.8,0.254,0.249,584
PRD-02,B,19,0.212,0.274,143
PRD-02,C,10.1,0.176,0.302,129
PRD-03,A,28.7,0.244,0.235,502
PRD-03,B,23.6,0.222,0.283,183
PRD-03,C,14.7,0.168,0.297,218
PRD-04,A,28.4,0.236,0.239,235
PRD-04,B,27,0.211,0.266,266
PRD-04,C,8.9,0.188,0.318,167
PRD-05,A,25.2,0.24,0.251,200
PRD-05,B,27.7,0.201,0.268,501
PRD-05,C,10.2,0.173,0.309,95
PRD-06,A,24.3,0.224,0.247,474
PRD-06,B,19.3,0.198,0.264,185
PRD-06,C,15.4,0.18,0.297,182
PRD-07,A,31.1,0.236,0.238,212
PRD-07,B,17.3,0.216,0.278,173
PRD-07,C,12.1,0.169,0.316,202
PRD-08,A,19.7,0.257,0.235,275
PRD-08,B,17.1,0.213,0.265,120
PRD-08,C,10.3,0.168,0.297,205
PRD-09,A,34.2,0.243,0.249,250
PRD-09,B,22.9,0.222,0.271,205
PRD-09,C,11.3,0.174,0.307,224
PRD-10,A,29.8,0.236,0.233,274
PRD-10,B,27,0.214,0.258,302
PRD-10,C,9.9,0.187,0.298,131
PRD-11,A,26.9,0.255,0.243,435
PRD-11,B,20.5,0.215,0.261,286
PRD-11,C,11.9,0.191,0.303,123
PRD-12,A,35.2,0.246,0.235,262
PRD-12,B,21.5,0.215,0.261,180
PRD-12,C,12.4,0.176,0.308,134
PRD-13,A,28.6,0.247,0.236,374
PRD-13,B,22.4,0.202,0.283,219
PRD-13,C,13.6,0.178,0.295,194
PRD-14,A,34.1,0.239,0.24,186
PRD-14,B,16.4,0.221,0.269,173
PRD-14,C,14.9,0.18,0.298,103
PRD-15,A,25.4,0.249,0.242,451
PRD-15,B,19.8,0.2,0.27,155
PRD-15,C,13.7,0.191,0.301,155
PRD-16,A,23.7,0.227,0.241,179
PRD-16,B,28.4,0.204,0.281,103
PRD-16,C,13.1,0.186,0.296,159
PRD-17,A,35.1,0.25,0.229,508
PRD-17,B,15.5,0.209,0.28,136
PRD-17,C,8.7,0.169,0.309,135
PRD-18,A,28.9,0.235,0.247,666
PRD-18,B,20.8,0.22,0.279,212
PRD-18,C,15,0.182,0.321,152
PRD-19,A,20.6,0.241,0.25,302
PRD-19,B,27.3,0.208,0.276,188
PRD-19,C,13.9,0.192,0.311,219
PRD-20,A,25.9,0.233,0.234,266
PRD-20,B,16.5,0.222,0.265,193
PRD-20,C,8.8,0.169,0.306,207
PRD-21,A,28.4,0.247,0.243,243
PRD-21,B,18.5,0.199,0.269,202
PRD-21,C,10.3,0.183,0.315,164
PRD-22,A,34.6,0.231,0.236,298
PRD-22,B,20.8,0.197,0.257,188
PRD-22,C,14,0.167,0.32,49
PRD-23,A,31.9,0.253,0.23,234
PRD-23,B,23.6,0.215,0.28,175
PRD-23,C,13.5,0.182,0.315,167
PRD-24,A,34.4,0.235,0.234,312
PRD-24,B,28.6,0.201,0.272,165
PRD-24,C,13.1,0.187,0.311,199
PRD-25,A,27.4,0.228,0.247,229
PRD-25,B,25.9,0.204,0.283,250
PRD-25,C,10.8,0.171,0.299,126
