Prototype,Version,DWI,Sec_RF,DWP,Util,WOR
Demo analog,v1,0,0,0,,
Demo analog,v1,0.05,0.00494415583048231,0.0664120866655021,8.38297617560214,2.32287703363019
Demo analog,v1,0.1,0.015536552614979,0.0869974085040254,5.62748413428409,1.93852137405551
Demo analog,v1,0.15,0.0322407329070406,0.112585579201814,3.97418890949325,1.73915070898247
Demo analog,v1,0.2,0.0498298543711497,0.13954704982664,3.42309050122964,1.67735926890308
Demo analog,v1,0.25,0.0649597918736801,0.170072720113016,3.59378387416174,1.85684015128718
Demo analog,v1,0.3,0.077615453529912,0.19884640880445,3.93763430594286,2.24928131884032
Demo analog,v1,0.35,0.090144248105811,0.229583177862463,4.69987277113137,2.96153168787238
Demo analog,v1,0.4,0.0988553053369519,0.264554134142642,5.32918758681693,3.68676215456398
Demo analog,v1,0.45,0.106137954020051,0.301027160560151,6.02135978680856,4.36818531691883
Demo analog,v1,0.5,0.112806478818296,0.338350767176257,6.61539502917177,4.82569715388424
Demo analog,v1,0.55,0.118581263315853,0.376196212241757,7.36068148619492,5.23836222094562
Demo analog,v1,0.6,0.124124141802046,0.413624406923112,7.99160913560456,5.52009297315819
Demo analog,v1,0.65,0.129503238815659,0.453017536234427,8.33009805842054,6.05550076240593
Demo analog,v1,0.7,0.139175137186475,0.489199307782016,8.7416730914143,6.57628415207545
Demo analog,v1,0.75,0.150565588573444,0.523911576684246,9.1448150365335,7.41107543496528
Demo analog,v1,0.8,0.160481179096669,0.560877870107181,9.5747380250282,8.20119971596962
Demo analog,v1,0.85,0.169230908507789,0.598797424808894,9.7498837815328,9.00602151470221
Demo analog,v1,0.9,0.176909172298094,0.639668046316297,9.80447717409359,9.42659788728949
Demo analog,v1,0.95,0.18732516715139,0.677707324110023,9.90486719126159,9.52406310571608
Demo analog,v1,1,0.192580517351592,0.720543460641895,10.1940306193932,9.5175035651609
Demo analog,v1,1.05,0.197850941037687,0.752785099790398,10.4712549246862,9.51094854238053
Demo analog,v1,1.1,0.20346589984546,0.79632207812487,10.6480892128113,9.50439803426341
Demo analog,v1,1.15,0.20585507138919,0.825848282162325,10.640113997254,9.59407247627369
Demo analog,v1,1.2,0.214515599691964,0.825848282162325,10.6593829363694,9.68750599782245
Demo analog,v1,1.25,0.219343009883459,0.85584303472898,10.7736322740676,9.96031209992646
Demo analog,v1,1.3,0.224024925576867,0.902030252299238,11.1859896814567,10.6180832863684
Demo analog,v1,1.35,0.228285981189057,0.946130565500336,12.1291479296815,11.6091483108828
Demo analog,v1,1.4,0.232013528584723,0.992728834072904,13.5597051596143,12.4652966502101
Demo analog,v1,1.45,0.232013528584723,0.992728834072904,15.221539425483,12.7883431172886
Demo analog,v1,1.5,0.232013528584723,1.0100230408884,16.868780978641,12.879099783332
Demo analog,v1,1.55,0.234264380776942,1.05639566714193,17.9336431515081,12.8746686510377
Demo analog,v1,1.6,0.236820568452275,1.11138722804765,18.4578264951905,12.8702390433012
Demo analog,v1,1.65,0.239221675730053,1.16351148064435,18.0394641891229,12.8352466327952
Demo analog,v1,1.7,0.283586154083357,1.16351148064435,17.2312791805844,12.9307850799345
Demo analog,v1,1.75,0.286970516296977,1.19916510724114,16.0114013950901,13.2547311414357
Demo analog,v1,1.8,0.290331777216711,1.24927569734136,14.7542151651609,13.6757615366105
Demo analog,v1,1.85,0.338896518072718,1.24927569734136,13.8868516377024,14.2804060456451
Demo analog,v1,1.9,0.343245676877678,1.28392959682011,13.4311808872,14.7786597270953
Demo analog,v1,1.95,0.347360944105274,1.33772519867471,13.7138456323901,15.6057686936665
Demo analog,v1,2,0.351105114321003,1.39003635890725,14.4972391262388,16.5171302383084
Demo analog,v1,2.05,0.354717920635837,1.44159559816203,15.7813613687461,17.6336963170479
