pattern,sand,stooip,area,net_pay,porosity,swi,permeability,boi
P01,A,2700000,247.1,22.6,0.24,0.24,253,1.18
P01,B,1840000,247.1,26.4,0.205,0.27,203,1.16
P01,C,1109000,247.1,9.7,0.177,0.31,240,1.14
P02,A,2709000,247.1,25.3,0.235,0.24,177,1.18
P02,B,2278000,247.1,22.5,0.219,0.27,152,1.16
P02,C,1222000,247.1,13.4,0.187,0.31,186,1.14
P03,A,1804000,247.1,25.4,0.235,0.24,306,1.18
P03,B,1618000,247.1,24,0.217,0.27,263,1.16
P03,C,729000,247.1,12.5,0.185,0.31,203,1.14
P04,A,3263000,247.1,31.5,0.252,0.24,302,1.18
P04,B,2648000,247.1,18.1,0.208,0.27,170,1.16
P04,C,1413000,247.1,13.2,0.174,0.31,179,1.14
P05,A,2167000,247.1,33.5,0.245,0.24,234,1.18
P05,B,1457000,247.1,19.9,0.215,0.27,233,1.16
P05,C,714000,247.1,10.7,0.186,0.31,157,1.14
P06,A,2134000,247.1,23.4,0.228,0.24,220,1.18
P06,B,1709000,247.1,18.7,0.2,0.27,230,1.16
P06,C,980000,247.1,12.5,0.188,0.31,203,1.14
P07,A,2993000,247.1,26.8,0.238,0.24,290,1.18
P07,B,2393000,247.1,18.5,0.206,0.27,156,1.16
P07,C,1524000,247.1,13.7,0.179,0.31,179,1.14
P08,A,3455000,247.1,23.6,0.251,0.24,308,1.18
P08,B,2442000,247.1,18.4,0.213,0.27,288,1.16
P08,C,1115000,247.1,13.6,0.188,0.31,128,1.14
P09,A,2716000,247.1,32.6,0.244,0.24,352,1.18
P09,B,2161000,247.1,22.6,0.205,0.27,164,1.16
P09,C,1072000,247.1,14.2,0.188,0.31,203,1.14
P10,A,2897000,247.1,28.2,0.244,0.24,261,1.18
P10,B,1902000,247.1,20,0.211,0.27,124,1.16
P10,C,978000,247.1,12.9,0.175,0.31,116,1.14
P11,A,2101000,247.1,25,0.244,0.24,221,1.18
P11,B,1833000,247.1,19.5,0.216,0.27,129,1.16
P11,C,948000,247.1,13.3,0.181,0.31,206,1.14
P12,A,3886000,247.1,23.7,0.229,0.24,204,1.18
P12,B,2888000,247.1,26.2,0.205,0.27,136,1.16
P12,C,1403000,247.1,10.1,0.179,0.31,162,1.14
P13,A,2369000,247.1,31.1,0.245,0.24,245,1.18
P13,B,2141000,247.1,18.5,0.204,0.27,269,1.16
P13,C,1174000,247.1,12.3,0.186,0.31,142,1.14
P14,A,3872000,247.1,30.4,0.236,0.24,339,1.18
P14,B,2643000,247.1,18.6,0.214,0.27,201,1.16
P14,C,1394000,247.1,10.8,0.188,0.31,156,1.14
P15,A,3531000,247.1,28.8,0.239,0.24,345,1.18
P15,B,2211000,247.1,19.6,0.202,0.27,170,1.16
P15,C,1279000,247.1,12.4,0.184,0.31,87,1.14
P16,A,3212000,247.1,23.4,0.246,0.24,273,1.18
P16,B,2543000,247.1,20.1,0.204,0.27,183,1.16
P16,C,1139000,247.1,12.7,0.187,0.31,235,1.14
