Pattern,Reservoir,Sand,STOIIP,HCPV,H,Phi,Sw,K
P01,RES-1,A,1973000,2210000,29.3,0.258,0.3,678
P01,RES-1,B,1412000,1581000,19.6,0.232,0.32,575
P01,RES-1,C,1851000,2073000,27.4,0.236,0.3,648
P02,RES-1,A,1853000,2075000,26.4,0.257,0.3,1404
P02,RES-1,B,1500000,1680000,21.8,0.224,0.32,423
P02,RES-1,C,2192000,2455000,30.6,0.251,0.3,590
P03,RES-1,A,2072000,2321000,33.2,0.254,0.3,917
P03,RES-1,B,1706000,1911000,22.1,0.24,0.32,590
P03,RES-1,C,2296000,2571000,27.6,0.242,0.3,489
P04,RES-1,A,1458000,1633000,28.8,0.26,0.3,1032
P04,RES-1,B,1212000,1358000,22,0.222,0.32,324
P04,RES-1,C,1489000,1668000,26.8,0.231,0.3,437
P05,RES-1,A,2384000,2670000,30,0.245,0.3,1328
P05,RES-1,B,1740000,1949000,22.7,0.23,0.32,602
P05,RES-1,C,2540000,2845000,30.8,0.237,0.3,729
P06,RES-1,A,2045000,2290000,31.2,0.248,0.3,1139
P06,RES-1,B,1512000,1694000,22.2,0.241,0.32,712
P06,RES-1,C,2339000,2620000,26.7,0.242,0.3,777
P07,RES-1,A,1874000,2099000,31.9,0.252,0.3,654
P07,RES-1,B,1476000,1653000,21.8,0.24,0.32,392
P07,RES-1,C,1826000,2045000,30,0.242,0.3,686
P08,RES-1,A,1712000,1917000,26,0.256,0.3,985
P08,RES-1,B,1345000,1506000,21.8,0.229,0.32,529
P08,RES-1,C,1744000,1953000,28.4,0.228,0.3,502
P09,RES-1,A,1939000,2172000,29.3,0.259,0.3,823
P09,RES-1,B,1411000,1580000,20.6,0.222,0.32,622
P09,RES-1,C,1796000,2011000,29.2,0.232,0.3,821
P10,RES-1,A,1830000,2050000,32.9,0.254,0.3,1567
P10,RES-1,B,1486000,1664000,23.7,0.237,0.32,494
P10,RES-1,C,1933000,2165000,25.1,0.242,0.3,474
P11,RES-1,A,2013000,2255000,32,0.243,0.3,855
P11,RES-1,B,1671000,1871000,19.1,0.241,0.32,385
P11,RES-1,C,2342000,2623000,25.2,0.229,0.3,513
P12,RES-1,A,2454000,2748000,26,0.253,0.3,848
P12,RES-1,B,1854000,2076000,23.2,0.231,0.32,326
P12,RES-1,C,2528000,2831000,29.4,0.245,0.3,700
P13,RES-1,A,1677000,1878000,29.3,0.259,0.3,983
P13,RES-1,B,1308000,1465000,23.9,0.234,0.32,453
P13,RES-1,C,1693000,1896000,24.1,0.249,0.3,663
P14,RES-1,A,1544000,1729000,28.4,0.26,0.3,666
P14,RES-1,B,1167000,1307000,19.6,0.239,0.32,752
P14,RES-1,C,1658000,1857000,24.9,0.231,0.3,602
P15,RES-1,A,1879000,2105000,32,0.246,0.3,882
P15,RES-1,B,1402000,1570000,20.4,0.223,0.32,515
P15,RES-1,C,1692000,1895000,31.3,0.233,0.3,791
P16,RES-1,A,1857000,2080000,33.9,0.241,0.3,781
P16,RES-1,B,1409000,1578000,20.5,0.24,0.32,629
P16,RES-1,C,1877000,2102000,26.5,0.238,0.3,698
P01,RES-2,D,994000,1133000,15.1,0.205,0.35,291
P01,RES-2,E,753000,858000,13.7,0.191,0.36,129
P02,RES-2,D,1085000,1237000,12.8,0.208,0.35,145
P02,RES-2,E,774000,882000,11.3,0.192,0.36,113
P03,RES-2,D,1002000,1142000,15.4,0.211,0.35,315
P03,RES-2,E,791000,902000,13.3,0.193,0.36,166
P04,RES-2,D,732000,835000,14.5,0.204,0.35,336
P04,RES-2,E,490000,559000,13.7,0.208,0.36,92
P05,RES-2,D,1061000,1209000,13.4,0.218,0.35,167
P05,RES-2,E,868000,989000,13.4,0.207,0.36,130
P06,RES-2,D,1048000,1195000,14.2,0.22,0.35,141
P06,RES-2,E,759000,865000,12.6,0.199,0.36,125
P07,RES-2,D,857000,977000,17.2,0.204,0.35,282
P07,RES-2,E,569000,649000,11.6,0.194,0.36,179
P08,RES-2,D,904000,1030000,16.8,0.208,0.35,264
P08,RES-2,E,559000,637000,10.4,0.192,0.36,154
P09,RES-2,D,988000,1126000,13.9,0.2,0.35,216
P09,RES-2,E,685000,781000,12.7,0.202,0.36,246
P10,RES-2,D,1003000,1143000,15.5,0.205,0.35,444
P10,RES-2,E,690000,787000,12.8,0.192,0.36,141
P11,RES-2,D,1164000,1327000,16,0.214,0.35,175
P11,RES-2,E,732000,834000,12.1,0.192,0.36,138
P12,RES-2,D,1179000,1344000,14.5,0.214,0.35,207
P12,RES-2,E,857000,977000,12.9,0.195,0.36,107
P13,RES-2,D,859000,979000,17,0.205,0.35,255
P13,RES-2,E,6e+05,684000,13.5,0.194,0.36,139
P14,RES-2,D,821000,936000,16.6,0.214,0.35,182
P14,RES-2,E,553000,630000,13.7,0.202,0.36,134
P15,RES-2,D,978000,1115000,14.2,0.218,0.35,255
P15,RES-2,E,582000,663000,10.8,0.208,0.36,241
P16,RES-2,D,982000,1120000,15.1,0.206,0.35,265
P16,RES-2,E,627000,715000,10.8,0.196,0.36,136
