Well,Date,Status,Lift,DFL
PRD-01,2025-01-01,ACTIVE,BEAM,239
PRD-01,2025-04-01,ACTIVE,BEAM,220
PRD-01,2025-07-01,ACTIVE,BEAM,493
PRD-01,2025-10-01,ACTIVE,BEAM,529
PRD-01,2026-01-01,ACTIVE,BEAM,245
PRD-01,2026-04-01,ACTIVE,BEAM,170
PRD-01,2026-07-01,ACTIVE,BEAM,333
PRD-02,2025-01-01,ACTIVE,BEAM,253
PRD-02,2025-04-01,ACTIVE,PCP,234
PRD-02,2025-07-01,ACTIVE,BEAM,227
PRD-02,2025-10-01,ACTIVE,BEAM,203
PRD-02,2026-01-01,ACTIVE,BEAM,285
PRD-02,2026-04-01,ACTIVE,BEAM,490
PRD-02,2026-07-01,ACTIVE,BEAM,416
PRD-03,2025-01-01,ACTIVE,BEAM,504
PRD-03,2025-04-01,ACTIVE,PCP,435
PRD-03,2025-07-01,ACTIVE,BEAM,339
PRD-03,2025-10-01,ACTIVE,ESP,280
PRD-03,2026-01-01,ACTIVE,BEAM,410
PRD-03,2026-04-01,ACTIVE,PCP,244
PRD-03,2026-07-01,ACTIVE,BEAM,475
PRD-04,2025-01-01,ACTIVE,PCP,452
PRD-04,2025-04-01,ACTIVE,BEAM,389
PRD-04,2025-07-01,ACTIVE,BEAM,380
PRD-04,2025-10-01,ACTIVE,BEAM,220
PRD-04,2026-01-01,ACTIVE,BEAM,564
PRD-04,2026-04-01,ACTIVE,BEAM,487
PRD-04,2026-07-01,ACTIVE,ESP,387
PRD-05,2025-01-01,ACTIVE,ESP,436
PRD-05,2025-04-01,ACTIVE,ESP,329
PRD-05,2025-07-01,ACTIVE,BEAM,517
PRD-05,2025-10-01,ACTIVE,PCP,532
PRD-05,2026-01-01,ACTIVE,BEAM,214
PRD-05,2026-04-01,ACTIVE,BEAM,365
PRD-05,2026-07-01,ACTIVE,BEAM,552
PRD-06,2025-01-01,ACTIVE,BEAM,193
PRD-06,2025-04-01,ACTIVE,BEAM,368
PRD-06,2025-07-01,ACTIVE,BEAM,217
PRD-06,2025-10-01,ACTIVE,BEAM,244
PRD-06,2026-01-01,ACTIVE,BEAM,448
PRD-06,2026-04-01,ACTIVE,BEAM,232
PRD-06,2026-07-01,ACTIVE,PCP,418
PRD-07,2025-01-01,ACTIVE,BEAM,247
PRD-07,2025-04-01,ACTIVE,ESP,320
PRD-07,2025-07-01,ACTIVE,PCP,405
PRD-07,2025-10-01,ACTIVE,BEAM,254
PRD-07,2026-01-01,ACTIVE,BEAM,465
PRD-07,2026-04-01,ACTIVE,ESP,329
PRD-07,2026-07-01,ACTIVE,ESP,300
PRD-08,2025-01-01,ACTIVE,BEAM,1302
PRD-08,2025-04-01,ACTIVE,BEAM,1598
PRD-08,2025-07-01,ACTIVE,PCP,1628
PRD-08,2025-10-01,ACTIVE,BEAM,1559
PRD-08,2026-01-01,ACTIVE,BEAM,1597
PRD-08,2026-04-01,ACTIVE,BEAM,1392
PRD-08,2026-07-01,ACTIVE,BEAM,1349
PRD-09,2025-01-01,ACTIVE,BEAM,1654
PRD-09,2025-04-01,ACTIVE,BEAM,1307
PRD-09,2025-07-01,ACTIVE,BEAM,1579
PRD-09,2025-10-01,ACTIVE,ESP,1632
PRD-09,2026-01-01,ACTIVE,BEAM,1426
PRD-09,2026-04-01,ACTIVE,ESP,1485
PRD-09,2026-07-01,ACTIVE,BEAM,1316
PRD-10,2025-01-01,ACTIVE,PCP,282
PRD-10,2025-04-01,ACTIVE,BEAM,319
PRD-10,2025-07-01,ACTIVE,ESP,497
PRD-10,2025-10-01,ACTIVE,BEAM,541
PRD-10,2026-01-01,ACTIVE,ESP,564
PRD-10,2026-04-01,ACTIVE,BEAM,264
PRD-10,2026-07-01,ACTIVE,ESP,308
PRD-11,2025-01-01,ACTIVE,BEAM,545
PRD-11,2025-04-01,ACTIVE,BEAM,368
PRD-11,2025-07-01,ACTIVE,BEAM,490
PRD-11,2025-10-01,ACTIVE,BEAM,479
PRD-11,2026-01-01,ACTIVE,BEAM,445
PRD-11,2026-04-01,ACTIVE,ESP,550
PRD-11,2026-07-01,ACTIVE,BEAM,296
PRD-12,2025-01-01,ACTIVE,ESP,161
PRD-12,2025-04-01,ACTIVE,BEAM,275
PRD-12,2025-07-01,ACTIVE,BEAM,477
PRD-12,2025-10-01,ACTIVE,PCP,197
PRD-12,2026-01-01,ACTIVE,BEAM,300
PRD-12,2026-04-01,ACTIVE,BEAM,275
PRD-12,2026-07-01,ACTIVE,PCP,302
PRD-13,2025-01-01,ACTIVE,BEAM,1729
PRD-13,2025-04-01,ACTIVE,BEAM,1541
PRD-13,2025-07-01,ACTIVE,BEAM,1623
PRD-13,2025-10-01,ACTIVE,BEAM,1348
PRD-13,2026-01-01,ACTIVE,BEAM,1492
PRD-13,2026-04-01,ACTIVE,PCP,1721
PRD-13,2026-07-01,ACTIVE,BEAM,1601
PRD-14,2025-01-01,ACTIVE,BEAM,1586
PRD-14,2025-04-01,ACTIVE,BEAM,1510
PRD-14,2025-07-01,ACTIVE,BEAM,1382
PRD-14,2025-10-01,ACTIVE,BEAM,1594
PRD-14,2026-01-01,ACTIVE,PCP,1641
PRD-14,2026-04-01,ACTIVE,PCP,1614
PRD-14,2026-07-01,ACTIVE,BEAM,1630
PRD-15,2025-01-01,ACTIVE,BEAM,264
PRD-15,2025-04-01,ACTIVE,BEAM,202
PRD-15,2025-07-01,ACTIVE,ESP,461
PRD-15,2025-10-01,ACTIVE,BEAM,234
PRD-15,2026-01-01,ACTIVE,PCP,475
PRD-15,2026-04-01,ACTIVE,BEAM,425
PRD-15,2026-07-01,ACTIVE,BEAM,519
PRD-16,2025-01-01,ACTIVE,BEAM,534
PRD-16,2025-04-01,ACTIVE,ESP,176
PRD-16,2025-07-01,ACTIVE,BEAM,356
PRD-16,2025-10-01,ACTIVE,BEAM,209
PRD-16,2026-01-01,ACTIVE,ESP,212
PRD-16,2026-04-01,ACTIVE,PCP,411
PRD-16,2026-07-01,ACTIVE,ESP,584
PRD-17,2025-01-01,ACTIVE,BEAM,331
PRD-17,2025-04-01,ACTIVE,BEAM,590
PRD-17,2025-07-01,ACTIVE,BEAM,323
PRD-17,2025-10-01,ACTIVE,BEAM,160
PRD-17,2026-01-01,ACTIVE,BEAM,597
PRD-17,2026-04-01,ACTIVE,BEAM,475
PRD-17,2026-07-01,ACTIVE,ESP,154
PRD-18,2025-01-01,ACTIVE,BEAM,395
PRD-18,2025-04-01,ACTIVE,PCP,203
PRD-18,2025-07-01,ACTIVE,PCP,260
PRD-18,2025-10-01,ACTIVE,BEAM,298
PRD-18,2026-01-01,ACTIVE,BEAM,541
PRD-18,2026-04-01,ACTIVE,BEAM,330
PRD-18,2026-07-01,ACTIVE,ESP,271
PRD-19,2025-01-01,ACTIVE,PCP,243
PRD-19,2025-04-01,ACTIVE,BEAM,544
PRD-19,2025-07-01,ACTIVE,BEAM,283
PRD-19,2025-10-01,ACTIVE,ESP,193
PRD-19,2026-01-01,ACTIVE,BEAM,526
PRD-19,2026-04-01,ACTIVE,BEAM,224
PRD-19,2026-07-01,ACTIVE,BEAM,460
PRD-20,2025-01-01,ACTIVE,BEAM,224
PRD-20,2025-04-01,ACTIVE,PCP,186
PRD-20,2025-07-01,ACTIVE,BEAM,273
PRD-20,2025-10-01,ACTIVE,BEAM,588
PRD-20,2026-01-01,ACTIVE,PCP,167
PRD-20,2026-04-01,ACTIVE,BEAM,405
PRD-20,2026-07-01,ACTIVE,BEAM,549
PRD-21,2025-01-01,ACTIVE,BEAM,563
PRD-21,2025-04-01,ACTIVE,ESP,442
PRD-21,2025-07-01,ACTIVE,BEAM,552
PRD-21,2025-10-01,ACTIVE,BEAM,523
PRD-21,2026-01-01,ACTIVE,BEAM,151
PRD-21,2026-04-01,ACTIVE,BEAM,380
PRD-21,2026-07-01,ACTIVE,BEAM,359
PRD-22,2025-01-01,ACTIVE,ESP,508
PRD-22,2025-04-01,ACTIVE,BEAM,376
PRD-22,2025-07-01,ACTIVE,BEAM,419
PRD-22,2025-10-01,ACTIVE,PCP,550
PRD-22,2026-01-01,ACTIVE,BEAM,427
PRD-22,2026-04-01,ACTIVE,BEAM,378
PRD-22,2026-07-01,ACTIVE,BEAM,177
PRD-23,2025-01-01,ACTIVE,BEAM,229
PRD-23,2025-04-01,ACTIVE,BEAM,182
PRD-23,2025-07-01,ACTIVE,BEAM,503
PRD-23,2025-10-01,ACTIVE,PCP,250
PRD-23,2026-01-01,ACTIVE,BEAM,571
PRD-23,2026-04-01,ACTIVE,ESP,358
PRD-23,2026-07-01,ACTIVE,BEAM,480
PRD-24,2025-01-01,ACTIVE,BEAM,475
PRD-24,2025-04-01,ACTIVE,ESP,246
PRD-24,2025-07-01,ACTIVE,BEAM,509
PRD-24,2025-10-01,ACTIVE,BEAM,592
PRD-24,2026-01-01,ACTIVE,PCP,321
PRD-24,2026-04-01,ACTIVE,BEAM,346
PRD-24,2026-07-01,ACTIVE,ESP,258
PRD-25,2025-01-01,ACTIVE,ESP,246
PRD-25,2025-04-01,ACTIVE,BEAM,312
PRD-25,2025-07-01,ACTIVE,BEAM,225
PRD-25,2025-10-01,ACTIVE,BEAM,592
PRD-25,2026-01-01,ACTIVE,BEAM,171
PRD-25,2026-04-01,ACTIVE,BEAM,348
PRD-25,2026-07-01,ACTIVE,PCP,219
